<?xml version="1.0" encoding="UTF-8"?>
<PublicationDelivery xmlns="http://www.netex.org.uk/netex" xmlns:siri="http://www.siri.org.uk/siri" xmlns:gml="http://www.opengis.net/gml/3.2" xmlns:core="http://www.govtalk.gov.uk/core" xmlns:xlink="http://www.w3.org/1999/xlink" xmlns:ifopt="http://www.ifopt.org.uk/ifopt" xmlns:xsi="http://www.w3.org/2001/XMLSchema-instance" xsi:schemaLocation="http://www.netex.org.uk/netex ../../../../xsd/NeTEx_publication.xsd">
	<PublicationTimestamp>2016-12-22T12:00:00Z</PublicationTimestamp>
	<ParticipantRef>NSR</ParticipantRef>
	<Description>PublicationDelivery med CompositeFrame som setter ValidityCondition for -alle- underliggende frames</Description>
	<dataObjects>
		<!-- CompositeFrame brukes å samle ulike frames med samme ValidityCondition -->
		<CompositeFrame version="any" created="2016-12-22T12:00:00Z" id="NSR:CompositeFrame:NUMBER">
			<!-- Gyldighetsperiode (merk at denne gjelder implisitt for ALLE frames i CompositeFrame) -->
			<validityConditions>
				<AvailabilityCondition version="any" id="NSR:AvailabilityCondition:NUMBER"/>
			</validityConditions>
			<frames>
				<ResourceFrame id="NSR:ResourceFrame:NUMBER" version="any"/>
				<SiteFrame id="NSR:SiteFrame" version="any"/>
				<ServiceFrame id="NSR:ServiceFrame" version="any"/>
				<ServiceCalendarFrame id="NRH:ServiceCalendarFrame" version="any"/>
				<TimetableFrame id="NSR:TimetableFrame:NUMBER" version="any"/>
			</frames>
		</CompositeFrame>
	</dataObjects>
</PublicationDelivery>
