<?xml version="1.0" encoding="UTF-8"?>
<PublicationDelivery xmlns="http://www.netex.org.uk/netex" xmlns:siri="http://www.siri.org.uk/siri" xmlns:gml="http://www.opengis.net/gml/3.2" xmlns:core="http://www.govtalk.gov.uk/core" xmlns:xlink="http://www.w3.org/1999/xlink" xmlns:ifopt="http://www.ifopt.org.uk/ifopt" xmlns:xsi="http://www.w3.org/2001/XMLSchema-instance" xsi:schemaLocation="http://www.netex.org.uk/netex ../../../../xsd/NeTEx_publication.xsd">
	<PublicationTimestamp>2016-12-22T12:00:00Z</PublicationTimestamp>
	<ParticipantRef>NSR</ParticipantRef>
	<Description>PublicationDelivery med separate frames og ValidityCondition per frame</Description>
	<dataObjects>
		<ResourceFrame id="NSR:ResourceFrame:NUMBER" version="any">
			<!-- Gyldighetsperiode ResourceFrame -->
			<validityConditions>
				<AvailabilityCondition version="any" id="NSR:AvailabilityCondition:ResourceFrame"/>
			</validityConditions>
		</ResourceFrame>
		<SiteFrame id="NSR:SiteFrame" version="any">
			<!-- Gyldighetsperiode SiteFrame -->
			<validityConditions>
				<AvailabilityCondition version="any" id="NSR:AvailabilityCondition:SiteFrame"/>
			</validityConditions>
		</SiteFrame>
		<ServiceFrame id="NSR:ServiceFrame" version="any">
			<!-- Gyldighetsperiode ServiceFrame -->
			<validityConditions>
				<AvailabilityCondition version="any" id="NSR:AvailabilityCondition:ServiceFrame"/>
			</validityConditions>
		</ServiceFrame>
		<ServiceCalendarFrame id="NRH:ServiceCalendarFrame" version="any">
			<!-- Gyldighetsperiode CalendarFrame -->
			<validityConditions>
				<AvailabilityCondition version="any" id="NSR:AvailabilityCondition:CalendarFrame"/>
			</validityConditions>
		</ServiceCalendarFrame>
		<TimetableFrame id="NSR:TimetableFrame:NUMBER" version="any">
			<!-- Gyldighetsperiode TimetableFrame -->
			<validityConditions>
				<AvailabilityCondition version="any" id="NSR:AvailabilityCondition:NUMBER"/>
			</validityConditions>
		</TimetableFrame>
	</dataObjects>
</PublicationDelivery>
