<?xml version="1.0" encoding="UTF-8"?>
<!--NeTEx example: locations for Marne-la-vallee area as grouping of SCHEDULED STOP PLACE and POINT OF INTEREST.

Each LOCATION IS Represented as a SCHEDULED STOP POINT.
   This allows the physical characteristics to be described - e.g.  platforms could be added.

A REOURCE FRAME is used to hold the definitions  of ORGANISATIONs referenced by the Stops
A SERVICE FRAME is used to hold the current set of stops.
A COMPOSITE FRAME IS used for grouping the other frames.

-->
<PublicationDelivery xmlns:gml="http://www.opengis.net/gml/3.2" xmlns:siri="http://www.siri.org.uk/siri" xmlns="http://www.netex.org.uk/netex" xmlns:xsi="http://www.w3.org/2001/XMLSchema-instance" xsi:schemaLocation="http://www.netex.org.uk/netex ../../../xsd/NeTEx_publication.xsd" version="1.0">
	<PublicationTimestamp>2009-02-24T16:32:00</PublicationTimestamp>
	<ParticipantRef>TAP</ParticipantRef>
	<dataObjects>
		<CompositeFrame id="tap:CompositeFrame:Cf_01" version="any">
			<validityConditions>
				<AvailabilityCondition id="tap:AvailabilityCondition:2009-02-24T1632_CompositeFrame" version="any">
					<FromDate>2009-02-24T00:00:00</FromDate>
				</AvailabilityCondition>
			</validityConditions>
			<!--- ======= CODESPACEs======== -->
			<codespaces>
				<Codespace id="tap">
					<Xmlns>tap</Xmlns>
					<XmlnsUrl>http://www.era.eu/codes</XmlnsUrl>
					<Description>European Rail Authority</Description>
				</Codespace>
				<Codespace id="uic">
					<Xmlns>uic</Xmlns>
					<XmlnsUrl>http://www.uic.org/</XmlnsUrl>
					<Description>UIC data</Description>
				</Codespace>
			</codespaces>
			<!--- =======FRAME DEFAULTS======== -->
			<FrameDefaults>
				<DefaultCodespaceRef ref="tap"/>
			</FrameDefaults>
			<frames>
				<ResourceFrame id="tap:RessourceFrame:Rf_01" version="any">
					<responsibilitySets>
						<ResponsibilitySet id="tap:ResponsibilitySet:collects:0003" version="any">
							<roles>
								<ResponsibilityRoleAssignment id="tap:ResponsibilityRoleAssignment:collects:0003" version="any">
									<DataRoleType>collects</DataRoleType>
								</ResponsibilityRoleAssignment>
							</roles>
						</ResponsibilitySet>
						<ResponsibilitySet id="tap:ResponsibilitySet:distributes:0003" version="any">
							<roles>
								<ResponsibilityRoleAssignment id="tap:ResponsibilityRoleAssignment:distributes:0003" version="any">
									<DataRoleType>distributes</DataRoleType>
								</ResponsibilityRoleAssignment>
							</roles>
						</ResponsibilitySet>
					</responsibilitySets>
				</ResourceFrame>
			</frames>
		</CompositeFrame>
		<ServiceFrame responsibilitySetRef="tap:ResponsibilitySet:collects:0003" id="Sv01" version="any">
			<validityConditions>
				<AvailabilityCondition id="tap:AvailabilityCondition:2009-02-24T1632_ServiceFrame" version="any">
					<FromDate>2009-02-24T00:00:00</FromDate>
				</AvailabilityCondition>
			</validityConditions>
			<scheduledStopPoints>
				<ScheduledStopPoint id="tap:ScheduledStopPoint:008711184" created="2011-08-08T11:10:22.99+02:00" version="any" status="active">
					<validityConditions>
						<AvailabilityCondition id="tap:AvailabilityCondition:1994-01-01/2099-12-31_008711184_ScheduledStopPoint" version="any">
							<FromDate>1994-01-01T00:00:00</FromDate>
							<ToDate>2099-12-31T23:59:59</ToDate>
						</AvailabilityCondition>
					</validityConditions>
					<Name>MARNE LA VALLEE CHESSY</Name>
					<ShortName>MARNE LA VAL CHES</ShortName>
					<StopType>railStation</StopType>
					<RequestStop>false</RequestStop>
					<TopographicPlaceView>
						<CountryRef ref="fr"/>
					</TopographicPlaceView>
				</ScheduledStopPoint>
				<ScheduledStopPoint id="tap:ScheduledStopPoint:008738264" created="2011-08-08T11:10:22.99+02:00" version="any" status="active">
					<validityConditions>
						<AvailabilityCondition id="tap:AvailabilityCondition:2002-07-03/2099-12-31_008738264_ScheduledStopPoint" version="any">
							<FromDate>2002-07-03T00:00:00</FromDate>
							<ToDate>2099-12-31T23:59:59</ToDate>
						</AvailabilityCondition>
					</validityConditions>
					<Name>MARNE LA VALLEE CHESSY SNCF</Name>
					<ShortName>MARNE</ShortName>
					<StopType>railStation</StopType>
					<RequestStop>false</RequestStop>
					<TopographicPlaceView>
						<CountryRef ref="fr"/>
					</TopographicPlaceView>
				</ScheduledStopPoint>
			</scheduledStopPoints>
		</ServiceFrame>
		<SiteFrame id="tap:SiteFrame:0003" version="any" responsibilitySetRef="tap:ResponsibilitySet:collects:0003">
			<validityConditions>
				<AvailabilityCondition id="tap:AvailabilityCondition:2009-02-24T1632_SiteFrame" version="any">
					<FromDate>2009-02-24T00:00:00</FromDate>
				</AvailabilityCondition>
			</validityConditions>
			<stopPlaces>
				<StopPlace id="tap:StopPlace:008711184" created="2011-08-08T11:10:23.052+02:00" version="any" status="active">
					<validityConditions>
						<AvailabilityCondition id="tap:AvailabilityCondition:1994-01-01/2099-12-31_008711184" version="any">
							<FromDate>1994-01-01T00:00:00</FromDate>
							<ToDate>2099-12-31T23:59:59</ToDate>
						</AvailabilityCondition>
					</validityConditions>
					<Name>MARNE LA VALLEE CHESSY</Name>
					<ShortName>MARNE LA VAL CHES</ShortName>
					<alternativeNames>
						<AlternativeName>
							<NameType>alias</NameType>
							<Name>MARNE LA VAL CHES</Name>
						</AlternativeName>
					</alternativeNames>
					<TopographicPlaceView>
						<CountryRef ref="fr"/>
					</TopographicPlaceView>
					<Locale>
						<TimeZoneOffset>1</TimeZoneOffset>
						<TimeZone>CET</TimeZone>
					</Locale>
					<TransportMode>rail</TransportMode>
					<StopPlaceType>railStation</StopPlaceType>
				</StopPlace>
				<StopPlace id="tap:StopPlace:008738264" created="2011-08-08T11:10:23.052+02:00" version="any" status="active">
					<validityConditions>
						<AvailabilityCondition id="tap:AvailabilityCondition:2002-07-03/2099-12-31_008738264" version="any">
							<FromDate>2002-07-03T00:00:00</FromDate>
							<ToDate>2099-12-31T23:59:59</ToDate>
						</AvailabilityCondition>
					</validityConditions>
					<Name>MARNE LA VALLEE CHESSY SNCF</Name>
					<ShortName>MARNE</ShortName>
					<alternativeNames>
						<AlternativeName>
							<NameType>alias</NameType>
							<Name>MARNE</Name>
						</AlternativeName>
					</alternativeNames>
					<TopographicPlaceView>
						<CountryRef ref="fr"/>
					</TopographicPlaceView>
					<Locale>
						<TimeZoneOffset>1</TimeZoneOffset>
						<TimeZone>CET</TimeZone>
					</Locale>
					<TransportMode>rail</TransportMode>
					<StopPlaceType>railStation</StopPlaceType>
				</StopPlace>
			</stopPlaces>
			<pointsOfInterest>
				<PointOfInterest id="tap:PointOfInterest:008738264" created="2011-08-08T11:10:23.052+02:00" version="any" status="active">
					<Name>DISNEYLAND MARNE-LA-VALLEE</Name>
					<ShortName>EURODISNEY</ShortName>
				</PointOfInterest>
			</pointsOfInterest>
			<pathLinks>
				<PathLink id="tap:PointOfInterest:008738264_StopPlace:008738264" version="any">
					<Name>EURODISNEY to MARNE LA VALLEE CHESSY SNCF</Name>
					<Distance>500</Distance>
					<From>
						<PlaceRef ref="tap:PointOfInterest:008738264"/>
					</From>
					<To>
						<PlaceRef ref="tap:StopPlace:008738264"/>
					</To>
				</PathLink>
				<PathLink id="tap:PointOfInterest:008738264_StopPlace:008711184" version="any">
					<Name>EURODISNEY to MARNE LA VALLEE CHESSY</Name>
					<Distance>500</Distance>
					<From>
						<PlaceRef ref="tap:PointOfInterest:008738264"/>
					</From>
					<To>
						<PlaceRef ref="tap:StopPlace:008711184"/>
					</To>
				</PathLink>
			</pathLinks>
		</SiteFrame>
	</dataObjects>
</PublicationDelivery>
