<?xml version="1.0" encoding="iso-8859-1"?>
<!-- ==== SImple Carrier  Example ====== 
This example provides an example of encodeing tap TCVC carrier  data  in NeTEx XML
 
 
The example is taken from ERA/TD/2009-04/INT: Annex B,1 of Tap TSI 
 

(C) ERA  Copyright 2013
-->
<PublicationDelivery xmlns="http://www.netex.org.uk/netex" xmlns:gml="http://www.opengis.net/gml/3.2" xmlns:siri="http://www.siri.org.uk/siri" xmlns:xsi="http://www.w3.org/2001/XMLSchema-instance" version="1.0" xsi:schemaLocation="http://www.netex.org.uk/netex ../../../../xsd/NeTEx_publication.xsd">
	<PublicationTimestamp>2001-12-17T09:30:47.0Z</PublicationTimestamp>
	<ParticipantRef>SYS001</ParticipantRef>
	<!--- ======WHAT WAS REQUESTED ========== -->
	<Description>Simple Carrier example</Description>
	<!--- =============== RESULTS =========== -->
	<dataObjects>
		<CompositeFrame version="1" id="tap:CompositeFrame:CF001">
			<!--- ======= CODESPACEs======== -->
			<validityConditions>
				<AvailabilityCondition id="tap:AvailabilityCondition:CF001" version="01">
					<FromDate>2011-01-01T00:00:00Z</FromDate>
					<ToDate>2014-01-01T00:00:00Z</ToDate>
					<IsAvailable>true</IsAvailable>
				</AvailabilityCondition>
			</validityConditions>
			<codespaces>
				<Codespace id="tap">
					<Xmlns>zbt</Xmlns>
					<XmlnsUrl>http://www.era.eu/ru</XmlnsUrl>
					<Description>TAP TSI location </Description>
				</Codespace>
			</codespaces>
			<!--- =======FRAME DEFAULTS======== -->
			<FrameDefaults>
				<DefaultCodespaceRef ref="tap"/>
			</FrameDefaults>
			<frames>
				<!--- ========Operators ========== -->
				<ResourceFrame version="any" id="tap:ResourceFrame:Resp01">
					<validityConditions>
						<ValidBetween>
							<FromDate>2001-01-01T00:00:00Z</FromDate>
							<ToDate>2020-01-01T00:00:00Z</ToDate>
						</ValidBetween>
					</validityConditions>
					<!--  Example of use of DELTA Mechanism to flag  which elementshave been changed -->
					<traces>
						<Trace>
							<ObjectRef ref="tap:Operator:0058" version="05" nameOfRefClass="Operator"/>
							<ChangedAt>2013-06-01T00:00:00.000</ChangedAt>
							<ChangedBy>Stefan&gt;</ChangedBy>
							<Delta>
								<FromVersionRef ref="tap:Version:04"/>
								<ToVersionRef ref="tap:Version:05"/>
								<Modification>revise</Modification>
								<deltaValues>
									<DeltaValue>
										<Modification>revise</Modification>
										<ValueName>Name</ValueName>
										<OldValue>Armenian Railway</OldValue>
										<NewValue>Armenian RailwayCJSC</NewValue>
									</DeltaValue>
									<DeltaValue>
										<Modification>revise</Modification>
										<ValueName>Address/PostCode</ValueName>
										<OldValue>370004</OldValue>
										<NewValue>370005</NewValue>
									</DeltaValue>
								</deltaValues>
							</Delta>
						</Trace>
						<Trace>
							<ObjectRef ref="tap:Operator:0003" version="01" nameOfRefClass="Operator"/>
							<ChangedAt>2013-06-01T00:00:00.000</ChangedAt>
							<ChangedBy>Stefan&gt;</ChangedBy>
							<Description>Example addition of new element </Description>
							<Delta>
								<ToVersionRef ref="tap:Version:01"/>
								<Modification>new</Modification>
							</Delta>
						</Trace>
						<Trace>
							<ObjectRef ref="tap:Operator:9565" version="04" nameOfRefClass="Operator"/>
							<ChangedAt>2013-06-01T00:00:00.000</ChangedAt>
							<ChangedBy>Stefan&gt;</ChangedBy>
							<Description>Example deletion  of  element </Description>
							<Delta>
								<FromVersionRef ref="tap:Version:04"/>
								<ToVersionRef ref="tap:Version:04"/>
								<Modification>delete</Modification>
							</Delta>
						</Trace>
					</traces>
					<!--- LIST OF CARRIERs  -->
					<organisations>
						<!--- =====Data owners ========= -->
						<Operator version="01" id="tap:Operator:0003" modification="new">
							<PublicCode>UIC</PublicCode>
							<Name>International Union of Railways</Name>
							<ShortName>UIC</ShortName>
						</Operator>
						<Operator version="01" id="tap:Operator:0006">
							<PublicCode>ZTB</PublicCode>
							<Name>STENA Line Bv</Name>
							<ShortName>STENA Line Bv</ShortName>
						</Operator>
						<Operator id="1080" version="01">
							<ValidBetween>
								<FromDate>2012-12-09T00:00:00Z</FromDate>
								<ToDate>2099-12-31T24:00:00Z</ToDate>
							</ValidBetween>
							<Name>Deutsche Bahn AG</Name>
							<ShortName>DB AG</ShortName>
							<ownResponsibilitySets>
								<ResponsibilitySet id="tap:Operator:1080" version="any">
									<Name>Data Management</Name>
								</ResponsibilitySet>
							</ownResponsibilitySets>
							<Address>
								<CountryName>Deutschland</CountryName>
								<AddressLine1>Potsdamer Platz 2</AddressLine1>
								<Town>Berlin</Town>
								<PostCode>10785</PostCode>
							</Address>
						</Operator>
						<Operator id="1980" version="01" responsibilitySetRef="1080">
							<validityConditions>
								<ValidBetween>
									<FromDate>2012-12-09T00:00:00Z</FromDate>
									<ToDate>2099-12-31T24:00:00Z</ToDate>
								</ValidBetween>
							</validityConditions>
							<Name>Omnibusverkehr Franken GmbH</Name>
							<ShortName>OVF</ShortName>
							<delegatedResponsibilitySets>
								<ResponsibilitySetRef ref="tap:Operator:0010" version="any"/>
							</delegatedResponsibilitySets>
							<Address>
								<CountryName>Deutschland</CountryName>
								<AddressLine1>Nelson-Mandela-Platz 22</AddressLine1>
								<Town>Nuernberg</Town>
								<PostCode>90459</PostCode>
							</Address>
						</Operator>
						<Operator version="01" id="tap:Operator:0010" responsibilitySetRef="tap:Operator:1080">
							<PublicCode>VR</PublicCode>
							<Name>Finnish State Railways</Name>
							<ShortName>Finnish State Railways</ShortName>
							<delegatedResponsibilitySets>
								<ResponsibilitySet id="tap:Operator:0010" version="any">
									<roles>
										<ResponsibilityRoleAssignment id="tap:ResponsibilityRoleAssignment:0010" version="any">
											<StakeholderRoleType>Operation</StakeholderRoleType>
											<ResponsibleOrganisationRef ref="tap:Operator:0020"/>
										</ResponsibilityRoleAssignment>
									</roles>
								</ResponsibilitySet>
							</delegatedResponsibilitySets>
						</Operator>
						<Operator version="01" id="tap:Operator:0015">
							<PublicCode>Eurostar</PublicCode>
							<Name>Eurostar</Name>
							<ShortName>Eurostar</ShortName>
						</Operator>
						<Operator version="03" id="tap:Operator:0020">
							<PublicCode>RZD</PublicCode>
							<Name>Russian Railways</Name>
							<ShortName>Russian Railways</ShortName>
						</Operator>
						<!--  ===Example from  tap ts! 5.1 Annex at end ===== -->
						<Operator version="05" id="tap:Operator:0058">
							<PublicCode>ARM</PublicCode>
							<Name>Armenian Railway CJSC</Name>
							<ShortName>Russian Railways</ShortName>
							<Status>true</Status>
							<ValidityPeriod>
								<FromDate>1999-06-01T00:00:00.000</FromDate>
							</ValidityPeriod>
							<CountryRef ref="am"/>
							<Address>
								<AddressLine1>50, rue Tigran Metge</AddressLine1>
								<Town>Yerevan</Town>
								<PostCode>370005</PostCode>
							</Address>
							<OperatorActivities>passenger freight
								infrastructure</OperatorActivities>
							<CustomerServiceContactDetails>
								<ContactPerson>Mr V. Badalyan</ContactPerson>
							</CustomerServiceContactDetails>
						</Operator>
					</organisations>
				</ResourceFrame>
			</frames>
		</CompositeFrame>
	</dataObjects>
</PublicationDelivery>
