<?xml version="1.0" encoding="iso-8859-1"?>
<!-- ==== SImple Carrier  Example ====== 
This example provides an example of encodeing tap TCVS Series data, &  TCVP Price data  for route & set based fares      in NeTEx XML
 
 The example has  two main series    555 & 777  


 Standard (TCV Full fare type 01 ) , Group (Fare Type 04)  & Upgrade (Supplement type 06)   Fare Tables are provided 


Th

Shows examples of  Series



 

(C) ERA  Copyright 2013
-->
<PublicationDelivery version="1.0" xsi:schemaLocation="http://www.netex.org.uk/netex ../../../../xsd/NeTEx_publication.xsd" xmlns="http://www.netex.org.uk/netex" xmlns:gml="http://www.opengis.net/gml/3.2" xmlns:siri="http://www.siri.org.uk/siri" xmlns:xsi="http://www.w3.org/2001/XMLSchema-instance">
	<PublicationTimestamp>2001-12-17T09:30:47.0Z</PublicationTimestamp>
	<ParticipantRef>SYS001</ParticipantRef>
	<!--- ======WHAT WAS REQUESTED ========== -->
	<Description>Simple Series example</Description>
	<!--- =============== RESULTS =========== -->
	<dataObjects>
		<CompositeFrame version="1" id="tap:CompositeFrame:CF001">
			<TypeOfFrameRef ref="uic:B1" version="any"/>
			<!--- ======= CODESPACEs======== -->
			<codespaces>
				<Codespace id="tap:tap">
					<Xmlns>zbt</Xmlns>
					<XmlnsUrl>http://www.era.eu/b1</XmlnsUrl>
					<Description>TAP TSI location </Description>
				</Codespace>
			</codespaces>
			<!--- =======FRAME DEFAULTS======== -->
			<FrameDefaults>
				<DefaultCodespaceRef ref="tap:tap"/>
				<DefaultCurrency>EUR</DefaultCurrency>
			</FrameDefaults>
			<frames>
				<!--   === ROUTE  based  example  =====-->
				<FareFrame id="tap:FareFrame:RouteExample" version="any" modification="revise">
					<!--- ====Pricing Parmaters======= -->
					<PricingParameterSet version="any" id="tap:PricingParameterSet:tap">
						<pricingRules>
							<PricingRule version="any" id="tap:PricingRule:route">
								<Name>Tap Route based pricing</Name>
							</PricingRule>
							<PricingRule version="any" id="tap:PricingRule:distance">
								<Name>Tap Distance based pricing</Name>
							</PricingRule>
							<DiscountingRule version="any" id="tap:DiscountingRule:20%">
								<DiscountAsPercentage>20</DiscountAsPercentage>
							</DiscountingRule>
							<DiscountingRule version="any" id="tap:DiscountingRule:25%">
								<DiscountAsPercentage>25</DiscountAsPercentage>
							</DiscountingRule>
						</pricingRules>
					</PricingParameterSet>
					<!--  === STOP POINTS  ===  -->
					<fareScheduledStopPoints>
						<FareScheduledStopPoint id="tap:FareScheduledStopPoint:213001" version="01">
							<keyList>
								<KeyValue>
									<Key/>
									<Value/>
								</KeyValue>
							</keyList>
							<Name>Lille</Name>
							<Presentation>
								<TextFontName/>
							</Presentation>
						</FareScheduledStopPoint>
						<FareScheduledStopPoint id="tap:FareScheduledStopPoint:213002" version="01">
							<Name>Valenciennes</Name>
						</FareScheduledStopPoint>
					</fareScheduledStopPoints>
					<!--  === TARIFFS  ===  -->
					<fareStructureElements>
						<FareStructureElement id="tap:FareStructureElement:series" version="01">
							<Name>Series: Lille - Valenciennes </Name>
							<validityParameterAssignments>
								<GenericParameterAssignment order="1" id="tap:GenericParameterAssignment:series" version="01">
									<validityParameters>
										<SeriesConstraintRef ref="tap:SeriesConstraint:Lille_to_Valenciennes" order="1" version="01"/>
										<Directions>both</Directions>
									</validityParameters>
								</GenericParameterAssignment>
							</validityParameterAssignments>
						</FareStructureElement>
					</fareStructureElements>
					<tariffs>
						<Tariff id="tap:Tariff01" version="01">
							<validityConditions>
								<AvailabilityCondition id="tap:AvailabilityCondition:Tariff01" version="01">
									<FromDate>2011-01-01T00:00:00Z</FromDate>
									<ToDate>2014-01-01T00:00:00Z</ToDate>
								</AvailabilityCondition>
							</validityConditions>
							<Name>Standard route based Fare table 1</Name>
							<alternativeNames>
								<AlternativeName order="1" id="tap:AlternativeName:Tariff01@of" version="01">
									<Name lang="en">My Standard  Fare table    description in the Offical Language</Name>
								</AlternativeName>
								<AlternativeName order="2" id="tap:AlternativeName:Tariff01@fr" version="01">
									<Name lang="fr">My  Standard Fare tabledescription in the French</Name>
								</AlternativeName>
								<AlternativeName order="3" id="tap:AlternativeName:Tariff01@de" version="01">
									<Name lang="de">My Standard Fare table description in German</Name>
								</AlternativeName>
								<AlternativeName order="4" id="tap:AlternativeName:Tariff01@en" version="01">
									<Name lang="de">My Standard Fare table description in English</Name>
								</AlternativeName>
							</alternativeNames>
							<OperatorRef ref="tap:Operator:0105" version="any"/>
							<TypeOfTariffRef ref="tap:TypeOfTariff:B.1.1:01" version="any"/>
							<TariffBasis>route</TariffBasis>
							<ReturnFareTwiceSingle>true</ReturnFareTwiceSingle>
							<!-- === Fare Structure elements ====   -->
							<fareStructureElements>
								<FareStructureElementRef ref="tap:FareStructureElement:series" version="01"/>
							</fareStructureElements>
							<!-- ===== SERIES ELEMENTS ======== -->
							<groupsOfDistanceMatrixElements>
								<GroupOfDistanceMatrixElements id="tap:GroupOfDistanceMatrixElements:series" version="01">
									<members>
										<DistanceMatrixElement id="tap:DistanceMatrixElement:Lille_to_Valenciennes" version="01">
											<validityConditions>
												<AvailabilityCondition id="tap:AvailabilityCondition:Lille_to_Valenciennes" version="01">
													<FromDate>2011-01-01T00:00:00Z</FromDate>
													<ToDate>2014-01-01T00:00:00Z</ToDate>
													<IsAvailable>true</IsAvailable>
												</AvailabilityCondition>
											</validityConditions>
											<StartStopPointView>
												<FareScheduledStopPointRef ref="tap:FareScheduledStopPoint:999123"/>
												<Name lang="de">Lille</Name>
												<ShortName lang="de">Lille</ShortName>
											</StartStopPointView>
											<EndStopPointView>
												<FareScheduledStopPointRef ref="tap:FareScheduledStopPoint:99234"/>
												<Name lang="de">Valenciennes</Name>
												<ShortName lang="de">Valenciennes</ShortName>
											</EndStopPointView>
											<seriesConstraints>
												<SeriesConstraint id="tap:SeriesConstraint:Lille_to_Valenciennes" order="1" version="01">
													<PricingRuleRef version="any" ref="tap:PricingRule:route"/>
													<Itinerary>Lille * Valenciennes</Itinerary>
													<SeriesType>stationToStation</SeriesType>
													<FirstClassDistance>19</FirstClassDistance>
													<SecondClassDistance>20</SecondClassDistance>
												</SeriesConstraint>
											</seriesConstraints>
											<tariffs>
												<TariffRef ref="tap:Tariff01" version="01"/>
											</tariffs>
											<StandardFareTableRef ref="tap:StandardFareTable:Lille_to_Valenciennes" version="01"/>
										</DistanceMatrixElement>
									</members>
								</GroupOfDistanceMatrixElements>
							</groupsOfDistanceMatrixElements>
						</Tariff>
						<Tariff id="tap:NrtGroup" version="01">
							<Name>Fare table 2</Name>
							<OperatorRef ref="tap:Operator:0105" version="any"/>
							<TypeOfTariffRef ref="tap:TypeOfTariff:B.1.1:04" version="any"/>
							<TariffBasis>group</TariffBasis>
							<ReturnFareTwiceSingle>true</ReturnFareTwiceSingle>
							<fareStructureElements>
								<FareStructureElementRef ref="tap:FareStructureElement:series" version="01"/>
							</fareStructureElements>
							<groupsOfDistanceMatrixElements>
								<GroupOfDistanceMatrixElementsRef ref="tap:GroupOfDistanceMatrixElements:series" version="01"/>
							</groupsOfDistanceMatrixElements>
						</Tariff>
					</tariffs>
					<validableElements>
						<ValidableElement id="tap:ValidableElement:trainRide" version="01">
							<Name>Ride on a train</Name>
						</ValidableElement>
					</validableElements>
					<!--- ====Fare Usage Parameters======= -->
					<usageParameters>
						<UserProfile version="any" id="tap:UserProfile:adult">
							<Name>Adult Fare - 17 or over</Name>
							<TypeOfConcessionRef version="any" ref="tap:TypeOfConcession:adult"/>
							<MinimumAge>17</MinimumAge>
						</UserProfile>
						<UserProfile version="any" id="tap:UserProfile:child">
							<Name>Child Fare</Name>
							<TypeOfConcessionRef version="any" ref="tap:TypeOfConcession:child"/>
							<MaximumAge>12</MaximumAge>
						</UserProfile>
						<UserProfile version="any" id="tap:seniorProfile">
							<Name>Senior fare over 60</Name>
							<TypeOfConcessionRef version="any" ref="tap:TypeOfConcession:adult"/>
							<MinimumAge>61</MinimumAge>
						</UserProfile>
						<UserProfile version="any" id="tap:fipProfile">
							<Name>FIP member</Name>
							<TypeOfConcessionRef version="any" ref="tap:TypeOfConcession:staff"/>
						</UserProfile>
						<RoundTrip version="any" id="tap:RoundTrip:single">
							<Name>Single</Name>
							<TripType>single</TripType>
						</RoundTrip>
						<RoundTrip version="any" id="tap:RoundTrip:return">
							<Name>Return</Name>
							<TripType>return</TripType>
						</RoundTrip>
						<RoundTrip version="any" id="tap:RoundTrip:returnDouble">
							<Name>Single</Name>
							<TripType>return</TripType>
							<DoubleSingleFare>true</DoubleSingleFare>
						</RoundTrip>
						<GroupTicket version="any" id="tap:GroupTicket:group">
							<Name>Group ticket</Name>
							<prices>
								<UsageParameterPrice version="any" id="tap:GroupTicket:group">
									<DiscountingRuleRef version="any" ref="tap:DiscountingRule:20%"/>
								</UsageParameterPrice>
							</prices>
							<MinimumNumberOfPersons>3</MinimumNumberOfPersons>
							<MaximumNumberOfPersons>10</MaximumNumberOfPersons>
						</GroupTicket>
					</usageParameters>
					<!--  === FARE PRODUCTs  ===  -->
					<fareProducts>
						<PreassignedFareProduct id="tap:PreassignedFareProduct:NrtProduct" version="01">
							<Name>Standard Single  </Name>
							<validityParameterAssignments>
								<GenericParameterAssignment order="1" id="tap:GenericParameterAssignment:NrtProduct@UserProfile" version="01">
									<Name>Eligible </Name>
									<IncludesGroupingType>OR</IncludesGroupingType>
									<includes>
										<GenericParameterAssignment order="1" id="tap:GenericParameterAssignment:NrtProduct@UserProfile@adult" version="01">
											<TypeOfAccessRightAssignmentRef version="any" ref="tap:TypeOfAccessRightAssignment:eligible"/>
											<limitations>
												<UserProfileRef ref="tap:UserProfile:adult" version="any"/>
											</limitations>
										</GenericParameterAssignment>
										<GenericParameterAssignment order="2" id="tap:GenericParameterAssignment:NrtProduct@UserProfile@child" version="01">
											<TypeOfAccessRightAssignmentRef version="any" ref="tap:TypeOfAccessRightAssignment:eligible"/>
											<limitations>
												<UserProfileRef ref="tap:UserProfile:child" version="any"/>
											</limitations>
										</GenericParameterAssignment>
									</includes>
								</GenericParameterAssignment>
								<GenericParameterAssignment order="2" id="tap:GenericParameterAssignment:NrtProduct@GroupTicket" version="01">
									<Name>Group  Offer  </Name>
									<TypeOfAccessRightAssignmentRef version="any" ref="tap:TypeOfAccessRightAssignment:canPurchase"/>
									<limitations>
										<GroupTicketRef ref="tap:GroupTicket:group" version="any"/>
									</limitations>
								</GenericParameterAssignment>
							</validityParameterAssignments>
							<accessRightsInProduct>
								<AccessRightInProduct order="1" id="tap:AccessRightInProduct:NrtProduct@domesticTrainRide" version="01">
									<Name>Product covers domestic trips</Name>
									<ValidableElementRef ref="tap:ValidableElement:trainRide" version="01"/>
								</AccessRightInProduct>
							</accessRightsInProduct>
						</PreassignedFareProduct>
					</fareProducts>
					<!--  === Prices  ===  -->
					<fareTables>
						<!--  A FURTHER OPTIMIZATION OF THE ABOVE -->
						<StandardFareTable id="tap:StandardFareTable:Lille_to_Valenciennes" version="01">
							<Name>Standard point to point Fares for  Lille to Valenciennce </Name>
							<PurposeOfGroupingRef ref="tap:PurposeOfGrouping:route" version="any"/>
							<pricesFor>
								<UserProfileRef ref="tap:UserProfile:adult" version="any"/>
								<DistanceMatrixElementRef ref="tap:DistanceMatrixElement:Lille_to_Valenciennes" version="01"/>
								<PreassignedFareProductRef ref="tap:PreassignedFareProduct:NrtProduct" version="01"/>
							</pricesFor>
							<FirstClassSingle>15.00</FirstClassSingle>
							<SecondClassSingle>10.00</SecondClassSingle>
							<FirstClassReturn>22.00</FirstClassReturn>
							<SecondClassReturn>15.00</SecondClassReturn>
						</StandardFareTable>
						<StandardFareTable id="tap:StandardFareTable:Lille_to_ValenciennesD" version="01">
							<Name>Group point to point Fares for  Lille to Valenciennes </Name>
							<PurposeOfGroupingRef ref="tap:PurposeOfGrouping:route" version="any"/>
							<pricesFor>
								<GroupTicketRef ref="tap:GroupTicket:group" version="any"/>
								<DistanceMatrixElementRef ref="tap:DistanceMatrixElement:Lille_to_Valenciennes" version="01"/>
								<PreassignedFareProductRef ref="tap:PreassignedFareProduct:NrtProduct" version="01"/>
							</pricesFor>
							<FirstClassSingle>15.00</FirstClassSingle>
							<SecondClassSingle>10.00</SecondClassSingle>
							<FirstClassReturn>22.00</FirstClassReturn>
							<SecondClassReturn>15.00</SecondClassReturn>
						</StandardFareTable>
					</fareTables>
					<!-- ====SALES OFFER PACKAGE ========   SHould there be one of these for each series? -->
					<SalesOfferPackages>
						<SalesOfferPackage id="tap:SalesOfferPackage:NrtAdultFare" version="01">
							<Name>Standard Fare</Name>
							<SalesOfferPackageElements>
								<SalesOfferPackageElement order="1"    id="tap:SalesOfferPackageElement:NrtAdultFare_01" version="01">
									<PreassignedFareProductRef ref="tap:PreassignedFareProduct:NrtProduct" version="01"/>
								</SalesOfferPackageElement>
							</SalesOfferPackageElements>
						</SalesOfferPackage>
						<SalesOfferPackage id="tap:SalesOfferPackage:group" version="01">
							<Name>Group Discount </Name>
							<prices>
								<SalesOfferPackagePrice version="any" id="tap:SalesOfferPackagePrice:group_01">
									<DiscountingRuleRef version="any" ref="tap:DiscountingRule:25%"/>
								</SalesOfferPackagePrice>
							</prices>
							<SalesOfferPackageElements>
								<SalesOfferPackageElement order="1"    id="tap:SalesOfferPackageElement:group_01" version="01">
									<PreassignedFareProductRef ref="tap:PreassignedFareProduct:NrtProduct" version="01"/>
									<validityParameterAssignments>
										<GenericParameterAssignment order="1" id="tap:GenericParameterAssignment:NrtProduct@GroupTicket" version="01">
											<Name>Group  Offer  </Name>
											<limitations>
												<GroupTicketRef ref="tap:GroupTicket:group" version="any"/>
											</limitations>
										</GenericParameterAssignment>
									</validityParameterAssignments>
								</SalesOfferPackageElement>
							</SalesOfferPackageElements>
						</SalesOfferPackage>
					</SalesOfferPackages>
				</FareFrame>
				<!-- ====RESOURCE FRAME======== -->
				<ResourceFrame version="any" id="tap:res01">
					<typesOfValue>
						<TypeOfFrame version="any" id="uic:B1">
							<Name>NRT Fares</Name>
						</TypeOfFrame>
						<ValueSet version="any" id="tap:ValueSet:PurposeOfGrouping" classOfValues="PurposeOfGrouping">
							<Name>Fare Table Types </Name>
							<values>
								<!--- ====Type of Fare Table  method========= -->
								<PurposeOfGrouping version="any" id="tap:PurposeOfGrouping:distance">
									<Name>H DistanceRoute Fare Price Table</Name>
								</PurposeOfGrouping>
								<PurposeOfGrouping version="any" id="tap:PurposeOfGrouping:route">
									<Name>I Route Fare Price Table</Name>
								</PurposeOfGrouping>
								<PurposeOfGrouping version="any" id="tap:PurposeOfGrouping:set">
									<Name>J Set  Fare Price Table</Name>
								</PurposeOfGrouping>
							</values>
						</ValueSet>
						<ValueSet version="any" id="tap:ValueSet:TypeOfConcession" classOfValues="TypeOfConcession">
							<Name>Types of concession</Name>
							<values>
								<!--- ====TypeOfConcession method========= -->
								<TypeOfConcession version="any" id="tap:TypeOfConcession:adult">
									<Name>Adult</Name>
								</TypeOfConcession>
								<TypeOfConcession version="any" id="tap:TypeOfConcession:child">
									<Name>Child</Name>
								</TypeOfConcession>
								<TypeOfConcession version="any" id="tap:TypeOfConcession:staff">
									<Name>Staff</Name>
								</TypeOfConcession>
								<TypeOfConcession version="any" id="tap:TypeOfConcession:student">
									<Name>Student</Name>
								</TypeOfConcession>
							</values>
						</ValueSet>
						<ValueSet version="any" id="tap:ValueSet:TypeOfTariff" classOfValues="TypeOfTariff">
							<Name>Types of concession</Name>
							<values>
								<!--- ====TypeOTariff Tap method========= -->
								<TypeOfTariff version="any" id="tap:TypeOfTariff:B.1.1:01">
									<Name>TCV Full Fare</Name>
								</TypeOfTariff>
								<TypeOfTariff version="any" id="tap:TypeOfTariff:B.1.1:02">
									<Name>Distance based Fare</Name>
								</TypeOfTariff>
								<TypeOfTariff version="any" id="tap:TypeOfTariff:B.1.1:03">
									<Name>MarketFare</Name>
								</TypeOfTariff>
								<TypeOfTariff version="any" id="tap:TypeOfTariff:B.1.1:04">
									<Name>Group Fare</Name>
								</TypeOfTariff>
								<TypeOfTariff version="any" id="tap:TypeOfTariff:B.1.1:05">
									<Name>Surcharges</Name>
								</TypeOfTariff>
								<TypeOfTariff version="any" id="tap:TypeOfTariff:B.1.1:06">
									<Name>Supplements</Name>
								</TypeOfTariff>
							</values>
						</ValueSet>
						<ValueSet version="any" id="tap:ValueSet:TypeOfAccessRightAssignment" classOfValues="TypeOfAccessRightAssignment">
							<Name>Types of  Access right Assignment</Name>
							<values>
								<TypeOfAccessRightAssignment version="any" id="tap:TypeOfAccessRightAssignment:eligible">
									<Name>Eligible for  a product or discount</Name>
								</TypeOfAccessRightAssignment>
								<TypeOfAccessRightAssignment version="any" id="tap:TypeOfAccessRightAssignment:canAccess">
									<Name>Grants access rights  to use or travel on</Name>
								</TypeOfAccessRightAssignment>
								<TypeOfAccessRightAssignment version="any" id="tap:TypeOfAccessRightAssignment:canAccessIfPurchased">
									<Name>Right defines a property that may be Accesssed if pourchased</Name>
								</TypeOfAccessRightAssignment>
								<TypeOfAccessRightAssignment version="any" id="tap:TypeOfAccessRightAssignment:conditionOfUse">
									<Name>Defines a condition or restriction on use</Name>
								</TypeOfAccessRightAssignment>
								<TypeOfAccessRightAssignment version="any" id="tap:TypeOfAccessRightAssignment:conditionOfSale">
									<Name>Defines a condition or restriction on purchase</Name>
								</TypeOfAccessRightAssignment>
								<TypeOfAccessRightAssignment version="any" id="tap:TypeOfAccessRightAssignment:canPurchase">
									<Name>Gives right to purchase</Name>
								</TypeOfAccessRightAssignment>
								<TypeOfAccessRightAssignment version="any" id="tap:TypeOfAccessRightAssignment:canUseToPayFor">
									<Name>Givesability  to purchase automatically using smartcard</Name>
								</TypeOfAccessRightAssignment>
							</values>
						</ValueSet>
					</typesOfValue>
					<!-- ========Operators ========== -->
					<organisations>
						<!--- =====Data owners ========= -->
						<Operator version="any" id="tap:0003">
							<PublicCode>UIC</PublicCode>
							<Name>International Union of Railways</Name>
							<ShortName>UIC</ShortName>
							<ValidityPeriod>
								<FromDate>2001-01-01T00:00:00Z</FromDate>
								<ToDate>2020-01-01T00:00:00Z</ToDate>
							</ValidityPeriod>
						</Operator>
						<Operator version="any" id="tap:Operator:0105">
							<PublicCode>SNCF</PublicCode>
							<Name>Societe Nationale des chemins de fer</Name>
						</Operator>
					</organisations>
				</ResourceFrame>
			</frames>
		</CompositeFrame>
	</dataObjects>
</PublicationDelivery>
