<?xml version="1.0" encoding="iso-8859-1"?>
<siri:Siri xmlns:siri="http://www.siri.org.uk/siri" xmlns="http://www.netex.org.uk/netex" xmlns:xsi="http://www.w3.org/2001/XMLSchema-instance" xsi:schemaLocation="http://www.siri.org.uk/siri ../../../xsd/NeTEx_siri.xsd" version="1.0">
	<siri:SiriResponse>
		<siri:ServiceDelivery>
			<!--=======HEADER================================================== -->
			<siri:ResponseTimestamp>2014-12-17T09:30:46-05:00</siri:ResponseTimestamp>
			<siri:ProducerRef>KUBRICK</siri:ProducerRef>
			<siri:Status>true</siri:Status>
			<!--=======PAYLOAD============================================== -->
			<DataObjectDelivery>
				<siri:ResponseTimestamp>2014-12-17T09:30:47.0Z</siri:ResponseTimestamp>
				<siri:RequestMessageRef>abcdefg</siri:RequestMessageRef>
				<siri:Status>true</siri:Status>
				<siri:ValidUntil>2014-12-17T09:30:47.0Z</siri:ValidUntil>
				<!--- =============== RESULTS =========== -->
				<dataObjects>
					<CompositeFrame version="1" id="B2:1080">
						<Name> PCZO 1080  Examples </Name>
						<TypeOfFrameRef ref="uic:B2" version="any"/>
						<!--- ======= CODESPACEs======== -->
						<!--- =======FRAME DEFAULTS======== -->
						<FrameDefaults>
							<DefaultCodespaceRef ref="tap:tap:Codespace:tap"/>
							<DefaultResponsibilitySetRef ref="1080"/>
							<DefaultCurrency>EUR</DefaultCurrency>
						</FrameDefaults>
						<frames>
							<FareFrame id="B2:PCGO1080" version="any">
								<Name>B.2 IRT fare based  example  for RU 1080 - Group OD</Name>
							</FareFrame>
						</frames>
					</CompositeFrame>
				</dataObjects>
			</DataObjectDelivery>
		</siri:ServiceDelivery>
	</siri:SiriResponse>
</siri:Siri>
