<?xml version="1.0" encoding="iso-8859-1"?>
<siri:Siri xmlns:siri="http://www.siri.org.uk/siri" xmlns="http://www.netex.org.uk/netex" xmlns:xsi="http://www.w3.org/2001/XMLSchema-instance" xsi:schemaLocation="http://www.siri.org.uk/siri ../../../xsd/NeTEx_siri_SG.xsd" version="1.0">
	<siri:ServiceRequest>
		<!--======ENDPOINT REFERENCES===================-->
		<siri:RequestTimestamp>2014-12-17T09:30:47-05:00</siri:RequestTimestamp>
		<siri:RequestorRef>NADER</siri:RequestorRef>
		<DataObjectRequest>
			<siri:RequestTimestamp>2014-12-17T09:30:47.0Z</siri:RequestTimestamp>
			<siri:MessageIdentifier>mymsg12201</siri:MessageIdentifier>
			<topics>
				<NetworkFrameTopic>
					<CodespaceRef ref="uic"/>
					<Current/>
					<TypeOfFrameRef ref="uic:B1"/>
					<NetworkFilterByValue>
						<objectReferences>
							<OperatorRef ref="uic:1080"/>
						</objectReferences>
					</NetworkFilterByValue>
				</NetworkFrameTopic>
			</topics>
			<Policy>
				<Language>fr</Language>
			</Policy>
		</DataObjectRequest>
	</siri:ServiceRequest>
</siri:Siri>
