<?xml version="1.0" encoding="iso-8859-1"?>
<!-- ==== SImple Network Example ====== 
This Example provides an example of a GTFS Trips.txt file
from the sample-feed.zip available at 
  http://code.google.com/transit/spec/transit_feed_specification.html
 
 
1. DATA
    It comprises
		route_id,service_id,trip_id,trip_headsign,direction_id,block_id,shape_id
		AB,FULLW,AB1,to Bullfrog,0,1,
		AB,FULLW,AB2,to Airport,1,2,
		STBA,FULLW,STBA,Shuttle,,,
		CITY,FULLW,CITY1,,0,,
		CITY,FULLW,CITY2,,1,,
		BFC,FULLW,BFC1,to Furnace Creek Resort,0,1,
		BFC,FULLW,BFC2,to Bullfrog,1,2,
		AAMV,WE,AAMV1,to Amargosa Valley,0,,
		AAMV,WE,AAMV2,to Airport,1,,
		AAMV,WE,AAMV3,to Amargosa Valley,0,,
		AAMV,WE,AAMV4,to Airport,1,,16.76218,, 

2. MAPPING

A GTFS trip maps to a NeTEx SERVICE JOURNEY

GTFS			NeTEx
route_id		<ServiceJourney><LineRef>@ref 
service_id,		<ServiceJourney><DayTypeRef>@ref 	
trip_id,			<ServiceJourney> @id				 
trip_headsign	<ServiceJourney> <DestinationDisplayView><Name> 
trip_short_name	<ServiceJourney>  <ShortName>
direction_id,   <ServiceJourney id="gtfs> <DirectionRef>@ref 
block_id,       <ServiceJourney> <BlockRef >@ref 
shape_id        (<ServiceJourne> <JourneyPatternView><RouteView><LinkSequenceProjection > ++)

3. Notes

     LinkSequenceProjection  (Added) Can be derived from projection of individual links and points

 GTFS Data copyright Google Inc

 NeTEx (C) CEN Copyright 2010
-->
<PublicationDelivery xmlns="http://www.netex.org.uk/netex" xmlns:xsi="http://www.w3.org/2001/XMLSchema-instance" version="1.0" xsi:schemaLocation="http://www.netex.org.uk/netex ../../../xsd/NeTEx_publication.xsd">
	<PublicationTimestamp>2001-12-17T09:30:47.0Z</PublicationTimestamp>
	<ParticipantRef>SYS001</ParticipantRef>
	<!--- ======WHAT WAS REQUESTED ========== -->
	<PublicationRequest version="1.0">
		<RequestTimestamp>2001-12-17T09:30:47.0Z</RequestTimestamp>
		<ParticipantRef>SYS002</ParticipantRef>
	</PublicationRequest>
	<PublicationRefreshInterval>P3M</PublicationRefreshInterval>
	<Description>Example of GTFS Service Journey data  (trips.txt file)</Description>
	<!--- =============== RESULTS =========== -->
	<dataObjects>
		<CompositeFrame version="1" id="mygtfsxm:CompositeFrame:DTA">
			<!--- ======= CODESPACEs======== -->
			<codespaces>
				<Codespace id="mygtfsxm">
					<Xmlns>mygtfsxm</Xmlns>
					<XmlnsUrl>http://www.demoagency.com/</XmlnsUrl>
					<Description>Demo Agency</Description>
				</Codespace>
				<Codespace id="gtfs">
					<Xmlns>gtfs</Xmlns>
					<XmlnsUrl>http://www.google.com/transit/gtfs</XmlnsUrl>
					<Description>GTFS code values</Description>
				</Codespace>
			</codespaces>
			<!--- =======FRAME DEFAULTS======== -->
			<FrameDefaults>
				<DefaultCodespaceRef ref="mygtfsxm"/>
			</FrameDefaults>
			<frames>
				<TimetableFrame version="any" id="mygtfsxm:TimetableFrame:DTA">
					<vehicleJourneys>
						<ServiceJourney version="any" id="mygtfsxm:AB1">
							<dayTypes>
								<DayTypeRef ref="mygtfsxm:DayType:FULLW"/>
							</dayTypes>
							<BlockRef ref="mygtfsxm:1"/>
							<LineRef ref="mygtfsxm:Line:AB"/>
							<JourneyPatternView>
								<DirectionRef ref="gtfs:direction:0"/>
								<DestinationDisplayView>
									<Name>to Bullfrog</Name>
								</DestinationDisplayView>
							</JourneyPatternView>
						</ServiceJourney>
						<ServiceJourney version="any" id="mygtfsxm:AB2">
							<dayTypes>
								<DayTypeRef ref="mygtfsxm:DayType:FULLW"/>
							</dayTypes>
							<BlockRef ref="mygtfsxm:2"/>
							<LineRef ref="mygtfsxm:Line:AB"/>
							<JourneyPatternView>
								<DirectionRef ref="gtfs:direction:1"/>
								<DestinationDisplayView>
									<Name>to Airport</Name>
								</DestinationDisplayView>
							</JourneyPatternView>
						</ServiceJourney>
						<ServiceJourney version="any" id="mygtfsxm:STBA">
							<dayTypes>
								<DayTypeRef ref="mygtfsxm:DayType:FULLW"/>
							</dayTypes>
							<LineRef ref="mygtfsxm:Line:STBA"/>
							<JourneyPatternView>
								<DestinationDisplayView>
									<Name>Shuttle</Name>
								</DestinationDisplayView>
							</JourneyPatternView>
						</ServiceJourney>
						<ServiceJourney version="any" id="mygtfsxm:ServiceJourney:CITY1">
							<dayTypes>
								<DayTypeRef ref="mygtfsxm:DayType:FULLW"/>
							</dayTypes>
							<LineRef ref="mygtfsxm:Line:CITY"/>
							<JourneyPatternView>
								<DirectionRef ref="gtfs:direction:0"/>
								<DestinationDisplayView>
									<Name>None</Name>
								</DestinationDisplayView>
							</JourneyPatternView>
						</ServiceJourney>
						<ServiceJourney version="any" id="mygtfsxm:CITY2">
							<dayTypes>
								<DayTypeRef ref="mygtfsxm:DayType:FULLW"/>
							</dayTypes>
							<LineRef ref="mygtfsxm:Line:CITY"/>
							<JourneyPatternView>
								<DirectionRef ref="gtfs:direction:1"/>
							</JourneyPatternView>
						</ServiceJourney>
						<ServiceJourney version="any" id="mygtfsxm:BFC1">
							<dayTypes>
								<DayTypeRef ref="mygtfsxm:DayType:FULLW"/>
							</dayTypes>
							<BlockRef ref="mygtfsxm:1"/>
							<LineRef ref="mygtfsxm:Line:BFC"/>
							<JourneyPatternView>
								<DirectionRef ref="gtfs:direction:0"/>
								<DestinationDisplayView>
									<Name>to Furnace Creek Resort</Name>
								</DestinationDisplayView>
							</JourneyPatternView>
						</ServiceJourney>
						<ServiceJourney version="any" id="mygtfsxm:BFC2">
							<dayTypes>
								<DayTypeRef ref="mygtfsxm:DayType:FULLW"/>
							</dayTypes>
							<BlockRef ref="mygtfsxm:2"/>
							<LineRef ref="mygtfsxm:Line:BFC"/>
							<JourneyPatternView>
								<DirectionRef ref="gtfs:direction:1"/>
								<DestinationDisplayView>
									<Name>to Bullfrog</Name>
								</DestinationDisplayView>
							</JourneyPatternView>
						</ServiceJourney>
						<ServiceJourney version="any" id="mygtfsxm:AAMV1">
							<dayTypes>
								<DayTypeRef ref="mygtfsxm:DayType:WE"/>
							</dayTypes>
							<LineRef ref="mygtfsxm:Line:AAMV"/>
							<JourneyPatternView>
								<DirectionRef ref="gtfs:direction:0"/>
								<DestinationDisplayView>
									<Name>to Amargosa Valley</Name>
								</DestinationDisplayView>
							</JourneyPatternView>
						</ServiceJourney>
						<ServiceJourney version="any" id="mygtfsxm:AAMV2">
							<dayTypes>
								<DayTypeRef ref="mygtfsxm:DayType:WE"/>
							</dayTypes>
							<LineRef ref="mygtfsxm:Line:AAMV"/>
							<JourneyPatternView>
								<DirectionRef ref="gtfs:direction:1"/>
								<DestinationDisplayView>
									<Name>to Airport</Name>
								</DestinationDisplayView>
							</JourneyPatternView>
						</ServiceJourney>
						<ServiceJourney version="any" id="mygtfsxm:AAMV3">
							<dayTypes>
								<DayTypeRef ref="mygtfsxm:DayType:WE"/>
							</dayTypes>
							<LineRef ref="mygtfsxm:Line:AAMV"/>
							<JourneyPatternView>
								<DirectionRef ref="gtfs:direction:0"/>
								<DestinationDisplayView>
									<Name>to Amargosa Valley</Name>
								</DestinationDisplayView>
							</JourneyPatternView>
						</ServiceJourney>
						<ServiceJourney version="any" id="mygtfsxm:AAMV4">
							<dayTypes>
								<DayTypeRef ref="mygtfsxm:DayType:WE"/>
							</dayTypes>
							<LineRef ref="mygtfsxm:Line:AAMV"/>
							<JourneyPatternView>
								<RouteView>
									<LinkSequenceProjectionRef ref="mygtfsxm:SequenceProjection:16.76218"/>
									<!-- gtfs Shape -->
								</RouteView>
								<DirectionRef ref="gtfs:direction:1"/>
								<DestinationDisplayView>
									<Name>to Airport</Name>
								</DestinationDisplayView>
							</JourneyPatternView>
						</ServiceJourney>
					</vehicleJourneys>
				</TimetableFrame>
			</frames>
		</CompositeFrame>
	</dataObjects>
</PublicationDelivery>
