<?xml version="1.0" encoding="iso-8859-1"?>
<!-- ==== SImple Network Example ====== 
This Example provides an example of a GTFS Shapes.txt file
from the sample-feed.zip available at 
  http://code.google.com/transit/spec/transit_feed_specification.html
 
 
1. DATA
    It comprises
		shape_id,shape_pt_lat,shape_pt_lon,shape_pt_sequence,shape_dist_traveled
	 
		AB2o,53.00, 1.00,1,100 
		AB2o,53.10, 1.10,2,120 
		AB2o,53.20, 1.20,3,130 
		CITY,53.00, 1.00,1,100 
		CITY,53.10, 1.10,2,120 
		CITY,53.20, 1.20,3,130 

 2. MAPPING

A GTFS Shape  maps to a NeTEx gml:LineString

GTFS									NeTEx
shape_id,								<LinkSequenceProjection> @id  <gml:LineString   gml:id=""> 
shape_pt_lat,						<LinkSequenceProjection><gml:LineString ><gml:pos >x </gml:pos>
shape_pt_lon,shape_pt_lat,		<LinkSequenceProjection><gml:LineString ><gml:pos >y </gml:pos>
shape_pt_sequence,  			(pml ordered collection)
shape_dist_traveled  				<LinkSequenceProjection><Distance>

  
3. Notes

     LinkSequenceProjection  (Added) Can be derived from projection of individual links and points

 GTFS Data copyright Google Inc

 NeTEx (C) CEN Copyright 2010
-->
<PublicationDelivery xmlns="http://www.netex.org.uk/netex" xmlns:gml="http://www.opengis.net/gml/3.2" xmlns:xsi="http://www.w3.org/2001/XMLSchema-instance" version="1.0" xsi:schemaLocation="http://www.netex.org.uk/netex ../../../xsd/NeTEx_publication.xsd">
	<PublicationTimestamp>2001-12-17T09:30:47.0Z</PublicationTimestamp>
	<ParticipantRef>SYS001</ParticipantRef>
	<!--- ======WHAT WAS REQUESTED ========== -->
	<PublicationRequest version="1.0">
		<RequestTimestamp>2001-12-17T09:30:47.0Z</RequestTimestamp>
		<ParticipantRef>SYS002</ParticipantRef>
	</PublicationRequest>
	<PublicationRefreshInterval>P3M</PublicationRefreshInterval>
	<Description>Example of GTFS Shape data  shapes.txt file)</Description>
	<!--- =============== RESULTS =========== -->
	<dataObjects>
		<TimetableFrame version="any" id="mygtfsxm:TimetableFrame:DTA">
			<!--- ======= CODESPACEs======== -->
			<codespaces>
				<Codespace id="mygtfsxm">
					<Xmlns>mygtfsxm</Xmlns>
					<XmlnsUrl>http://www.demoagency.com/</XmlnsUrl>
					<Description>Demo Agency</Description>
				</Codespace>
			</codespaces>
			<!--- =======FRAME DEFAULTS======== -->
			<FrameDefaults>
				<DefaultCodespaceRef ref="mygtfsxm"/>
			</FrameDefaults>
			<vehicleJourneys>
				<ServiceJourney version="any" id="AB2o">
					<LinkSequenceProjection version="any" id="AB2o">
						<gml:LineString srsName="WGS84" gml:id="AB2o">
							<gml:pos>53.00 1.00</gml:pos>
							<gml:pos>53.10  1.10</gml:pos>
							<gml:pos>53.20  1.20</gml:pos>
						</gml:LineString>
					</LinkSequenceProjection>
				</ServiceJourney>
				<ServiceJourney version="any" id="CITY">
					<LinkSequenceProjection version="any" id="CITY">
						<gml:LineString srsName="WGS84" gml:id="CITY">
							<gml:pos>53.00 1.00</gml:pos>
							<gml:pos>53.10  1.10</gml:pos>
							<gml:pos>53.20  1.20</gml:pos>
						</gml:LineString>
					</LinkSequenceProjection>
				</ServiceJourney>
			</vehicleJourneys>
		</TimetableFrame>
	</dataObjects>
</PublicationDelivery>
