<?xml version="1.0" encoding="iso-8859-1"?>
<!-- ==== SImple Timetable  Example ====== 
This example shows the encoding of a Zonal fare set for a  simple bus timetable for a linear route in NeTex XML  
Uses Zone To Zone fares.  There is a discount for children 16 or under
 
I 
 

-->
<PublicationDelivery xmlns="http://www.netex.org.uk/netex" xmlns:siri="http://www.siri.org.uk/siri" xmlns:gml="http://www.opengis.net/gml/3.2" xmlns:xsi="http://www.w3.org/2001/XMLSchema-instance" xmlns:mybus="http://www.mybuses.eu/stuff" xmlns:myfares="http://www.mybuses.eu/fares" xmlns:hde="http://www.halt.de/" version="1.0" xsi:schemaLocation="http://www.netex.org.uk/netex ../../../xml/NeTEx_publication.xsd">
	<PublicationTimestamp>2010-12-17T09:30:47.0Z</PublicationTimestamp>
	<ParticipantRef>SYS001</ParticipantRef>
	<!--- ======WHAT WAS REQUESTED ========== -->
	<PublicationRequest version="1.0">
		<RequestTimestamp>2010-12-17T09:30:47.0Z</RequestTimestamp>
		<ParticipantRef>SYS002</ParticipantRef>
		<!--
		<filters>
			<FrameRequestFilter>
				<Topics>
					<selectionValidityConditions>
						<AvailabilityCondition version="any" id="hde:AvailabilityCondition:CAL_02">
							<FromDate>2011-01-01T00:00:00Z</FromDate>
						</AvailabilityCondition>
					</selectionValidityConditions>
					<FareFrameRef ref="cdla:FareFrame:FF01">REQUEST</FareFrameRef>
				</Topics>
			</FrameRequestFilter>
		</filters>
		-->
	</PublicationRequest>
	<PublicationRefreshInterval>P1M</PublicationRefreshInterval>
	<Description>Example  of simple point to point fares</Description>
	<!--- =============== RESULTS =========== -->
	<dataObjects>
		<CompositeFrame version="1" id="hde:CompositeFrame:CAL_02">
			<validityConditions>
				<ValidBetween>
					<FromDate>2011-01-01T00:00:00Z</FromDate>
					<ToDate>2011-07-01T00:00:00Z</ToDate>
				</ValidBetween>
			</validityConditions>
			<frames>
				<!--- ========SERVICE FRAME  ========== -->
				<ServiceFrame version="1" id="kx:ServiceFrame:svf_12">
					<Name>Stops for Winter timetable for Network</Name>
					<!--- =========STOP POINTs============ -->
					<tariffZones>
						<!--- ====TARIFF ZONEs ======== -->
						<!--- ====Midlands=== -->
						<TariffZone version="any" id="cdla:TariffZone:MidlandsArea">
							<Name>Midlands Area</Name>
						</TariffZone>
						<TariffZone version="any" id="cdla:TariffZone:Burton_And_Swadlincote">
							<Name>Burton &amp; Swadlincote</Name>
							<ParentZoneRef version="any" ref="cdla:TariffZone:MidlandsArea"/>
						</TariffZone>
						<TariffZone version="any" id="cdla:TariffZone:Cannock">
							<Name>Cannock</Name>
							<ParentZoneRef version="any" ref="cdla:TariffZone:MidlandsArea"/>
						</TariffZone>
						<TariffZone version="any" id="cdla:TariffZone:Coalville">
							<Name>Coalville</Name>
							<ParentZoneRef version="any" ref="cdla:TariffZone:MidlandsArea"/>
						</TariffZone>
						<TariffZone version="any" id="cdla:TariffZone:Derby">
							<Name>Derby</Name>
							<ParentZoneRef version="any" ref="cdla:TariffZone:MidlandsArea"/>
						</TariffZone>
						<TariffZone version="any" id="cdla:TariffZone:Leicester_City_Plus">
							<Name>Leicester City Plus</Name>
							<ParentZoneRef version="any" ref="cdla:TariffZone:MidlandsArea"/>
						</TariffZone>
						<TariffZone version="any" id="cdla:TariffZone:Midlands">
							<Name>Midlands</Name>
							<ParentZoneRef version="any" ref="cdla:TariffZone:MidlandsArea"/>
						</TariffZone>
						<TariffZone version="any" id="cdla:TariffZone:Shrewsbury">
							<Name>Shrewsbury</Name>
							<ParentZoneRef version="any" ref="cdla:TariffZone:MidlandsArea"/>
						</TariffZone>
						<TariffZone version="any" id="cdla:TariffZone:Stafford">
							<Name>Stafford</Name>
							<ParentZoneRef version="any" ref="cdla:TariffZone:MidlandsArea"/>
						</TariffZone>
						<TariffZone version="any" id="cdla:TariffZone:Sutton_And_Birmingham">
							<Name>Sutton &amp; Birmingham</Name>
							<ParentZoneRef version="any" ref="cdla:TariffZone:MidlandsArea"/>
						</TariffZone>
						<TariffZone version="any" id="cdla:TariffZone:Tamworth">
							<Name>Tamworth</Name>
							<ParentZoneRef version="any" ref="cdla:TariffZone:MidlandsArea"/>
						</TariffZone>
						<TariffZone version="any" id="cdla:TariffZone:Telford">
							<Name>Telford</Name>
							<ParentZoneRef version="any" ref="cdla:TariffZone:MidlandsArea"/>
						</TariffZone>
						<!--- ====North East======== -->
						<TariffZone version="any" id="cdla:TariffZone:North_East">
							<Name>North East Area</Name>
						</TariffZone>
					</tariffZones>
				</ServiceFrame>
				<!--- =============== FAREs =========== -->
				<FareFrame version="any" id="cdla:FareFrame:FF01">
					<FrameDefaults>
						<DefaultCurrency>GBP</DefaultCurrency>
					</FrameDefaults>
					<!--- ====Fare Product======= -->
					<fareProducts>
						<PreassignedFareProduct version="any" id="cdla:PreassignedFareProduct:zonal_adult_day">
							<Name>Adult Day Zonal  fare    </Name>
							<validityParameterAssignments>
								<ValidityParameterAssignment version="any" id="cdla:ValidityParameterAssignment:zonal_adult_day_UserProfile">
									<UserProfileRef version="any" ref="cdla:UserProfile:adult"/>
								</ValidityParameterAssignment>
								<ValidityParameterAssignment version="any" id="cdla:ValidityParameterAssignment:zonal_adult_day_UsageValidityPeriod">
									<UsageValidityPeriodRef version="any" ref="cdla:UsageValidityPeriod:day"/>
								</ValidityParameterAssignment>
								<ValidityParameterAssignment version="any" id="cdla:ValidityParameterAssignment:zonal_adult_day_Transferability">
									<TransferabilityRef version="any" ref="cdla:Transferability:canTransfer"/>
								</ValidityParameterAssignment>
							</validityParameterAssignments>
						</PreassignedFareProduct>
						<PreassignedFareProduct version="any" id="cdla:PreassignedFareProduct:zonal_adult_weekly">
							<Name>Weekly  Zonal  fare    </Name>
							<validityParameterAssignments>
								<ValidityParameterAssignment version="any" id="cdla:ValidityParameterAssignment:zonal_adult_weekly_UserProfile">
									<UserProfileRef version="any" ref="cdla:UserProfile:adult"/>
								</ValidityParameterAssignment>
								<ValidityParameterAssignment version="any" id="cdla:ValidityParameterAssignment:zonal_adult_weekly_UsageValidityPeriod">
									<UsageValidityPeriodRef version="any" ref="cdla:UsageValidityPeriod:weekly"/>
								</ValidityParameterAssignment>
								<ValidityParameterAssignment version="any" id="cdla:ValidityParameterAssignment:zonal_adult_weekly_Transferability">
									<TransferabilityRef version="any" ref="cdla:Transferability:canTransfer"/>
								</ValidityParameterAssignment>
							</validityParameterAssignments>
						</PreassignedFareProduct>
						<PreassignedFareProduct version="any" id="cdla:PreassignedFareProduct:zonal_adult_4weekly">
							<Name>4 Weekly  Zonal  fare    </Name>
							<validityParameterAssignments>
								<ValidityParameterAssignment version="any" id="cdla:ValidityParameterAssignment:zonal_adult_4weekly_UserProfile">
									<UserProfileRef version="any" ref="cdla:UserProfile:adult"/>
								</ValidityParameterAssignment>
								<ValidityParameterAssignment version="any" id="cdla:ValidityParameterAssignment:zonal_adult_4weekly_UsageValidityPeriod">
									<UsageValidityPeriodRef version="any" ref="cdla:UsageValidityPeriod:weekly"/>
								</ValidityParameterAssignment>
								<ValidityParameterAssignment version="any" id="cdla:ValidityParameterAssignment:zonal_adult_4weekly_Transferability">
									<TransferabilityRef version="any" ref="cdla:Transferability:canTransfer"/>
								</ValidityParameterAssignment>
							</validityParameterAssignments>
						</PreassignedFareProduct>
						<PreassignedFareProduct version="any" id="cdla:PreassignedFareProduct:zonal_adult_annual">
							<Name>Annuak  Zonal  fare    </Name>
							<validityParameterAssignments>
								<ValidityParameterAssignment version="any" id="cdla:ValidityParameterAssignment:zonal_adult_annual_UserProfile">
									<UserProfileRef version="any" ref="cdla:UserProfile:adult"/>
								</ValidityParameterAssignment>
								<ValidityParameterAssignment version="any" id="cdla:ValidityParameterAssignment:zonal_adult_annual_UsageValidityPeriod">
									<UsageValidityPeriodRef version="any" ref="cdla:UsageValidityPeriod:annual"/>
								</ValidityParameterAssignment>
								<ValidityParameterAssignment version="any" id="cdla:ValidityParameterAssignment:zonal_adult_annual_Transferability">
									<TransferabilityRef version="any" ref="cdla:Transferability:canTransfer"/>
								</ValidityParameterAssignment>
							</validityParameterAssignments>
						</PreassignedFareProduct>
						<PreassignedFareProduct version="any" id="cdla:PreassignedFareProduct:zonal_student_annual">
							<Name>Student  Zonal  fare    </Name>
							<validityParameterAssignments>
								<ValidityParameterAssignment version="any" id="cdla:ValidityParameterAssignment:zonal_student_annual_UserProfile">
									<UserProfileRef version="any" ref="cdla:UserProfile:student"/>
								</ValidityParameterAssignment>
								<ValidityParameterAssignment version="any" id="cdla:ValidityParameterAssignment:zonal_student_annual_UsageValidityPeriod">
									<UsageValidityPeriodRef version="any" ref="cdla:UsageValidityPeriod:annual"/>
								</ValidityParameterAssignment>
								<ValidityParameterAssignment version="any" id="cdla:ValidityParameterAssignment:zonal_student_annual_Transferability">
									<TransferabilityRef version="any" ref="cdla:Transferability:canTransfer"/>
								</ValidityParameterAssignment>
							</validityParameterAssignments>
						</PreassignedFareProduct>
					</fareProducts>
					<!--- ====Fare Usage Parameters======= -->
					<fareUsageParameters>
						<Transferability version="any" id="cdla:Transferability:canTransfer">
							<Name>One trip  only, any route, unlimited transfers</Name>
							<TransferabilityType>unlimited</TransferabilityType>
						</Transferability>
						<FrequencyOfUse version="any" id="cdla:FrequencyOfUse:oneTrip">
							<MaximalFrequency>1</MaximalFrequency>
						</FrequencyOfUse>
						<UsageValidityPeriod version="any" id="cdla:UsageValidityPeriod:day">
							<Name>Valid for24 hourse from purchase</Name>
							<ValidityPeriodType>duration</ValidityPeriodType>
							<StandardDuration>P1D</StandardDuration>
						</UsageValidityPeriod>
						<UsageValidityPeriod version="any" id="cdla:UsageValidityPeriod:weekly">
							<Name>Valid for 1 week from purchase</Name>
							<ValidityPeriodType>duration</ValidityPeriodType>
							<StandardDuration>P7D</StandardDuration>
						</UsageValidityPeriod>
						<UsageValidityPeriod version="any" id="cdla:UsageValidityPeriod:4weekly">
							<Name>Valid for 1 week from purchase</Name>
							<ValidityPeriodType>duration</ValidityPeriodType>
							<StandardDuration>P28D</StandardDuration>
						</UsageValidityPeriod>
						<UsageValidityPeriod version="any" id="cdla:UsageValidityPeriod:annual">
							<Name>Valid for 1 year from purchase</Name>
							<ValidityPeriodType>duration</ValidityPeriodType>
							<StandardDuration>P365D</StandardDuration>
						</UsageValidityPeriod>
						<UserProfile version="any" id="cdla:UserProfile:adult">
							<Name>Adult Fare</Name>
							<TypeOfConcessionRef version="any" ref="cdla:TypeOfConcession:adult"/>
						</UserProfile>
						<UserProfile version="any" id="cdla:UserProfile:student">
							<Name>student Fare</Name>
							<TypeOfConcessionRef version="any" ref="cdla:TypeOfConcession:student"/>
						</UserProfile>
					</fareUsageParameters>
					<!--- ====Fare Structure======= -->
					<fareStructures>
						<FareStructure version="any" id="cdla:FareStructure:zoneToZone_fare">
							<Name>Zoneal fares</Name>
							<distanceMatrixElements>
								<DistanceMatrixElement version="any" id="cdla:DistanceMatrixElement:Burton_And_Swadlincote">
									<StartTariffZoneRef version="any" ref="cdla:TariffZone:Burton_And_Swadlincote"/>
									<EndTariffZoneRef version="any" ref="cdla:TariffZone:Burton_And_Swadlincote"/>
									<prices>
										<UsageParameterPriceRef version="any" ref="cdla:UsageParameterPrice:Burton_And_Swadlincote_adult_weekly"/>
										<UsageParameterPriceRef version="any" ref="cdla:UsageParameterPrice:Burton_And_Swadlincote_adult_4weekly"/>
										<UsageParameterPriceRef version="any" ref="cdla:UsageParameterPrice:Burton_And_Swadlincote_adult_annual"/>
									</prices>
								</DistanceMatrixElement>
								<DistanceMatrixElement version="any" id="cdla:DistanceMatrixElement:Cannock">
									<StartTariffZoneRef version="any" ref="cdla:TariffZone:Cannock"/>
									<EndTariffZoneRef version="any" ref="cdla:TariffZone:Cannock"/>
									<prices>
										<UsageParameterPriceRef version="any" ref="cdla:UsageParameterPrice:Cannock_adult_day"/>
										<UsageParameterPriceRef version="any" ref="cdla:UsageParameterPrice:Cannock_adult_weekly"/>
										<UsageParameterPriceRef version="any" ref="cdla:UsageParameterPrice:Cannock_adult_4weekly"/>
										<UsageParameterPriceRef version="any" ref="cdla:UsageParameterPrice:Cannock_adult_annual"/>
									</prices>
								</DistanceMatrixElement>
								<DistanceMatrixElement version="any" id="cdla:DistanceMatrixElement:Leicester_City_Plus">
									<StartTariffZoneRef version="any" ref="cdla:TariffZone:Leicester_City_Plus"/>
									<EndTariffZoneRef version="any" ref="cdla:TariffZone:Leicester_City_Plus"/>
									<prices>
										<UsageParameterPriceRef version="any" ref="cdla:UsageParameterPrice:Leicester_City_Plus_adult_day"/>
										<UsageParameterPriceRef version="any" ref="cdla:UsageParameterPrice:Leicester_City_Plus_adult_weekly"/>
										<UsageParameterPriceRef version="any" ref="cdla:UsageParameterPrice:Leicester_City_Plus_adult_4weekly"/>
										<UsageParameterPriceRef version="any" ref="cdla:UsageParameterPrice:Leicester_City_Plus_adult_annual"/>
										<UsageParameterPriceRef version="any" ref="cdla:UsageParameterPrice:Leicester_City_Plus_student_annual"/>
									</prices>
								</DistanceMatrixElement>
							</distanceMatrixElements>
						</FareStructure>
					</fareStructures>
					<!--- ====Fare Prices======= -->
					<farePrices>
						<PriceGroup version="any" id="cdla:PriceGroup:zoneToZone">
							<Name>Prices for Zonal Fare Product  </Name>
							<members>
								<UsageParameterPrice version="any" id="cdla:UsageParameterPrice:Burton_And_Swadlincote_adult_weekly">
									<!--				
<Zone>Burton and Swadlincote</Zone>
<Type>Adult</Type>
<Validity>Weekly</Validity>
<Price>15</Price>
<PriceActivationFrom></PriceActivationFrom>,Variable,
<period>6</period>
<SalesChannel>Mobile</SalesChannel>
<PostalFulfilment>Mobile</PostalFulfilment>			-->
									<Name>Burton and Swadlincote Adult full fare weekly</Name>
									<Amount>15</Amount>
									<UsageValidityPeriodRef version="any" ref="cdla:UsageValidityPeriod:weekly"/>
									<UserProfileRef version="any" ref="cdla:UserProfile:adult"/>
									<FareProductRef version="any" ref="cdla:PreassignedFareProduct:zonal_adult_weekly"/>
									<DistanceMatrixElementRef version="any" ref="cdla:DistanceMatrixElement:Burton_And_Swadlincote"/>
								</UsageParameterPrice>
								<UsageParameterPrice version="any" id="cdla:UsageParameterPrice:Burton_And_Swadlincote_adult_4weekly">
									<!--				
<Zone>Burton & Swadlincote</Zone>
<Type>Adult</Type>
<Validity>4 Weekly</Validity>
<Price>45</Price> 
<period>27</period>
<SalesChannel>All</SalesChannel>
<PostalFulfilment>Alpha Graphics</PostalFulfilment> -->
									<Name>Burton and Swadlincote Adult full fare 4 weekly</Name>
									<Amount>45</Amount>
									<UsageValidityPeriodRef version="any" ref="cdla:UsageValidityPeriod:4weekly"/>
									<UserProfileRef version="any" ref="cdla:UserProfile:adult"/>
									<FareProductRef version="any" ref="cdla:PreassignedFareProduct:zonal_adult_4weekly"/>
									<DistanceMatrixElementRef version="any" ref="cdla:DistanceMatrixElement:Burton_And_Swadlincote"/>
								</UsageParameterPrice>
								<UsageParameterPrice version="any" id="cdla:UsageParameterPrice:Burton_And_Swadlincote_adult_annual">
									<!--		
<Zone>Burton & Swadlincote</Zone>
<Type>Adult</Type>
<Validity>Annual</Validity>
<Price>490</Price> 
<period>365</period>
<SalesChannel>All</SalesChannel>
<PostalFulfilment>Alpha Graphics</PostalFulfilment>	  -->
									<Name>Adult full fare</Name>
									<Amount>490</Amount>
									<UsageValidityPeriodRef version="any" ref="cdla:UsageValidityPeriod:annual"/>
									<UserProfileRef version="any" ref="cdla:UserProfile:adult"/>
									<FareProductRef version="any" ref="cdla:PreassignedFareProduct:zonal_adult_annual"/>
									<DistanceMatrixElementRef version="any" ref="cdla:DistanceMatrixElement:Burton_And_Swadlincote"/>
								</UsageParameterPrice>
								<UsageParameterPrice version="any" id="cdla:UsageParameterPrice:Cannock_adult_day">
									<!--		
<Zone>Cannock</Zone>
<Type>Adult</Type>
<Validity>Day</Validity>
<Price>3.8</Price> 
<period>0</period>
<SalesChannel>Mobile</SalesChannel>
<PostalFulfilment>Mobile</PostalFulfilment>  -->
									<Name>CannockAdult full fareday</Name>
									<Amount>3.80</Amount>
									<UsageValidityPeriodRef version="any" ref="cdla:UsageValidityPeriod:day"/>
									<UserProfileRef version="any" ref="cdla:UserProfile:adult"/>
									<FareProductRef version="any" ref="cdla:PreassignedFareProduct:zonal_adult_day"/>
									<DistanceMatrixElementRef version="any" ref="cdla:DistanceMatrixElement:Cannock"/>
								</UsageParameterPrice>
								<UsageParameterPrice version="any" id="cdla:UsageParameterPrice:Cannock_adult_weekly">
									<!--	
<Zone>Cannock</Zone>
<Type>Adult</Type>
<Validity>Weekly</Validity>
<Price>15</Price> 
<period>6</period>
<SalesChannel>Mobile</SalesChannel>
<PostalFulfilment>Mobile</PostalFulfilment> -->
									<Name>CannockAdult full fare weekly</Name>
									<Amount>15</Amount>
									<UsageValidityPeriodRef version="any" ref="cdla:UsageValidityPeriod:weekly"/>
									<UserProfileRef version="any" ref="cdla:UserProfile:adult"/>
									<FareProductRef version="any" ref="cdla:PreassignedFareProduct:zonal_adult_weekly"/>
									<DistanceMatrixElementRef version="any" ref="cdla:DistanceMatrixElement:Cannock"/>
								</UsageParameterPrice>
								<UsageParameterPrice version="any" id="cdla:UsageParameterPrice:Cannock_adult_4weekly">
									<!--	
<Zone>Cannock</Zone>
<Type>Adult</Type>
<Validity>4 Weekly</Validity>
<Price>45</Price> 
<period>27</period>
<SalesChannel>All</SalesChannel>
<PostalFulfilment>Alpha Graphics</PostalFulfilment> -->
									<Name>CannockAdult full fare 4 weekly</Name>
									<Amount>45</Amount>
									<UsageValidityPeriodRef version="any" ref="cdla:UsageValidityPeriod:4weekly"/>
									<UserProfileRef version="any" ref="cdla:UserProfile:adult"/>
									<FareProductRef version="any" ref="cdla:PreassignedFareProduct:zonal_adult_4weekly"/>
									<DistanceMatrixElementRef version="any" ref="cdla:DistanceMatrixElement:Cannock"/>
								</UsageParameterPrice>
								<UsageParameterPrice version="any" id="cdla:UsageParameterPrice:Cannock_adult_annual">
									<!--	
<Zone>Cannock</Zone>
<Type>Adult</Type>
<Validity>Annual</Validity>
<Price>490</Price>
<PriceActivationFrom></PriceActivationFrom>,Variable,
<period>365</period>
<SalesChannel>All</SalesChannel>
<PostalFulfilment>Alpha Graphics</PostalFulfilment>  -->
									<Name>CannockAdult full fare Annual</Name>
									<Amount>45</Amount>
									<UsageValidityPeriodRef version="any" ref="cdla:UsageValidityPeriod:annual"/>
									<UserProfileRef version="any" ref="cdla:UserProfile:adult"/>
									<FareProductRef version="any" ref="cdla:PreassignedFareProduct:zonal_adult_annual"/>
									<DistanceMatrixElementRef version="any" ref="cdla:DistanceMatrixElement:Cannock"/>
								</UsageParameterPrice>
								<UsageParameterPrice version="any" id="cdla:UsageParameterPrice:Leicester_City_Plus_adult_day">
									<!--		
								 
<Zone>Leicester City Plus</Zone>
<Type>Adult</Type>
<Validity>Day</Validity>
<Price>3.6</Price>
<period>0</period>
<SalesChannel>Mobile</SalesChannel>
<PostalFulfilment>Mobile</PostalFulfilment>			-->
									<Name>Leicester_City_PlusAdult full fareday</Name>
									<Amount>3.60</Amount>
									<UsageValidityPeriodRef version="any" ref="cdla:UsageValidityPeriod:day"/>
									<UserProfileRef version="any" ref="cdla:UserProfile:adult"/>
									<FareProductRef version="any" ref="cdla:PreassignedFareProduct:zonal_adult_day"/>
									<DistanceMatrixElementRef version="any" ref="cdla:DistanceMatrixElement:Leicester_City_Plus"/>
								</UsageParameterPrice>
								<UsageParameterPrice version="any" id="cdla:UsageParameterPrice:Leicester_City_Plus_adult_weekly">
									<!--	
<Zone>Leicester City Plus</Zone>
<Type>Adult</Type>
<Validity>Weekly</Validity>
<Price>15</Price>
<period>6</period>
<SalesChannel>Mobile</SalesChannel>
<PostalFulfilment>Mobile</PostalFulfilment> -->
									<Name>Leicester_City_PlusAdult full fare weekly</Name>
									<Amount>15</Amount>
									<UsageValidityPeriodRef version="any" ref="cdla:UsageValidityPeriod:weekly"/>
									<UserProfileRef version="any" ref="cdla:UserProfile:adult"/>
									<FareProductRef version="any" ref="cdla:PreassignedFareProduct:zonal_adult_weekly"/>
									<DistanceMatrixElementRef version="any" ref="cdla:DistanceMatrixElement:Leicester_City_Plus"/>
								</UsageParameterPrice>
								<UsageParameterPrice version="any" id="cdla:UsageParameterPrice:Leicester_City_Plus_adult_4weekly">
									<!--	
<Zone>Leicester City Plus</Zone>
<Type>Adult</Type>
<Validity>4 Weekly</Validity>
<Price>45</Price>
<period>27</period>
<SalesChannel>All</SalesChannel>
<PostalFulfilment>Alpha Graphics</PostalFulfilment> -->
									<Name>Leicester_City_PlusAdult full fare 4 weekly</Name>
									<Amount>45</Amount>
									<UsageValidityPeriodRef version="any" ref="cdla:UsageValidityPeriod:4weekly"/>
									<UserProfileRef version="any" ref="cdla:UserProfile:adult"/>
									<FareProductRef version="any" ref="cdla:PreassignedFareProduct:zonal_adult_4weekly"/>
									<DistanceMatrixElementRef version="any" ref="cdla:DistanceMatrixElement:Leicester_City_Plus"/>
								</UsageParameterPrice>
								<UsageParameterPrice version="any" id="cdla:UsageParameterPrice:Leicester_City_Plus_adult_annual">
									<!--	
<Zone>Leicester_City_Plus</Zone>
<Type>Adult</Type>
<Validity>Annual</Validity>
<Price>490</Price>
<PriceActivationFrom></PriceActivationFrom>,Variable,
<period>365</period>
<SalesChannel>All</SalesChannel>
<PostalFulfilment>Alpha Graphics</PostalFulfilment>  -->
									<Name>Leicester_City_PlusAdult full fare Annual</Name>
									<Amount>45</Amount>
									<UsageValidityPeriodRef version="any" ref="cdla:UsageValidityPeriod:annual"/>
									<UserProfileRef version="any" ref="cdla:UserProfile:adult"/>
									<FareProductRef version="any" ref="cdla:PreassignedFareProduct:zonal_adult_annual"/>
									<DistanceMatrixElementRef version="any" ref="cdla:DistanceMatrixElement:Leicester_City_Plus"/>
								</UsageParameterPrice>
								<UsageParameterPrice version="any" id="cdla:UsageParameterPrice:Leicester_City_Plus_student_annual">
									<!--	
<Zone>Leicester City Plus</Zone>
<Type>Student</Type>
<Validity>Academic Year</Validity>
<Price>320</Price>
<PriceActivationFrom>20110822</PriceActivationFrom>,Fixed,
<period></period>
<ValidityPeriodFrom>20110901</ValidityPeriodFrom>
<ValidityPeriodTo>20120731</ValidityPeriodTo>
<AvailabilityPeriodFrom>20110822</AvailabilityPeriodFrom>
<AvailabilityPeriodTo>20111031</AvailabilityPeriodTo>
<SalesChannel>All</SalesChannel>
<PostalFulfilment>Alpha Graphics</PostalFulfilment>
<Promo>288</Promo>,  -->
									<Name>Leicester_City_PlusAdult full fare Annual</Name>
									<StartDate>2011-08-22</StartDate>
									<Amount>320</Amount>
									<UsageValidityPeriodRef version="any" ref="cdla:UsageValidityPeriod:annual"/>
									<UserProfileRef version="any" ref="cdla:UserProfile:student"/>
									<FareProductRef version="any" ref="cdla:PreassignedFareProduct:zonal_student_annual"/>
									<DistanceMatrixElementRef version="any" ref="cdla:DistanceMatrixElement:Leicester_City_Plus"/>
								</UsageParameterPrice>
								<!--

 


-->
							</members>
						</PriceGroup>
					</farePrices>
					<salesPackages>
						<SalesPackage version="any" id="cdla:SalesPackage:mobile">
							<Name>Mobile Sale</Name>
							<SalesPackageElements>
								<SalesPackageElement version="any" id="cdla:SalesPackageElement:mobile">
									<TypeOfTravelDocumentRef ref="cdla:TypeOfTravelDocument:mobile"/>
									<FareProductRef version="any" ref="cdla:PreassignedFareProduct:zonal_adult_annual"/>
								</SalesPackageElement>
							</SalesPackageElements>
						</SalesPackage>
					</salesPackages>
				</FareFrame>
				<!--- ====RESOURCES==== -->
				<ResourceFrame version="any" id="cdla:ResourceFrame:DTA">
					<typesOfValue>
						<ValueSet version="any" id="cdla:ValueSet:TypeOfConcession">
							<Name>Types of concession</Name>
							<values>
								<!--- ====TypeOfConcession method========= -->
								<TypeOfConcession version="any" id="cdla:TypeOfConcession:adult">
									<Name>Adult</Name>
								</TypeOfConcession>
								<TypeOfConcession version="any" id="cdla:TypeOfConcession:student">
									<Name>Student</Name>
								</TypeOfConcession>
							</values>
						</ValueSet>
					</typesOfValue>
				</ResourceFrame>
			</frames>
		</CompositeFrame>
	</dataObjects>
</PublicationDelivery>
