<?xml version="1.0" encoding="iso-8859-1"?>
<!-- ==== SImple Timetable  Example ====== 
This example shows the encoding of a fare set for a simple bus network with two routes and off peak fares in NeTex XML  
   
It is  similar to thr simple zonal example except that there are separate 
FARE PRODUCTS for Peak and Off Peak times 

The Prices are held separately in a PRICE GROUP  to make it easy to change them 
 
It is based  on other examples  
		Netex_01.4_Bus_SimpleTimetable_WithConnection.xml
		Netex_51.3_Bus_SimpleFares_ZoneToZone_SeparatePrices.xml

Q. how to do timebands by exception e.g. peak/ not peak
how top do usage + distancematrix element
  
1. OVERVIEW
============
There are two LINEs
     Line 24 - the primary line
     Line 46 for the connecting line

		  The first route has just  three stops       	  A - B  - C   
																		::
	 	The second route 	has stops							B	- Q  - R
	
	
	TARIFF ZONE 1 has SCHEDULED STOP POINT : A
	TARIFF ZONE 2 has SCHEDULED STOP POINTss: B, C , Q  
	TARIFF ZONE 3 has SCHEDULED STOP POINTs: Q,  R

Stop Q is in two zones   : 2 and 3.

There are four  ZoneToZone FARE PRODUCTS : 

	Adult Standard Fare
	Child  Standard fare
	Adult Peak Fare
	Child  Peak fare

Adult prices are
	From To	Adult Price    
						Zone	1		Zone	2				Zone	3
    Zone	1  		 0.50 EUR		1.00 EUR	 	3.00 EUR		 
    Zone	2	 			-				0.50 EUR		2.00 EUR	
	Zone	3				 -				-					0.75 EUR	
	
The prices are thus 
Zone to Zone  Fare matrix
				Adult Price   						Child price
From To	OffPeak 		Peak   	
    1  1		0.50 EUR		1.00 EUR		50%    		 
    1  2		1.00 EUR		2.00 EUR		50%    
    1  3		3.00 EUR		4.00 EUR 		50%
	2  2		0.50 EUR		1.00 EUR.		50%
	2  3		2.00 EUR		2.50 EUR.		50%
	3  3		0.75 EUR		1.00 EUR.		50%


1. OVERVIEW
============ 
 
A 
==================================
2. DETAILS 

SCHEDULED STOP POINTs
	    A)   mybus:ScheduledStopPoint:ssp_001  Alpha 
		B)  mybus:ScheduledStopPoint:ssp_002   Bravo 
		C)  mybus:ScheduledStopPoint:ssp_077	 Charley 

		Q)  mybus:ScheduledStopPoint:ssp_021	 Quebec 
		R)  mybus:ScheduledStopPoint:ssp_022	 Romeo

DISTANCE MATRIX ELEMENTs
	1 1   DISTANCE MATRIX ELEMENT myfares:DistanceMatrixElement:Z1_to_Z1
	1 2   DISTANCE MATRIX ELEMENT myfares:DistanceMatrixElement:Z1_to_Z2
    1 3   DISTANCE MATRIX ELEMENT myfares:DistanceMatrixElement:Z1_to_Z3
    2 2   DISTANCE MATRIX ELEMENT myfares:DistanceMatrixElement:Z2_to_Z2
    2 3   DISTANCE MATRIX ELEMENT myfares:DistanceMatrixElement:Z2_to_Z3
    3 3   DISTANCE MATRIX ELEMENT myfares:DistanceMatrixElement:Z3_to_Z3

TARIFF ZONES
	TARIFF ZONE 1 has SCHEDULED STOP POINT : A
	TARIFF ZONE 2 has SCHEDULED STOP POINTss: B, C
	TARIFF ZONE 3 has SCHEDULED STOP POINTs: Q,  R

There ais one FARE PRODUCTS:  with  two user profiles

	Adult: PREASSIGNED FARE PRODUCT myfares:PreassignedFareProduct:zoneToZone 
		FREQUENCY OF USE   one trip unlimited   myfares:FrequencyOfUse:oneTrip
	    USER PROFILE - TRANSFERABILITY is unlimitedAdults 17 or over 

	Child: PREASSIGNED FARE PRODUCT myfares:PreassignedFareProduct:zoneToZone 
		FREQUENCY OF USE   one trip unlimited   myfares:FrequencyOfUse:oneTrip
	    USER PROFILE - There is a discounted  UsageParameterPrice 

 
   

Two PRICE GROUPs are  used to group sets of prices
	OffPeak  PRICE GROUP  myfares:FareTable:offPeak
			USAGE PARAMETER PRICE	myfares:UsageParameterPrice:adult    100%
			USAGE PARAMETER PRICE	myfares:UsageParameterPrice:adult 	50%

			DISTANCE MATRIX ELEMENT PRICE myfares:DistanceMatrixElementPrice:Z1_to_Z1@offPeak : 0.50 EUR
			DISTANCE MATRIX ELEMENT PRICE myfares:DistanceMatrixElementPrice:Z1_to_Z2@offPeak : 1,00 EUR
			DISTANCE MATRIX ELEMENT PRICE myfares:DistanceMatrixElementPrice:Z1_to_Z3@offPeak : 3.00 EUR
			DISTANCE MATRIX ELEMENT PRICE myfares:DistanceMatrixElementPrice:Z2_to_Z2@offPeak : 0.50 EUR
			DISTANCE MATRIX ELEMENT PRICE myfares:DistanceMatrixElementPrice:Z2_to_Z3@offPeak : 2.00 EUR
			DISTANCE MATRIX ELEMENT PRICE myfares:DistanceMatrixElementPrice:Z3_to_Z3@offPeak : 0.75 EUR

	Peak  PRICE GROUP  myfares:FareTable:Peak 
			DISTANCE MATRIX ELEMENT PRICE myfares:DistanceMatrixElementPrice:Z1_to_Z1_adult@peak : 1,00 EUR
			DISTANCE MATRIX ELEMENT PRICE myfares:DistanceMatrixElementPrice:Z1_to_Z2_adult@peak : 2.00 EUR
			DISTANCE MATRIX ELEMENT PRICE myfares:DistanceMatrixElementPrice:Z1_to_Z3_adult@peak : 3.00 EUR
			DISTANCE MATRIX ELEMENT PRICE myfares:DistanceMatrixElementPrice:Z2_to_Z2_adult@peak : 1,00 EUR
			DISTANCE MATRIX ELEMENT PRICE myfares:DistanceMatrixElementPrice:Z2_to_Z3_adult@peak : 2.50 EUR
			DISTANCE MATRIX ELEMENT PRICE myfares:DistanceMatrixElementPrice:Z3_to_Z3_adult@peak : 1,00 EUR
 
A COMPOSITE FRAME is used to group the component FRAMEs
 
   - It has a VALIDITY CONDITION  that specifies it is valid from Sept to Matrch

		A SERVICE  FRAME is used to contain the STOP POINT  elements   LINE, etc
		A FARE  FRAME is used to contain  the FARE     elements 
  

The Calendar is shown coded as
      Compact : OPERATING DAYs are assumed for each calendar date within the period of the calendar 

-->
<PublicationDelivery xmlns="http://www.netex.org.uk/netex" xmlns:siri="http://www.siri.org.uk/siri" xmlns:gml="http://www.opengis.net/gml/3.2" xmlns:xsi="http://www.w3.org/2001/XMLSchema-instance" xmlns:mybus="http://www.mybuses.eu/stuff" xmlns:myfares="http://www.mybuses.eu/fares" xmlns:hde="http://www.halt.de/" version="1.0" xsi:schemaLocation="http://www.netex.org.uk/netex ../../../xsd/NeTEx_publication.xsd">
	<PublicationTimestamp>2010-12-17T09:30:47.0Z</PublicationTimestamp>
	<ParticipantRef>SYS001</ParticipantRef>
	<!--- ======WHAT WAS REQUESTED ========== -->
	<PublicationRequest version="1.0">
		<RequestTimestamp>2010-12-17T09:30:47.0Z</RequestTimestamp>
		<ParticipantRef>SYS002</ParticipantRef>
		<topics>
			<NetworkFrameTopic>
				<selectionValidityConditions>
					<AvailabilityCondition version="any" id="hde:AvailabilityCondition:CAL_02">
						<FromDate>2011-01-01T00:00:00Z</FromDate>
					</AvailabilityCondition>
				</selectionValidityConditions>
				<FareFrameRef ref="myfares:FareFrame:FF01">REQUEST</FareFrameRef>
			</NetworkFrameTopic>
		</topics>
	</PublicationRequest>
	<PublicationRefreshInterval>P1M</PublicationRefreshInterval>
	<Description>Example  of simple point to point fares</Description>
	<!--- =============== RESULTS =========== -->
	<dataObjects>
		<CompositeFrame version="1" id="myfares:CompositeFrame:CAL_02">
			<validityConditions>
				<ValidBetween>
					<FromDate>2011-01-01T00:00:00Z</FromDate>
					<ToDate>2011-07-01T00:00:00Z</ToDate>
				</ValidBetween>
			</validityConditions>
			<!--- ======= CODESPACEs======== -->
			<codespaces>
				<Codespace id="mybus">
					<Xmlns>mybus</Xmlns>
					<XmlnsUrl>http://www.mybuses.eu/stuff</XmlnsUrl>
					<Description>My buses</Description>
				</Codespace>
				<Codespace id="myfares">
					<Xmlns>myfares</Xmlns>
					<XmlnsUrl>http://www.myfares,com/fares</XmlnsUrl>
					<Description>Fatre v data   </Description>
				</Codespace>
			</codespaces>
			<!--- =======FRAME DEFAULTS======== -->
			<FrameDefaults>
				<DefaultCodespaceRef ref="myfares"/>
			</FrameDefaults>
			<frames>
				<!--- ========SERVICE FRAME  ========== -->
				<ServiceFrame version="1" id="mybus:ServiceFrame:svf_24">
					<Name>Stops for Winter timetable for routes 24 and  46 </Name>
					<!--- =========STOP POINTs============ -->
					<scheduledStopPoints>
						<ScheduledStopPoint version="any" id="mybus:ScheduledStopPoint:SSP_001">
							<Name>Alpha &amp; Castle</Name>
							<Location>
								<Longitude>53.0000</Longitude>
								<Latitude>0.1000</Latitude>
							</Location>
							<TimingPointStatus>timingPoint</TimingPointStatus>
							<tariffZones>
								<TariffZoneRef version="any" ref="myfares:TariffZone:1"/>
							</tariffZones>
							<ShortName>Alpha</ShortName>
							<PublicCode>EANDC</PublicCode>
							<StopType>onstreetBus</StopType>
							<VehicleModes>bus</VehicleModes>
						</ScheduledStopPoint>
						<ScheduledStopPoint version="any" id="mybus:ScheduledStopPoint:SSP_002">
							<Name>Bravo</Name>
							<Location>
								<Longitude>53.2000</Longitude>
								<Latitude>0.2000</Latitude>
							</Location>
							<TimingPointStatus>timingPoint</TimingPointStatus>
							<tariffZones>
								<TariffZoneRef version="any" ref="myfares:TariffZone:2"/>
							</tariffZones>
							<ShortName>Bravo</ShortName>
							<PublicCode>MARCH</PublicCode>
							<StopType>onstreetBus</StopType>
							<VehicleModes>bus</VehicleModes>
						</ScheduledStopPoint>
						<ScheduledStopPoint version="any" id="mybus:ScheduledStopPoint:SSP_077">
							<Name>Charley</Name>
							<Location>
								<Longitude>53.3000</Longitude>
								<Latitude>0.3000</Latitude>
							</Location>
							<TimingPointStatus>timingPoint</TimingPointStatus>
							<tariffZones>
								<TariffZoneRef version="any" ref="myfares:TariffZone:2"/>
							</tariffZones>
							<ShortName>Charley</ShortName>
							<PublicCode>KENG</PublicCode>
							<StopType>onstreetBus</StopType>
							<VehicleModes>bus</VehicleModes>
						</ScheduledStopPoint>
						<ScheduledStopPoint version="any" id="mybus:ScheduledStopPoint:SSP_022">
							<Name>Quebec Street</Name>
							<Location>
								<Longitude>53.34000</Longitude>
								<Latitude>0.34000</Latitude>
							</Location>
							<TimingPointStatus>timingPoint</TimingPointStatus>
							<tariffZones>
								<TariffZoneRef version="any" ref="myfares:TariffZone:2"/>
								<TariffZoneRef version="any" ref="myfares:TariffZone:3"/>
							</tariffZones>
							<ShortName>Quebec</ShortName>
							<PublicCode>QBC</PublicCode>
							<StopType>onstreetBus</StopType>
							<VehicleModes>bus</VehicleModes>
						</ScheduledStopPoint>
						<ScheduledStopPoint version="any" id="mybus:ScheduledStopPoint:SSP_021">
							<Name>Romeo</Name>
							<Location>
								<Longitude>53.34000</Longitude>
								<Latitude>0.34000</Latitude>
							</Location>
							<TimingPointStatus>timingPoint</TimingPointStatus>
							<tariffZones>
								<TariffZoneRef version="any" ref="myfares:TariffZone:3"/>
							</tariffZones>
							<ShortName>Romeo</ShortName>
							<PublicCode>ROM</PublicCode>
							<StopType>onstreetBus</StopType>
							<VehicleModes>bus</VehicleModes>
						</ScheduledStopPoint>
					</scheduledStopPoints>
					<tariffZones>
						<!--- ====TARIFF ZONEs ======== -->
						<TariffZone version="any" id="myfares:TariffZone:1">
							<Name>Zone 1</Name>
						</TariffZone>
						<TariffZone version="any" id="myfares:TariffZone:2">
							<Name>Zone 2</Name>
						</TariffZone>
						<TariffZone version="any" id="myfares:TariffZone:3">
							<Name>Zone 3</Name>
						</TariffZone>
					</tariffZones>
				</ServiceFrame>
				<!--- =============== FAREs =========== -->
				<FareFrame version="any" id="myfares:FareFrame:FF01">
					<FrameDefaults>
						<DefaultCurrency>EUR</DefaultCurrency>
					</FrameDefaults>
					<!--- ====Pricing Parmaters======= -->
					<PricingParameterSet version="any" id="myfares:PricingParameterSet:myfares">
						<pricingRules>
							<DiscountingRule version="any" id="myfares:DiscountingRule:0%">
								<DiscountAsPercentage>0</DiscountAsPercentage>
							</DiscountingRule>
							<DiscountingRule version="any" id="myfares:DiscountingRule:50%">
								<DiscountAsPercentage>50</DiscountAsPercentage>
							</DiscountingRule>
						</pricingRules>
					</PricingParameterSet>
					<!--- ====Fare Structure======= -->
					<fareStructureElements>
						<FareStructureElement version="any" id="myfares:FareStructureElement:routes">
							<distanceMatrixElements>
								<DistanceMatrixElementRef version="any" ref="myfares:DistanceMatrixElement:Z1_to_Z2"/>
								<DistanceMatrixElementRef version="any" ref="myfares:DistanceMatrixElement:Z1_to_Z3"/>
								<DistanceMatrixElementRef version="any" ref="myfares:DistanceMatrixElement:Z2_to_Z3"/>
								<DistanceMatrixElementRef version="any" ref="myfares:DistanceMatrixElement:Z1_to_Z1"/>
								<DistanceMatrixElementRef version="any" ref="myfares:DistanceMatrixElement:Z2_to_Z2"/>
								<DistanceMatrixElementRef version="any" ref="myfares:DistanceMatrixElement:Z3_to_Z3"/>
							</distanceMatrixElements>
						</FareStructureElement>
					</fareStructureElements>
					<tariffs>
						<Tariff version="any" id="myfares:Tariff:F01">
							<Name>Zone to Zone tariffs</Name>
							<distanceMatrixElements>
								<DistanceMatrixElement version="any" id="myfares:DistanceMatrixElement:Z1_to_Z1">
									<Name> Zone 1  to  Zone 1</Name>
									<StartTariffZoneRef version="any" ref="myfares:TariffZone:1"/>
									<EndTariffZoneRef version="any" ref="myfares:TariffZone:1"/>
									<prices>
										<DistanceMatrixElementPriceRef version="any" ref="myfares:DistanceMatrixElementPrice:Z1_to_Z1@peak"/>
										<DistanceMatrixElementPriceRef version="any" ref="myfares:DistanceMatrixElementPrice:Z1_to_Z1@offPeak"/>
									</prices>
								</DistanceMatrixElement>
								<DistanceMatrixElement version="any" id="myfares:DistanceMatrixElement:Z1_to_Z2">
									<Name> Zone 1  to  Zone 2</Name>
									<StartTariffZoneRef version="any" ref="myfares:TariffZone:1"/>
									<EndTariffZoneRef version="any" ref="myfares:TariffZone:2"/>
									<prices>
										<DistanceMatrixElementPriceRef version="any" ref="myfares:DistanceMatrixElementPrice:Z1_to_Z2@peak"/>
										<DistanceMatrixElementPriceRef version="any" ref="myfares:DistanceMatrixElementPrice:Z1_to_Z2@offPeak"/>
									</prices>
								</DistanceMatrixElement>
								<DistanceMatrixElement version="any" id="myfares:DistanceMatrixElement:Z1_to_Z3">
									<Name> Zone 1  to  Zone 3</Name>
									<StartTariffZoneRef version="any" ref="myfares:TariffZone:1"/>
									<EndTariffZoneRef version="any" ref="myfares:TariffZone:3"/>
									<prices>
										<DistanceMatrixElementPriceRef version="any" ref="myfares:DistanceMatrixElementPrice:Z1_to_Z3@peak"/>
										<DistanceMatrixElementPriceRef version="any" ref="myfares:DistanceMatrixElementPrice:Z1_to_Z3@offPeak"/>
									</prices>
								</DistanceMatrixElement>
								<DistanceMatrixElement version="any" id="myfares:DistanceMatrixElement:Z2_to_Z2">
									<Name> Zone 2  to  Zone 2</Name>
									<StartTariffZoneRef version="any" ref="myfares:TariffZone:2"/>
									<EndTariffZoneRef version="any" ref="myfares:TariffZone:2"/>
									<prices>
										<DistanceMatrixElementPriceRef version="any" ref="myfares:DistanceMatrixElementPrice:Z2_to_Z2@peak"/>
										<DistanceMatrixElementPriceRef version="any" ref="myfares:DistanceMatrixElementPrice:Z2_to_Z2@offPeak"/>
									</prices>
								</DistanceMatrixElement>
								<DistanceMatrixElement version="any" id="myfares:DistanceMatrixElement:Z2_to_Z3">
									<Name> Zone 2  to  Zone 3</Name>
									<StartTariffZoneRef version="any" ref="myfares:TariffZone:2"/>
									<EndTariffZoneRef version="any" ref="myfares:TariffZone:3"/>
									<prices>
										<DistanceMatrixElementPriceRef version="any" ref="myfares:DistanceMatrixElementPrice:Z2_to_Z3@peak"/>
										<DistanceMatrixElementPriceRef version="any" ref="myfares:DistanceMatrixElementPrice:Z2_to_Z3@offPeak"/>
									</prices>
								</DistanceMatrixElement>
								<DistanceMatrixElement version="any" id="myfares:DistanceMatrixElement:Z3_to_Z3">
									<Name> Zone 3  to  Zone 3</Name>
									<StartTariffZoneRef version="any" ref="myfares:TariffZone:3"/>
									<EndTariffZoneRef version="any" ref="myfares:TariffZone:3"/>
									<prices>
										<DistanceMatrixElementPriceRef version="any" ref="myfares:DistanceMatrixElementPrice:Z3_to_Z3@peak"/>
										<DistanceMatrixElementPriceRef version="any" ref="myfares:DistanceMatrixElementPrice:Z3_to_Z3@offPeak"/>
									</prices>
								</DistanceMatrixElement>
							</distanceMatrixElements>
						</Tariff>
					</tariffs>
					<!--- ====Fare Usage Parameters======= -->
					<usageParameters>
						<UsageValidityPeriod version="any" id="myfares:UsageValidityPeriod:peak">
							<Name> Peak Fare</Name>
							<UsageEnd>endOfRide</UsageEnd>
						</UsageValidityPeriod>
						<UsageValidityPeriod version="any" id="myfares:UsageValidityPeriod:offPeak">
							<Name> OffPeak Fare</Name>
							<UsageEnd>endOfRide</UsageEnd>
						</UsageValidityPeriod>
						<FrequencyOfUse version="any" id="myfares:FrequencyOfUse:oneTrip">
							<Name>One trip  only, any route, unlimited transfers</Name>
							<FrequencyOfUseType>single</FrequencyOfUseType>
							<MaximalFrequency>1</MaximalFrequency>
						</FrequencyOfUse>
						<UserProfile version="any" id="myfares:UserProfile:adult">
							<Name>Child Fare</Name>
							<prices>
								<UsageParameterPrice version="any" id="myfares:UsageParameterPrice:adult">
									<Name>Adult - full fare  </Name>
									<UserProfileRef version="any" ref="myfares:UserProfile:adult"/>
								</UsageParameterPrice>
							</prices>
							<TypeOfConcessionRef version="any" ref="myfares:TypeOfConcession:adult"/>
							<MaximumAge>16</MaximumAge>
						</UserProfile>
						<UserProfile version="any" id="myfares:UserProfile:child">
							<Name>Child Fare</Name>
							<prices>
								<UsageParameterPrice version="any" id="myfares:UsageParameterPrice:child">
									<Name>Child discount - all fares</Name>
									<DiscountingRuleRef version="any" ref="myfares:DiscountingRule:50%"/>
									<UserProfileRef version="any" ref="myfares:UserProfile:child"/>
								</UsageParameterPrice>
							</prices>
							<TypeOfConcessionRef version="any" ref="myfares:TypeOfConcession:child"/>
							<MaximumAge>16</MaximumAge>
						</UserProfile>
					</usageParameters>
					<!--- ====Fare Product======= -->
					<fareProducts>
						<PreassignedFareProduct version="any" id="myfares:PreassignedFareProduct:zoneToZone">
							<Name>Adult Standard Zone to zone - Peak    </Name>
							<validityParameterAssignments>
								<GenericParameterAssignment version="any" order="1" id="myfares:GenericParameterAssignment:zoneToZone@timebands">
									<includes>
										<GenericParameterAssignment version="any" order="1" id="myfares:GenericParameterAssignment:zoneToZone@peak">
											<limitations>
												<UsageValidityPeriodRef version="any" ref="myfares:UsageValidityPeriod:peak"/>
											</limitations>
											<ValidityParameterGroupingType>AND</ValidityParameterGroupingType>
											<temporalValidityParameters>
												<DayTypeRef version="any" ref="myfares:DayType:DT_01-MF-NH"/>
												<GroupOfTimebandsRef version="any" ref="myfares:GroupOfTimebands:peak"/>
											</temporalValidityParameters>
										</GenericParameterAssignment>
										<GenericParameterAssignment version="any" order="2" id="myfares:GenericParameterAssignment:zoneToZone@offPeak">
											<limitations>
												<UsageValidityPeriodRef version="any" ref="myfares:UsageValidityPeriod:offPeak"/>
											</limitations>
											<temporalValidityParameters>
												<DayTypeRef version="any" ref="myfares:DayType:DT_02-NotWorkingDay"/>
											</temporalValidityParameters>
										</GenericParameterAssignment>
									</includes>
								</GenericParameterAssignment>
								<GenericParameterAssignment version="any" order="2" id="myfares:GenericParameterAssignment:zoneToZone@FrequencyOfUse">
									<limitations>
										<FrequencyOfUseRef version="any" ref="myfares:FrequencyOfUse:oneTrip"/>
									</limitations>
								</GenericParameterAssignment>
								<GenericParameterAssignment version="any" order="3" id="myfares:GenericParameterAssignment:zoneToZone@UserProfile">
									<LimitationGroupingType>OR</LimitationGroupingType>
									<limitations>
										<UserProfileRef version="any" ref="myfares:UserProfile:adult"/>
										<UserProfileRef version="any" ref="myfares:UserProfile:child"/>
									</limitations>
								</GenericParameterAssignment>
								<GenericParameterAssignment version="any" order="4" id="myfares:GenericParameterAssignment:zoneToZone@routes">
									<FareStructureElementRef version="any" ref="myfares:FareStructureElement:routes"/>
								</GenericParameterAssignment>
							</validityParameterAssignments>
							<!--- ====VALIDABLE ELEMENTs====== -->
							<validableElements>
								<ValidableElement version="any" id="myfares:ValidableElement:singleRide">
									<Name>Single  ride</Name>
								</ValidableElement>
							</validableElements>
							<!--- ====ACCESS RIGHTs======= -->
							<accessRightsInProduct>
								<AccessRightInProduct version="any" id="myfares:AccessRightInProduct:singleRide" order="1">
									<Name> point to point ride</Name>
									<ValidableElementRef version="any" ref="myfares:ValidableElement:singleRide"/>
								</AccessRightInProduct>
							</accessRightsInProduct>
						</PreassignedFareProduct>
					</fareProducts>
					<!--- ====Fare Prices======= -->
					<fareTables>
						<FareTable version="any" id="myfares:FareTable:offPeak">
							<Name>Standard / Off Peak  Prices for Zonal Fare Product  </Name>
							<pricesFor>
								<PreassignedFareProductRef version="any" ref="myfares:PreassignedFareProduct:zoneToZone"/>
								<UserProfileRef version="any" ref="myfares:UserProfile:adult"/>
								<UsageValidityPeriodRef version="any" ref="myfares:UsageValidityPeriod:offPeak"/>
							</pricesFor>
							<cells>
								<DistanceMatrixElementPrice version="any" id="myfares:DistanceMatrixElementPrice:Z1_to_Z1@offPeak">
									<Name> Zone 1  to  Zone 2</Name>
									<Amount>0.50</Amount>
									<DistanceMatrixElementRef version="any" ref="myfares:DistanceMatrixElement:Z1_to_Z1"/>
								</DistanceMatrixElementPrice>
								<DistanceMatrixElementPrice version="any" id="myfares:DistanceMatrixElementPrice:Z1_to_Z2@offPeak">
									<Name> Zone 1  to  Zone 2</Name>
									<Amount>1.00</Amount>
									<DistanceMatrixElementRef version="any" ref="myfares:DistanceMatrixElement:Z1_to_Z2"/>
								</DistanceMatrixElementPrice>
								<DistanceMatrixElementPrice version="any" id="myfares:DistanceMatrixElementPrice:Z1_to_Z3@offPeak">
									<Name> Zone 1  to  Zone 3</Name>
									<Amount>3.00</Amount>
									<DistanceMatrixElementRef version="any" ref="myfares:DistanceMatrixElement:Z1_to_Z3"/>
								</DistanceMatrixElementPrice>
								<DistanceMatrixElementPrice version="any" id="myfares:DistanceMatrixElementPrice:Z2_to_Z2@offPeak">
									<Name> Zone 2  to  Zone 2</Name>
									<Amount>0.50</Amount>
									<DistanceMatrixElementRef version="any" ref="myfares:DistanceMatrixElement:Z2_to_Z2"/>
								</DistanceMatrixElementPrice>
								<DistanceMatrixElementPrice version="any" id="myfares:DistanceMatrixElementPrice:Z2_to_Z3@offPeak">
									<Name> Zone 2  to  Zone 3</Name>
									<Amount>2.00</Amount>
									<DistanceMatrixElementRef version="any" ref="myfares:DistanceMatrixElement:Z2_to_Z3"/>
								</DistanceMatrixElementPrice>
								<DistanceMatrixElementPrice version="any" id="myfares:DistanceMatrixElementPrice:Z3_to_Z3@offPeak">
									<Name> Zone 3  to  Zone 3</Name>
									<Amount>0.75</Amount>
									<DistanceMatrixElementRef version="any" ref="myfares:DistanceMatrixElement:Z3_to_Z3"/>
								</DistanceMatrixElementPrice>
							</cells>
						</FareTable>
						<FareTable version="any" id="myfares:FareTable:peak">
							<Name>Peak Fare Prices for Zonal Fare Product  </Name>
							<pricesFor>
								<PreassignedFareProductRef version="any" ref="myfares:PreassignedFareProduct:zoneToZone"/>
								<UserProfileRef version="any" ref="myfares:UserProfile:adult"/>
								<UsageValidityPeriodRef version="any" ref="myfares:UsageValidityPeriod:peak"/>
							</pricesFor>
							<cells>
								<DistanceMatrixElementPrice version="any" id="myfares:DistanceMatrixElementPrice:Z1_to_Z1@peak">
									<Name> Zone 1  to  Zone 1 Peak</Name>
									<Amount>1.00</Amount>
									<DistanceMatrixElementRef version="any" ref="myfares:DistanceMatrixElement:Z1_to_Z1"/>
								</DistanceMatrixElementPrice>
								<DistanceMatrixElementPrice version="any" id="myfares:DistanceMatrixElementPrice:Z1_to_Z2@peak">
									<Name> Zone 1  to  Zone 2 Peak</Name>
									<Amount>2.00</Amount>
									<DistanceMatrixElementRef version="any" ref="myfares:DistanceMatrixElement:Z1_to_Z2"/>
								</DistanceMatrixElementPrice>
								<DistanceMatrixElementPrice version="any" id="myfares:DistanceMatrixElementPrice:Z1_to_Z3@peak">
									<Name> Zone 1  to  Zone 3 Peak</Name>
									<Amount>4.00</Amount>
									<DistanceMatrixElementRef version="any" ref="myfares:DistanceMatrixElement:Z1_to_Z3"/>
								</DistanceMatrixElementPrice>
								<DistanceMatrixElementPrice version="any" id="myfares:DistanceMatrixElementPrice:Z2_to_Z2@peak">
									<Name> Zone 2  to  Zone 2 Peak</Name>
									<Amount>1.00</Amount>
									<DistanceMatrixElementRef version="any" ref="myfares:DistanceMatrixElement:Z2_to_Z2"/>
								</DistanceMatrixElementPrice>
								<DistanceMatrixElementPrice version="any" id="myfares:DistanceMatrixElementPrice:Z2_to_Z3@peak">
									<Name> Zone 2  to  Zone 3 Peak</Name>
									<Amount>2.50</Amount>
									<DistanceMatrixElementRef version="any" ref="myfares:DistanceMatrixElement:Z2_to_Z3"/>
								</DistanceMatrixElementPrice>
								<DistanceMatrixElementPrice version="any" id="myfares:DistanceMatrixElementPrice:Z3_to_Z3@peak">
									<Name> Zone 3  to  Zone 3 Peak</Name>
									<Amount>1.00</Amount>
									<DistanceMatrixElementRef version="any" ref="myfares:DistanceMatrixElement:Z3_to_Z3"/>
								</DistanceMatrixElementPrice>
							</cells>
						</FareTable>
					</fareTables>
				</FareFrame>
				<!--  Service Calendar Nov 2010   COMPACT Coding  === -->
				<ServiceCalendarFrame version="1" id="myfares:ServiceCalendarFrame:CAL_02">
					<Name>Service Calendar  Coding  </Name>
					<ServiceCalendar version="any" id="hde:ServiceCalendar:CAL_02">
						<FromDate>2010-11-01</FromDate>
						<ToDate>2012-11-14</ToDate>
					</ServiceCalendar>
					<dayTypes>
						<DayType version="any" id="myfares:DayType:DT_01-MF-NH">
							<Name>Weekdays unless a holiday</Name>
							<properties>
								<PropertyOfDay>
									<DaysOfWeek>Monday Tuesday Wednesday Thursday Friday</DaysOfWeek>
									<HolidayTypes>NotHoliday</HolidayTypes>
								</PropertyOfDay>
							</properties>
						</DayType>
						<DayType version="any" id="myfares:DayType:DT_02-NotWorkingDay">
							<Name>Not w a working day</Name>
							<properties>
								<PropertyOfDay>
									<DaysOfWeek>Everyday</DaysOfWeek>
									<HolidayTypes>NotWorkingDay</HolidayTypes>
									<!-- === SHoudl eb not holiday  -->
								</PropertyOfDay>
							</properties>
						</DayType>
					</dayTypes>
					<timebands>
						<Timeband version="any" id="myfares:Timeband:MorningPeak">
							<Name>Morning Peak  </Name>
							<StartTime>08:30:00</StartTime>
							<EndTime>10:00:00</EndTime>
						</Timeband>
						<Timeband version="any" id="myfares:Timeband:EveningPeak">
							<Name>Evening Peak  </Name>
							<StartTime>17:00:00</StartTime>
							<EndTime>18:30:00</EndTime>
						</Timeband>
					</timebands>
					<groupOfTimebands>
						<GroupOfTimebands version="any" id="myfares:GroupOfTimebands:peak">
							<Name>Peak Fare hours</Name>
							<timebands>
								<TimebandRef version="any" ref="myfares:Timeband:MorningPeak"/>
								<TimebandRef version="any" ref="myfares:Timeband:EveningPeak"/>
							</timebands>
						</GroupOfTimebands>
					</groupOfTimebands>
				</ServiceCalendarFrame>
			</frames>
		</CompositeFrame>
		<!--- ====RESOURCES==== -->
		<ResourceFrame version="any" id="gtfs:ResourceFrame:BuiltIn_Codes">
			<typesOfValue>
				<ValueSet version="any" id="myfares:ValueSet:TypeOfConcession">
					<Name>Types of concession</Name>
					<values>
						<!--- ====TypeOfConcession method========= -->
						<TypeOfConcession version="any" id="myfares:TypeOfConcession:adult">
							<Name>Adult</Name>
						</TypeOfConcession>
						<TypeOfConcession version="any" id="myfares:TypeOfConcession:child">
							<Name>Student</Name>
						</TypeOfConcession>
					</values>
				</ValueSet>
			</typesOfValue>
		</ResourceFrame>
	</dataObjects>
</PublicationDelivery>
