<?xml version="1.0" encoding="iso-8859-1"?>
<!-- ==== SImple Timetable  Example ====== 
This example shows the encoding of a Zonal fare set for a simple bus timetable  in NeTex XML   
 
This example shows the encoding of  separate pricing for  a number of Zone based fares for different periods
  
There are day, weekly and annual fares, and also  special student fares  geared to the student terms
There are both mobile and tarvel c ard sales packages

 

 T 
 

-->
<PublicationDelivery version="1.0" xsi:schemaLocation="http://www.netex.org.uk/netex ../../../xsd/NeTEx_publication.xsd" xmlns="http://www.netex.org.uk/netex" xmlns:siri="http://www.siri.org.uk/siri" xmlns:gml="http://www.opengis.net/gml/3.2" xmlns:xsi="http://www.w3.org/2001/XMLSchema-instance">
	<PublicationTimestamp>2010-12-17T09:30:47.0Z</PublicationTimestamp>
	<ParticipantRef>SYS001</ParticipantRef>
	<!--- ======WHAT WAS REQUESTED ========== -->
	<PublicationRequest version="1.0">
		<RequestTimestamp>2010-12-17T09:30:47.0Z</RequestTimestamp>
		<ParticipantRef>SYS002</ParticipantRef>
		<topics>
			<NetworkFrameTopic>
				<selectionValidityConditions>
					<AvailabilityCondition version="any" id="hde:AvailabilityCondition:FF01">
						<FromDate>2011-08-01T00:00:00Z</FromDate>
					</AvailabilityCondition>
				</selectionValidityConditions>
				<FareFrameRef ref="cdla:FareFrame:FF01">REQUEST</FareFrameRef>
			</NetworkFrameTopic>
		</topics>
	</PublicationRequest>
	<PublicationRefreshInterval>P1M</PublicationRefreshInterval>
	<Description>Example  of simple point to point fares</Description>
	<!--- =============== RESULTS =========== -->
	<dataObjects>
		<CompositeFrame version="1" id="hde:CompositeFrame:FF01">
			<validityConditions>
				<ValidBetween>
					<FromDate>2011-08-22T00:00:00Z</FromDate>
					<ToDate>2012-10-31T00:00:00Z</ToDate>
				</ValidBetween>
			</validityConditions>
			<!--- ======= CODESPACEs======== -->
			<codespaces>
				<Codespace id="cdla">
					<Xmlns>cdla</Xmlns>
					<XmlnsUrl>http://cdla.com/stuff</XmlnsUrl>
					<Description>My fares</Description>
				</Codespace>
			</codespaces>
			<!--- =======FRAME DEFAULTS======== -->
			<FrameDefaults>
				<DefaultCodespaceRef ref="cdla"/>
			</FrameDefaults>
			<frames>
				<!--- ========SERVICE FRAME  ========== -->
				<ServiceFrame version="1" id="cdla:ServiceFrame:FF01">
					<Name>Farezones  for 2012 fares </Name>
					<!--- =========STOP POINTs============ -->
					<tariffZones>
						<!--- ====TARIFF ZONEs ======== -->
						<!--- ====Midlands=== -->
						<TariffZone version="any" id="cdla:TariffZone:MidlandsArea">
							<Name>Midlands Area</Name>
						</TariffZone>
						<TariffZone version="any" id="cdla:TariffZone:Burton_And_Swadlincote">
							<Name>Burton &amp; Swadlincote</Name>
							<ParentZoneRef version="any" ref="cdla:TariffZone:MidlandsArea"/>
						</TariffZone>
						<TariffZone version="any" id="cdla:TariffZone:Cannock">
							<Name>Cannock</Name>
							<ParentZoneRef version="any" ref="cdla:TariffZone:MidlandsArea"/>
						</TariffZone>
						<TariffZone version="any" id="cdla:TariffZone:Coalville">
							<Name>Coalville</Name>
							<ParentZoneRef version="any" ref="cdla:TariffZone:MidlandsArea"/>
						</TariffZone>
						<TariffZone version="any" id="cdla:TariffZone:Derby">
							<Name>Derby</Name>
							<ParentZoneRef version="any" ref="cdla:TariffZone:MidlandsArea"/>
						</TariffZone>
						<TariffZone version="any" id="cdla:TariffZone:Leicester_City_Plus">
							<Name>Leicester City Plus</Name>
							<ParentZoneRef version="any" ref="cdla:TariffZone:MidlandsArea"/>
						</TariffZone>
						<TariffZone version="any" id="cdla:TariffZone:Midlands">
							<Name>Midlands</Name>
							<ParentZoneRef version="any" ref="cdla:TariffZone:MidlandsArea"/>
						</TariffZone>
						<TariffZone version="any" id="cdla:TariffZone:Shrewsbury">
							<Name>Shrewsbury</Name>
							<ParentZoneRef version="any" ref="cdla:TariffZone:MidlandsArea"/>
						</TariffZone>
						<TariffZone version="any" id="cdla:TariffZone:Stafford">
							<Name>Stafford</Name>
							<ParentZoneRef version="any" ref="cdla:TariffZone:MidlandsArea"/>
						</TariffZone>
						<TariffZone version="any" id="cdla:TariffZone:Sutton_And_Birmingham">
							<Name>Sutton &amp; Birmingham</Name>
							<ParentZoneRef version="any" ref="cdla:TariffZone:MidlandsArea"/>
						</TariffZone>
						<TariffZone version="any" id="cdla:TariffZone:Tamworth">
							<Name>Tamworth</Name>
							<ParentZoneRef version="any" ref="cdla:TariffZone:MidlandsArea"/>
						</TariffZone>
						<TariffZone version="any" id="cdla:TariffZone:Telford">
							<Name>Telford</Name>
							<ParentZoneRef version="any" ref="cdla:TariffZone:MidlandsArea"/>
						</TariffZone>
						<!--- ====North East======== -->
						<TariffZone version="any" id="cdla:TariffZone:North_East">
							<Name>North East Area</Name>
						</TariffZone>
					</tariffZones>
				</ServiceFrame>
				<!--- =============== FAREs =========== -->
				<FareFrame version="any" id="cdla:FareFrame:FF01">
					<FrameDefaults>
						<DefaultCurrency>GBP</DefaultCurrency>
					</FrameDefaults>
					<!--- ====Fare Structure======= -->
					<geographicalUnits>
						<!--- ====GeographicalU nit======== -->
						<GeographicalUnit version="any" id="cdla:GeographicalUnit:gu">
							<Name>Use of One zone Unit of Transport Usage</Name>
						</GeographicalUnit>
					</geographicalUnits>
					<timeUnits>
						<!--- ====TimeU nit======== -->
						<TimeUnit version="any" id="cdla:TimeUnit:day">
							<Name>Time unit of 1 day</Name>
						</TimeUnit>
						<TimeUnit version="any" id="cdla:TimeUnit:week">
							<Name>Time unit of 1 week</Name>
						</TimeUnit>
						<TimeUnit version="any" id="cdla:TimeUnit:term">
							<Name>Time unit of 1 term</Name>
						</TimeUnit>
						<TimeUnit version="any" id="cdla:TimeUnit:year">
							<Name>Time unit of 1 year</Name>
						</TimeUnit>
						<TimeUnit version="any" id="cdla:TimeUnit:academicYear">
							<Name>Time unit of 1  academiceyear</Name>
						</TimeUnit>
					</timeUnits>
					<timeIntervals>
						<TimeInterval version="any" id="cdla:TimeInterval:day">
							<Name>One Hour</Name>
							<Duration>P1D</Duration>
						</TimeInterval>
						<TimeInterval version="any" id="cdla:TimeInterval:week">
							<Name>One week Hours</Name>
							<Duration>P7D</Duration>
						</TimeInterval>
						<TimeInterval version="any" id="cdla:TimeInterval:4week">
							<Name>Four weeks</Name>
							<Duration>P1M</Duration>
						</TimeInterval>
						<TimeInterval version="any" id="cdla:TimeInterval:year">
							<Name>Year</Name>
							<Duration>P1Y</Duration>
						</TimeInterval>
						<TimeInterval version="any" id="cdla:TimeInterval:academicTerm">
							<Name>academic Term</Name>
						</TimeInterval>
						<TimeInterval version="any" id="cdla:TimeInterval:academicYear">
							<Name>academic year</Name>
							<Duration>P1Y</Duration>
						</TimeInterval>
					</timeIntervals>
					<fareStructureElements>
						<FareStructureElement version="any" id="cdla:FareStructureElement:zone@day">
							<Name>One day use of a zone.</Name>
							<geographicalStructureFactors>
								<GeographicalStructureFactorRef version="any" ref="cdla:GeographicalStructureFactor:zoneType1"/>
							</geographicalStructureFactors>
							<TimeIntervalRef version="any" ref="cdla:TimeInterval:day"/>
						</FareStructureElement>
						<FareStructureElement version="any" id="cdla:FareStructureElement:zone@week">
							<Name>One weeks use of a zone.</Name>
							<geographicalStructureFactors>
								<GeographicalStructureFactorRef version="any" ref="cdla:GeographicalStructureFactor:zoneType1"/>
							</geographicalStructureFactors>
							<TimeIntervalRef version="any" ref="cdla:TimeInterval:week"/>
						</FareStructureElement>
						<FareStructureElement version="any" id="cdla:FareStructureElement:zone@4week">
							<Name>Four weeks use of a zone.</Name>
							<geographicalStructureFactors>
								<GeographicalStructureFactorRef version="any" ref="cdla:GeographicalStructureFactor:zoneType1"/>
							</geographicalStructureFactors>
							<TimeIntervalRef version="any" ref="cdla:TimeInterval:4week"/>
						</FareStructureElement>
						<FareStructureElement version="any" id="cdla:FareStructureElement:zone@year">
							<Name>Years use of a zone.</Name>
							<geographicalStructureFactors>
								<GeographicalStructureFactorRef version="any" ref="cdla:GeographicalStructureFactor:zoneType1"/>
							</geographicalStructureFactors>
							<TimeIntervalRef version="any" ref="cdla:TimeInterval:year"/>
						</FareStructureElement>
						<FareStructureElement version="any" id="cdla:FareStructureElement:zone@academicYear">
							<Name>Academic Years use of a zone.</Name>
							<geographicalStructureFactors>
								<GeographicalStructureFactorRef version="any" ref="cdla:GeographicalStructureFactor:zoneType1"/>
							</geographicalStructureFactors>
							<TimeIntervalRef version="any" ref="cdla:TimeInterval:academicYear"/>
						</FareStructureElement>
						<FareStructureElement version="any" id="cdla:FareStructureElement:zone@academicTerm">
							<Name>One academic term's use of a zone.</Name>
							<geographicalStructureFactors>
								<GeographicalStructureFactorRef version="any" ref="cdla:GeographicalStructureFactor:zoneType1"/>
							</geographicalStructureFactors>
							<TimeIntervalRef version="any" ref="cdla:TimeInterval:academicTerm"/>
						</FareStructureElement>
					</fareStructureElements>
					<tariffs>
						<Tariff version="any" id="cdla:Tariff:zoneTozone@fare">
							<Name>Zonal fares</Name>
							<GeographicalUnitRef version="any" ref="cdla:GeographicalUnit:gu"/>
							<!--- ====GEOGRAPHICAL Intervals======= -->
							<geographicalIntervals>
								<GeographicalInterval version="any" id="cdla:GeographicalInterval:gi_1">
									<Name>Zone type</Name>
								</GeographicalInterval>
								<GeographicalInterval version="any" id="cdla:GeographicalInterval:gi_2">
									<Name>Zone type2</Name>
								</GeographicalInterval>
							</geographicalIntervals>
							<!--- ===GEOGRAPHICAL STRUCTURE FACTORS==== -->
							<geographicalStructureFactors>
								<GeographicalStructureFactor version="any" id="cdla:GeographicalStructureFactor:zoneType1">
									<GeographicalIntervalRef version="any" ref="cdla:GeographicalInterval:gi_1"/>
									<GeographicalUnitRef version="any" ref="cdla:GeographicalUnit:gu"/>
								</GeographicalStructureFactor>
								<GeographicalStructureFactor version="any" id="cdla:GeographicalStructureFactor:zoneType2">
									<GeographicalIntervalRef version="any" ref="cdla:GeographicalInterval:gi_2"/>
									<GeographicalUnitRef version="any" ref="cdla:GeographicalUnit:gu"/>
								</GeographicalStructureFactor>
							</geographicalStructureFactors>
							<!--- ====TIME Intervals======= -->
							<distanceMatrixElements>
								<DistanceMatrixElement version="any" id="cdla:DistanceMatrixElement:Burton_And_Swadlincote">
									<StartTariffZoneRef version="any" ref="cdla:TariffZone:Burton_And_Swadlincote"/>
									<EndTariffZoneRef version="any" ref="cdla:TariffZone:Burton_And_Swadlincote"/>
									<structureFactors>
										<GeographicalStructureFactorRef version="any" ref="cdla:GeographicalStructureFactor:zoneType1"/>
									</structureFactors>
								</DistanceMatrixElement>
								<DistanceMatrixElement version="any" id="cdla:DistanceMatrixElement:Cannock">
									<StartTariffZoneRef version="any" ref="cdla:TariffZone:Cannock"/>
									<EndTariffZoneRef version="any" ref="cdla:TariffZone:Cannock"/>
									<structureFactors>
										<GeographicalStructureFactorRef version="any" ref="cdla:GeographicalStructureFactor:zoneType1"/>
									</structureFactors>
								</DistanceMatrixElement>
								<DistanceMatrixElement version="any" id="cdla:DistanceMatrixElement:Leicester_City_Plus">
									<StartTariffZoneRef version="any" ref="cdla:TariffZone:Leicester_City_Plus"/>
									<EndTariffZoneRef version="any" ref="cdla:TariffZone:Leicester_City_Plus"/>
									<structureFactors>
										<GeographicalStructureFactorRef version="any" ref="cdla:GeographicalStructureFactor:zoneType2"/>
									</structureFactors>
									<prices>
										<CellRef version="any" ref="cdla:Cell:Leicester_City_Plus@student@academicYear"/>
									</prices>
								</DistanceMatrixElement>
								<DistanceMatrixElement version="any" id="cdla:DistanceMatrixElement:Stafford">
									<StartTariffZoneRef version="any" ref="cdla:TariffZone:Stafford"/>
									<EndTariffZoneRef version="any" ref="cdla:TariffZone:Stafford"/>
									<structureFactors>
										<GeographicalStructureFactorRef version="any" ref="cdla:GeographicalStructureFactor:zoneType2"/>
									</structureFactors>
									<prices>
										<CellRef version="any" ref="cdla:Cell:Stafford@student@autumnTerm"/>
										<CellRef version="any" ref="cdla:Cell:Stafford@student@springTerm"/>
										<CellRef version="any" ref="cdla:Cell:Stafford@student@summerTerm"/>
									</prices>
								</DistanceMatrixElement>
							</distanceMatrixElements>
							<groupsOfDistanceMatrixElements>
								<GroupOfDistanceMatrixElements version="any" id="myfares:GroupOfDistanceMatrixElements:CDLA">
									<members>
										<DistanceMatrixElementRef version="any" ref="cdla:DistanceMatrixElement:Burton_And_Swadlincote"/>
										<DistanceMatrixElementRef version="any" ref="cdla:DistanceMatrixElement:Cannock"/>
										<DistanceMatrixElementRef version="any" ref="cdla:DistanceMatrixElement:Leicester_City_Plus"/>
										<DistanceMatrixElementRef version="any" ref="cdla:DistanceMatrixElement:Stafford"/>
									</members>
								</GroupOfDistanceMatrixElements>
							</groupsOfDistanceMatrixElements>
						</Tariff>
					</tariffs>
					<!--- ====Fare Prices======= -->
					<!--- ====Fare Product======= -->
					<validableElements>
						<ValidableElement version="any" id="myfares:ValidableElement:busRide">
							<Name>Single  ride</Name>
							<validityParameterAssignments>
								<GenericParameterAssignment version="any" order="1" id="myfares:ValidableElement:busRide">
									<validityParameters>
										<VehicleModes>bus</VehicleModes>
									</validityParameters>
								</GenericParameterAssignment>
							</validityParameterAssignments>
						</ValidableElement>
					</validableElements>
					<!--- ====Fare Usage Parameters======= -->
					<usageParameters>
						<UsageValidityPeriod version="any" id="cdla:UsageValidityPeriod:day">
							<Name>Valid for24 hourse from purchase</Name>
							<UsageEnd>standardDuration</UsageEnd>
							<StandardDuration>P1D</StandardDuration>
						</UsageValidityPeriod>
						<UsageValidityPeriod version="any" id="cdla:UsageValidityPeriod:weekly">
							<Name>Valid for 1 week from purchase</Name>
							<UsageEnd>standardDuration</UsageEnd>
							<StandardDuration>P7D</StandardDuration>
						</UsageValidityPeriod>
						<UsageValidityPeriod version="any" id="cdla:UsageValidityPeriod:4weekly">
							<Name>Valid for 1 week from purchase</Name>
							<UsageEnd>standardDuration</UsageEnd>
							<StandardDuration>P28D</StandardDuration>
						</UsageValidityPeriod>
						<UsageValidityPeriod version="any" id="cdla:UsageValidityPeriod:annual">
							<Name>Valid for 1 year from purchase</Name>
							<UsageEnd>standardDuration</UsageEnd>
							<StandardDuration>P365D</StandardDuration>
						</UsageValidityPeriod>
						<UsageValidityPeriod version="any" id="cdla:UsageValidityPeriod:academicYear">
							<Name>Valid to end of academic year from purchase</Name>
							<UsageEnd>endOfFarePeriod</UsageEnd>
						</UsageValidityPeriod>
						<UsageValidityPeriod version="any" id="cdla:UsageValidityPeriod:academicTerm">
							<Name>Valid to end of academic term from purchase</Name>
							<UsageEnd>endOfFarePeriod</UsageEnd>
						</UsageValidityPeriod>
						<UserProfile version="any" id="cdla:UserProfile:adult">
							<Name>Adult Fare</Name>
							<TypeOfConcessionRef version="any" ref="cdla:TypeOfConcession:adult"/>
						</UserProfile>
						<UserProfile version="any" id="cdla:UserProfile:student">
							<Name>student Fare</Name>
							<TypeOfConcessionRef version="any" ref="cdla:TypeOfConcession:student"/>
						</UserProfile>
					</usageParameters>
					<fareProducts>
						<PreassignedFareProduct version="any" id="cdla:PreassignedFareProduct:zonal@adult">
							<validityParameterAssignments>
								<GenericParameterAssignment version="any" order="1" id="cdla:GenericParameterAssignment:zonal@adult@intervals">
									<IncludesGroupingType>XOR</IncludesGroupingType>
									<includes>
										<GenericParameterAssignment version="any" order="1" id="cdla:GenericParameterAssignment:zonal@adult@UsageValidityPeriod@day">
											<FareStructureElementRef version="any" ref="cdla:FareStructureElement:zone@day"/>
											<limitations>
												<UsageValidityPeriodRef version="any" ref="cdla:UsageValidityPeriod:day"/>
											</limitations>
										</GenericParameterAssignment>
										<GenericParameterAssignment version="any" order="2" id="cdla:GenericParameterAssignment:zonal@adult@UsageValidityPeriod@week">
											<FareStructureElementRef version="any" ref="cdla:FareStructureElement:zone@week"/>
											<limitations>
												<UsageValidityPeriodRef version="any" ref="cdla:UsageValidityPeriod:weekly"/>
											</limitations>
										</GenericParameterAssignment>
										<GenericParameterAssignment version="any" order="3" id="cdla:GenericParameterAssignment:zonal@adult@UsageValidityPeriod@4week">
											<FareStructureElementRef version="any" ref="cdla:FareStructureElement:zone@4week"/>
											<limitations>
												<UsageValidityPeriodRef version="any" ref="cdla:UsageValidityPeriod:4weekly"/>
											</limitations>
										</GenericParameterAssignment>
										<GenericParameterAssignment version="any" order="4" id="cdla:GenericParameterAssignment:zonal@adult@UsageValidityPeriod@year">
											<FareStructureElementRef version="any" ref="cdla:FareStructureElement:zone@year"/>
											<limitations>
												<UsageValidityPeriodRef version="any" ref="cdla:UsageValidityPeriod:annual"/>
											</limitations>
										</GenericParameterAssignment>
									</includes>
								</GenericParameterAssignment>
								<GenericParameterAssignment version="any" order="2" id="cdla:GenericParameterAssignment:zonal@adult@UserProfile">
									<limitations>
										<UserProfileRef version="any" ref="cdla:UserProfile:adult"/>
									</limitations>
								</GenericParameterAssignment>
								<GenericParameterAssignment version="any" order="3" id="myfares:GenericParameterAssignment:unitZone@elements">
									<GroupOfDistanceMatrixElementsRef version="any" ref="myfares:GroupOfDistanceMatrixElements:CDLA"/>
								</GenericParameterAssignment>
							</validityParameterAssignments>
							<!--- ====ACCESS RIGHTs======= -->
							<accessRightsInProduct>
								<AccessRightInProduct version="any" id="myfares:AccessRightInProduct:unitZone" order="1">
									<ValidableElementRef version="any" ref="myfares:ValidableElement:busRide"/>
								</AccessRightInProduct>
							</accessRightsInProduct>
						</PreassignedFareProduct>
						<PreassignedFareProduct version="any" id="cdla:PreassignedFareProduct:zonal@student">
							<Name>Student  Zonal  fare  - academic year  </Name>
							<validityParameterAssignments>
								<GenericParameterAssignment version="any" order="1" id="cdla:GenericParameterAssignment:zonal@student@intervals">
									<LimitationGroupingType>XOR</LimitationGroupingType>
									<limitations>
										<UsageValidityPeriodRef version="any" ref="cdla:UsageValidityPeriod:academicYear"/>
										<UsageValidityPeriodRef version="any" ref="cdla:UsageValidityPeriod:academicTerm"/>
									</limitations>
								</GenericParameterAssignment>
								<GenericParameterAssignment version="any" order="2" id="cdla:GenericParameterAssignment:zonal@UserProfile@ ">
									<limitations>
										<UserProfileRef version="any" ref="cdla:UserProfile:student"/>
									</limitations>
								</GenericParameterAssignment>
								<GenericParameterAssignment version="any" order="3" id="myfares:GenericParameterAssignment:zonal@elements">
									<GroupOfDistanceMatrixElementsRef version="any" ref="myfares:GroupOfDistanceMatrixElements:CDLA"/>
								</GenericParameterAssignment>
							</validityParameterAssignments>
							<!--- ====ACCESS RIGHTs======= -->
							<accessRightsInProduct>
								<AccessRightInProduct version="any" id="myfares:AccessRightInProduct:zonal@student" order="1">
									<ValidableElementRef version="any" ref="myfares:ValidableElement:busRide"/>
								</AccessRightInProduct>
							</accessRightsInProduct>
						</PreassignedFareProduct>
					</fareProducts>
					<fareTables>
						<FareTable version="any" id="cdla:PriceGroup:zonal">
							<Name>Prices for Zonal Fare Product  </Name>
							<cells>
								<GeographicalIntervalPrice version="any" id="cdla:GeographicalIntervalPrice:gi_1">
									<Amount>3.6</Amount>
									<GeographicalIntervalRef version="any" ref="cdla:GeographicalInterval:gi_1"/>
								</GeographicalIntervalPrice>
								<TimeIntervalPrice version="any" id="cdla:TimeIntervalPrice:dayType1">
									<Amount>3.6</Amount>
									<TimeIntervalRef version="any" ref="cdla:TimeInterval:day"/>
								</TimeIntervalPrice>
								<TimeIntervalPrice version="any" id="cdla:TimeIntervalPrice:dayType2">
									<Amount>3.8</Amount>
									<TimeIntervalRef version="any" ref="cdla:TimeInterval:day"/>
								</TimeIntervalPrice>
								<TimeIntervalPrice version="any" id="cdla:TimeIntervalPrice:week">
									<Amount>15</Amount>
									<TimeIntervalRef version="any" ref="cdla:TimeInterval:week"/>
								</TimeIntervalPrice>
								<TimeIntervalPrice version="any" id="cdla:TimeIntervalPrice:4week">
									<Amount>45</Amount>
									<TimeIntervalRef version="any" ref="cdla:TimeInterval:4week"/>
								</TimeIntervalPrice>
								<TimeIntervalPrice version="any" id="cdla:TimeIntervalPrice:year">
									<Amount>490</Amount>
									<TimeIntervalRef version="any" ref="cdla:TimeInterval:year"/>
								</TimeIntervalPrice>
								<Cell version="any" id="cdla:Cell:Leicester_City_Plus@student@academicYear" order="1">
									<!--	
<Zone>Leicester City Plus</Zone>
<Type>Student</Type>
<validityParameters>Academic Year</validityParameters>
<CellPrice>320</CellPrice>
<PriceActivationFrom>20110822</PriceActivationFrom>,Fixed,
<period></period>
<ValidityPeriodFrom>20110901</ValidityPeriodFrom>
<ValidityPeriodTo>20120731</ValidityPeriodTo>
<AvailabilityPeriodFrom>20110822</AvailabilityPeriodFrom>
<AvailabilityPeriodTo>20111031</AvailabilityPeriodTo>
<SalesChannel>All</SalesChannel>
<PostalFulfilment>Alpha Graphics</PostalFulfilment>
<Promo>288</Promo>,  -->
									<CellPrice>
										<Name>Leicester_City_Plus Student fare Annual</Name>
										<StartDate>2011-08-22</StartDate>
										<EndDate>2012-07-31</EndDate>
										<Amount>320</Amount>
									</CellPrice>
									<UsageValidityPeriodRef version="any" ref="cdla:UsageValidityPeriod:academicYear"/>
									<UserProfileRef version="any" ref="cdla:UserProfile:student"/>
									<DistanceMatrixElementRef version="any" ref="cdla:DistanceMatrixElement:Leicester_City_Plus"/>
									<FareProductRef version="any" ref="cdla:PreassignedFareProduct:zonal@student"/>
								</Cell>
								<Cell version="any" id="cdla:Cell:Leicester_City_Plus@student@academicYear_Promo" order="2">
									<!--	
<Zone>Leicester City Plus</Zone>
<Type>Student</Type>
<validityParameters>Academic Year</validityParameters>
<CellPrice>320</CellPrice>
<PriceActivationFrom>20110822</PriceActivationFrom>,Fixed,
<period></period>
<ValidityPeriodFrom>20110901</ValidityPeriodFrom>
<ValidityPeriodTo>20120731</ValidityPeriodTo>
<AvailabilityPeriodFrom>20110822</AvailabilityPeriodFrom>
<AvailabilityPeriodTo>20111031</AvailabilityPeriodTo>
<SalesChannel>All</SalesChannel>
<PostalFulfilment>Alpha Graphics</PostalFulfilment>
<Promo>288</Promo>,  -->
									<CellPrice>
										<Name>Leicester_City_Plus Student fare Annual - Promotional Price</Name>
										<StartDate>2011-08-22</StartDate>
										<EndDate>2012-07-31</EndDate>
										<Amount>320</Amount>
										<DiscountingRule version="any" id="cdla:DiscountingRule:Leicester_City_Plus@student@academicYear_Promo">
											<DiscountAsValue>288</DiscountAsValue>
										</DiscountingRule>
									</CellPrice>
									<UsageValidityPeriodRef version="any" ref="cdla:UsageValidityPeriod:academicYear"/>
									<UserProfileRef version="any" ref="cdla:UserProfile:student"/>
									<DistanceMatrixElementRef version="any" ref="cdla:DistanceMatrixElement:Leicester_City_Plus"/>
									<FareProductRef version="any" ref="cdla:PreassignedFareProduct:zonal@student"/>
								</Cell>
								<!--- ===Stafford == -->
								<Cell version="any" id="cdla:Cell:Stafford_adult@day" order="3">
									<!--		
<Zone>Stafford</Zone>
<Type>Adult</Type>
<validityParameters>Day</validityParameters>
<CellPrice>3.8</CellPrice>
<period>0</period>
<SalesChannel>Mobile</SalesChannel>
<PostalFulfilment>Mobile</PostalFulfilment>			-->
									<CellPrice>
										<Name>Stafford Adult full fare day</Name>
										<Amount>3.80</Amount>
									</CellPrice>
									<UsageValidityPeriodRef version="any" ref="cdla:UsageValidityPeriod:day"/>
									<UserProfileRef version="any" ref="cdla:UserProfile:adult"/>
									<DistanceMatrixElementRef version="any" ref="cdla:DistanceMatrixElement:Stafford"/>
									<FareStructureFactorRef version="any" ref="cdla:TimeStructureFactor:day"/>
									<FareProductRef version="any" ref="cdla:PreassignedFareProduct:zonal@adult"/>
								</Cell>
								<Cell version="any" id="cdla:Cell:Stafford@student@autumnTerm" order="4">
									<!--	
<Zone>Stafford</Zone>
<Type>Student</Type>
<validityParameters>Autumn Term</validityParameters>
<CellPrice>115</CellPrice>
<PriceActivationFrom>20110822</PriceActivationFrom>,Fixed,
<period></period>
<ValidityPeriodFrom>20110901</ValidityPeriodFrom>
<ValidityPeriodTo>20111222</ValidityPeriodTo>
<AvailabilityPeriodFrom>20110822</AvailabilityPeriodFrom>
<AvailabilityPeriodTo>20111031</AvailabilityPeriodTo>
<SalesChannel>All</SalesChannel>
<PostalFulfilment>Alpha Graphics</PostalFulfilment>
<Promo>103.5</Promo> 
 -->
									<CellPrice>
										<Name>Stafford Studenty   fare Termly</Name>
										<StartDate>2011-08-22</StartDate>
										<EndDate>2012-07-31</EndDate>
										<Amount>115</Amount>
									</CellPrice>
									<UsageValidityPeriodRef version="any" ref="cdla:UsageValidityPeriod:academicTerm"/>
									<UserProfileRef version="any" ref="cdla:UserProfile:student"/>
									<DistanceMatrixElementRef version="any" ref="cdla:DistanceMatrixElement:Stafford"/>
									<FareProductRef version="any" ref="cdla:PreassignedFareProduct:zonal@student"/>
								</Cell>
								<Cell version="any" id="cdla:Cell:Stafford@student@springTerm" order="5">
									<!--	
<Zone>Stafford</Zone>
<Type>Student</Type>
<validityParameters>Spring Term</validityParameters>
<CellPrice>115</CellPrice>
<PriceActivationFrom>20110822</PriceActivationFrom>,Fixed,
<period></period>
<ValidityPeriodFrom>20120102</ValidityPeriodFrom>
<ValidityPeriodTo>20120330</ValidityPeriodTo>
<AvailabilityPeriodFrom>20111212</AvailabilityPeriodFrom>
<AvailabilityPeriodTo>20120229</AvailabilityPeriodTo>
<SalesChannel>All</SalesChannel>
<PostalFulfilment>Alpha Graphics</PostalFulfilment>
<Promo>103.5</Promo>,
 -->
									<CellPrice>
										<Name>Stafford Student    fare Spring Term</Name>
										<StartDate>2012-01-02</StartDate>
										<EndDate>2012-03-30</EndDate>
										<Amount>115</Amount>
									</CellPrice>
									<UsageValidityPeriodRef version="any" ref="cdla:UsageValidityPeriod:academicTerm"/>
									<UserProfileRef version="any" ref="cdla:UserProfile:student"/>
									<DistanceMatrixElementRef version="any" ref="cdla:DistanceMatrixElement:Stafford"/>
									<FareProductRef version="any" ref="cdla:PreassignedFareProduct:zonal@student"/>
								</Cell>
								<Cell version="any" id="cdla:Cell:Stafford@student@summerTerm" order="6">
									<!--	
<Zone>Stafford</Zone>
<Type>Student</Type>
<validityParameters>Summer Term</validityParameters>
<CellPrice>115</CellPrice>
<PriceActivationFrom>20110822</PriceActivationFrom>,Fixed,
<period></period>
<ValidityPeriodFrom>20120416</ValidityPeriodFrom>
<ValidityPeriodTo>20120731</ValidityPeriodTo>
<AvailabilityPeriodFrom>20120319</AvailabilityPeriodFrom>
<AvailabilityPeriodTo>20120531</AvailabilityPeriodTo>
<SalesChannel>All</SalesChannel>
<PostalFulfilment>Alpha Graphics</PostalFulfilment>
<Promo>103.5</Promo>,
 -->
									<CellPrice>
										<Name>Stafford Studenty   fare Summer</Name>
										<StartDate>2012-04-16</StartDate>
										<EndDate>2012-07-31</EndDate>
										<Amount>115</Amount>
									</CellPrice>
									<UsageValidityPeriodRef version="any" ref="cdla:UsageValidityPeriod:academicTerm"/>
									<UserProfileRef version="any" ref="cdla:UserProfile:student"/>
									<DistanceMatrixElementRef version="any" ref="cdla:DistanceMatrixElement:Stafford"/>
									<FareProductRef version="any" ref="cdla:PreassignedFareProduct:zonal@student"/>
								</Cell>
							</cells>
						</FareTable>
					</fareTables>
					<SalesOfferPackages>
						<SalesOfferPackage version="any" id="cdla:SalesOfferPackage:adult@day@mobile">
							<Name>Adult Annual Mobile </Name>
							<SalesOfferPackageElements>
								<SalesOfferPackageElement order="1"     version="any" id="cdla:SalesOfferPackageElement:mobile">
									<TypeOfTravelDocumentRef version="any" ref="cdla:TypeOfTravelDocument:mobile"/>
									<FareProductRef version="any" ref="cdla:PreassignedFareProduct:zonal@adult"/>
									<validityParameterAssignments>
										<GenericParameterAssignment version="any" order="1" id="cdla:GenericParameterAssignment:adult@mobile@day">
											<FareStructureElementRef version="any" ref="cdla:FareStructureElement:zone@day"/>
										</GenericParameterAssignment>
									</validityParameterAssignments>
								</SalesOfferPackageElement>
							</SalesOfferPackageElements>
						</SalesOfferPackage>
						<SalesOfferPackage version="any" id="cdla:SalesOfferPackage:adult@weekly@mobile">
							<Name>Adult Weekly Mobile  </Name>
							<SalesOfferPackageElements>
								<SalesOfferPackageElement order="1"     version="any" id="cdla:SalesOfferPackageElement:adult@weekly@mobile">
									<TypeOfTravelDocumentRef version="any" ref="cdla:TypeOfTravelDocument:mobile"/>
									<FareProductRef version="any" ref="cdla:PreassignedFareProduct:zonal@adult"/>
									<validityParameterAssignments>
										<GenericParameterAssignment version="any" order="1" id="cdla:GenericParameterAssignment:adult@weekly@week">
											<FareStructureElementRef version="any" ref="cdla:FareStructureElement:zone@week"/>
										</GenericParameterAssignment>
									</validityParameterAssignments>
								</SalesOfferPackageElement>
							</SalesOfferPackageElements>
						</SalesOfferPackage>
						<SalesOfferPackage version="any" id="cdla:SalesOfferPackage:adult@4weekly@mobile">
							<Name>Adult 4 Weekly Mobile  </Name>
							<SalesOfferPackageElements>
								<SalesOfferPackageElement order="1"     version="any" id="cdla:SalesOfferPackageElement:adult@4weekly@mobile">
									<TypeOfTravelDocumentRef version="any" ref="cdla:TypeOfTravelDocument:mobile"/>
									<FareProductRef version="any" ref="cdla:PreassignedFareProduct:zonal@adult"/>
									<validityParameterAssignments>
										<GenericParameterAssignment version="any" order="1" id="cdla:GenericParameterAssignment:adult@4weekly@mobile@4week">
											<FareStructureElementRef version="any" ref="cdla:FareStructureElement:zone@4week"/>
										</GenericParameterAssignment>
									</validityParameterAssignments>
								</SalesOfferPackageElement>
							</SalesOfferPackageElements>
						</SalesOfferPackage>
						<SalesOfferPackage version="any" id="cdla:SalesOfferPackage:adult@annual@mobile">
							<Name>Adult Annual Mobile  </Name>
							<SalesOfferPackageElements>
								<SalesOfferPackageElement order="1"     version="any" id="cdla:SalesOfferPackageElement:adult@annual@mobile">
									<TypeOfTravelDocumentRef version="any" ref="cdla:TypeOfTravelDocument:mobile"/>
									<FareProductRef version="any" ref="cdla:PreassignedFareProduct:zonal@adult"/>
									<validityParameterAssignments>
										<GenericParameterAssignment version="any" order="1" id="cdla:GenericParameterAssignment:adult@annual@mobile@year">
											<FareStructureElementRef version="any" ref="cdla:FareStructureElement:zone@year"/>
										</GenericParameterAssignment>
									</validityParameterAssignments>
								</SalesOfferPackageElement>
							</SalesOfferPackageElements>
						</SalesOfferPackage>
						<SalesOfferPackage version="any" id="cdla:SalesOfferPackage:adult@4weekly@card">
							<Name>Adult 4 Weekly Mobile  </Name>
							<SalesOfferPackageElements>
								<SalesOfferPackageElement order="1"     version="any" id="cdla:SalesOfferPackageElement:adult@4weekly@card">
									<TypeOfTravelDocumentRef version="any" ref="cdla:TypeOfTravelDocument:card"/>
									<FareProductRef version="any" ref="cdla:PreassignedFareProduct:zonal@adult"/>
									<validityParameterAssignments>
										<GenericParameterAssignment version="any" order="1" id="cdla:GenericParameterAssignment:adult@annual@card@4week">
											<FareStructureElementRef version="any" ref="cdla:FareStructureElement:zone@4week"/>
										</GenericParameterAssignment>
									</validityParameterAssignments>
								</SalesOfferPackageElement>
							</SalesOfferPackageElements>
						</SalesOfferPackage>
						<SalesOfferPackage version="any" id="cdla:SalesOfferPackage:adult@annual@card">
							<Name>Adult Annual Mobile  </Name>
							<SalesOfferPackageElements>
								<SalesOfferPackageElement order="1"     version="any" id="cdla:SalesOfferPackageElement:adult@annual@card">
									<TypeOfTravelDocumentRef version="any" ref="cdla:TypeOfTravelDocument:card"/>
									<FareProductRef version="any" ref="cdla:PreassignedFareProduct:zonal@adult"/>
									<validityParameterAssignments>
										<GenericParameterAssignment version="any" order="1" id="cdla:GenericParameterAssignment:adult@annual@card@year">
											<FareStructureElementRef version="any" ref="cdla:FareStructureElement:zone@year"/>
										</GenericParameterAssignment>
									</validityParameterAssignments>
								</SalesOfferPackageElement>
							</SalesOfferPackageElements>
						</SalesOfferPackage>
						<SalesOfferPackage version="any" id="cdla:SalesOfferPackage:student@academicYear@mobile">
							<Name>Student Annual Mobile</Name>
							<!--	
<Type>Student</Type>
<validityParameters>Academic Year</validityParameters>
<CellPrice>320</CellPrice>
<PriceActivationFrom>20110822</PriceActivationFrom>,Fixed,
<period></period>
<ValidityPeriodFrom>20110901</ValidityPeriodFrom>
<ValidityPeriodTo>20120731</ValidityPeriodTo>
<AvailabilityPeriodFrom>20110822</AvailabilityPeriodFrom>
<AvailabilityPeriodTo>20111031</AvailabilityPeriodTo>
<SalesChannel>All</SalesChannel>
<PostalFulfilment>Alpha Graphics</PostalFulfilment>
<Promo>288</Promo>,  -->
							<validityParameterAssignments>
								<GenericParameterAssignment version="any" order="1" id="cdla:GenericParameterAssignment:student@academicYear@purchasewindow">
									<limitations>
										<PurchaseWindow version="any" id="cdla:GenericParameterAssignment:student@academicYear@purchasewindow">
											<validityConditions>
												<ValidBetween>
													<FromDate>2011-08-22T00:00:00Z</FromDate>
													<ToDate>2011-10-31T24:00:00</ToDate>
												</ValidBetween>
											</validityConditions>
										</PurchaseWindow>
									</limitations>
								</GenericParameterAssignment>
							</validityParameterAssignments>
							<SalesOfferPackageElements>
								<SalesOfferPackageElement order="1"     version="any" id="cdla:SalesOfferPackageElement:student@academicYear@mobile">
									<TypeOfTravelDocumentRef version="any" ref="cdla:TypeOfTravelDocument:mobile"/>
									<FareProductRef version="any" ref="cdla:PreassignedFareProduct:zonal@student"/>
									<validityParameterAssignments>
										<GenericParameterAssignment version="any" order="1" id="cdla:GenericParameterAssignment:student@academicYear@mobile@year">
											<FareStructureElementRef version="any" ref="cdla:FareStructureElement:zone@year"/>
										</GenericParameterAssignment>
									</validityParameterAssignments>
								</SalesOfferPackageElement>
							</SalesOfferPackageElements>
						</SalesOfferPackage>
						<SalesOfferPackage version="any" id="cdla:SalesOfferPackage:student@academicTerm@mobile">
							<Name>Student Academice term  Mobile</Name>
							<!--	 
<Type>Student</Type>
<validityParameters>Autumn Term</validityParameters>
<CellPrice>115</CellPrice>
<PriceActivationFrom>20110822</PriceActivationFrom>,Fixed,
<period></period>
<ValidityPeriodFrom>20110901</ValidityPeriodFrom>
<ValidityPeriodTo>20111222</ValidityPeriodTo>
<AvailabilityPeriodFrom>20110822</AvailabilityPeriodFrom>
<AvailabilityPeriodTo>20111031</AvailabilityPeriodTo>
 
<Type>Student</Type>
<validityParameters>Spring Term</validityParameters>
<CellPrice>115</CellPrice>
<PriceActivationFrom>20110822</PriceActivationFrom>,Fixed,
<period></period>
<ValidityPeriodFrom>20120102</ValidityPeriodFrom>
<ValidityPeriodTo>20120330</ValidityPeriodTo>
<AvailabilityPeriodFrom>20111212</AvailabilityPeriodFrom>
<AvailabilityPeriodTo>20120229</AvailabilityPeriodTo>
 
<Type>Student</Type>
<validityParameters>Summer Term</validityParameters>
<CellPrice>115</CellPrice>
<PriceActivationFrom>20110822</PriceActivationFrom>,Fixed,
 
<ValidityPeriodFrom>20120416</ValidityPeriodFrom>
<ValidityPeriodTo>20120731</ValidityPeriodTo>
<AvailabilityPeriodFrom>20120319</AvailabilityPeriodFrom>
<AvailabilityPeriodTo>20120531</AvailabilityPeriodTo>
 

  -->
							<validityParameterAssignments>
								<GenericParameterAssignment version="any" order="1" id="cdla:GenericParameterAssignment:student@academicTerm@mobile@purchasewindow">
									<limitations>
										<PurchaseWindow version="any" id="cdla:GenericParameterAssignment:student@academicTerm@mobile@purchasewindow">
											<validityConditions>
												<AvailabilityCondition version="any" id="cdla:AvailabilityCondition:student@academicTerm@mobile@purchasewindow@Autumn">
													<Name>Autumn term</Name>
													<FromDate>2011-08-22T00:00:00Z</FromDate>
													<ToDate>2011-10-31T24:00:00</ToDate>
												</AvailabilityCondition>
												<AvailabilityCondition version="any" id="cdla:AvailabilityCondition:student@academicTerm@mobile@purchasewindow@@Spring">
													<Name>Spring  term</Name>
													<FromDate>2011-12-12T00:00:00Z</FromDate>
													<ToDate>2012-02-29T24:00:00</ToDate>
												</AvailabilityCondition>
												<AvailabilityCondition version="any" id="cdla:AvailabilityCondition:student@academicTerm@mobile@purchasewindow@@Summer">
													<Name>Summer term</Name>
													<FromDate>2012-03-19T00:00:00Z</FromDate>
													<ToDate>2012-05-31T24:00:00</ToDate>
												</AvailabilityCondition>
											</validityConditions>
										</PurchaseWindow>
									</limitations>
								</GenericParameterAssignment>
							</validityParameterAssignments>
							<SalesOfferPackageElements>
								<SalesOfferPackageElement order="1"     version="any" id="cdla:SalesOfferPackageElement:student@academicTerm@mobile">
									<TypeOfTravelDocumentRef version="any" ref="cdla:TypeOfTravelDocument:mobile"/>
									<FareProductRef version="any" ref="cdla:PreassignedFareProduct:zonal@student"/>
									<validityParameterAssignments>
										<GenericParameterAssignment version="any" order="1" id="cdla:GenericParameterAssignment:student@academicYear@mobile@academicTerm">
											<FareStructureElementRef version="any" ref="cdla:FareStructureElement:zone@academicTerm"/>
										</GenericParameterAssignment>
									</validityParameterAssignments>
								</SalesOfferPackageElement>
							</SalesOfferPackageElements>
						</SalesOfferPackage>
					</SalesOfferPackages>
				</FareFrame>
				<!--- ====RESOURCES==== -->
				<ResourceFrame version="any" id="cdla:ResourceFrame:DTA">
					<typesOfValue>
						<ValueSet version="any" id="cdla:ValueSet:TypeOfConcession">
							<Name>Types of concession</Name>
							<values>
								<!--- ====TypeOfConcession method========= -->
								<TypeOfConcession version="any" id="cdla:TypeOfConcession:adult">
									<Name>Adult</Name>
								</TypeOfConcession>
								<TypeOfConcession version="any" id="cdla:TypeOfConcession:student">
									<Name>Student</Name>
								</TypeOfConcession>
							</values>
						</ValueSet>
						<ValueSet version="any" id="cdla:ValueSet:TypeOfTravelDocument">
							<Name>Types of concession</Name>
							<values>
								<!--- ====TypeOfConcession method========= -->
								<TypeOfTravelDocument version="any" id="cdla:TypeOfTravelDocument:mobile">
									<Name>Mobile Electronic</Name>
								</TypeOfTravelDocument>
								<TypeOfTravelDocument version="any" id="cdla:TypeOfTravelDocument:card">
									<Name>Travel Crard</Name>
								</TypeOfTravelDocument>
							</values>
						</ValueSet>
					</typesOfValue>
				</ResourceFrame>
			</frames>
		</CompositeFrame>
	</dataObjects>
</PublicationDelivery>
