<?xml version="1.0" encoding="iso-8859-1"?>
<!-- ==== SImple Timetable  Example ====== 
This example shows the encoding of a Zonal fare set for a simple bus timetable for a linear route in NeTex XML  
Uses Zone To Zone fares.  There is a discount for children 16 or under
 
It is based  on the same route used in other bus  examples  e.g. 
		Bus_SimpleTimetable_WithTimings example to see LINKS & PATTERNs
		Bus_SimpleTimetable_PointToPoint_SiIngleProducts
		Bus_SimpleTimetable_ZoneToZone_AdultChildProducts  to see   Zonal Products   
 
It is   extended in other examples with further details
		Bus_SimpleTimetable_ZoneToZone_OffPeakProduct  to see added Zonal Products 
   
1. OVERVIEW
============
There are two LINEs
     Line 24 - the first line
     Line 46 for the connecting line

   The first route has just  three stops       	  A - B  - C   
																		::
		The second route 	has stops						B	- Q  - R
	
	
	TARIFF ZONE 1 has SCHEDULED STOP POINT : A
	TARIFF ZONE 2 has SCHEDULED STOP POINTss: B, C
	TARIFF ZONE 3 has SCHEDULED STOP POINTs: Q,  R

From To	Adult Price    
						Zone	1		Zone	2				Zone	3
    Zone	1  		 0.50 EUR		1.00 EUR	 	3.00 EUR		 
    Zone	2	 			-				0.50 EUR		2.00 EUR	
	Zone	3				 -				-					0.75 EUR	
	
 
Point to point  Fare matrix
From To	Adult Price   Child price
    1  1		0.50 EUR		50%
    1  2		1.00 EUR		50%
    1  3		3.00 EUR		50%
    2  2		0.50 EUR		50%
	2  3		2.00 EUR		50%
    3 32		0.75 EUR		50%
	
1. OVERVIEW
============

There is a CONNECTION  at Stop B   to a service to Stop R on a different Route
 
A 
==================================
2. DETAILS
 
SCHEDULED STOP POINTs
	    A)   mybus:ScheduledStopPoint:ssp_001  Alpha 
		B)  mybus:ScheduledStopPoint:ssp_002   Bravo 
		C)  mybus:ScheduledStopPoint:ssp_077	 Charley 

		Q)  mybus:ScheduledStopPoint:ssp_021	 Quebec 
		R)  mybus:ScheduledStopPoint:ssp_022	 Romeo

CONNECTIONs  : mybus:Connection:cx_SSP_002
		FROM:  B  mybus:ScheduledStopPoint:ssp_002    
		TO :  B  mybus:ScheduledStopPoint:ssp_002  

TARIFF ZONES
	TARIFF ZONE 1 has SCHEDULED STOP POINT : A
	TARIFF ZONE 2 has SCHEDULED STOP POINTss: B, C
	TARIFF ZONE 3 has SCHEDULED STOP POINTs: Q,  R

DISTANCE MATRIX ELEMENTs
	1 1   DISTANCE MATRIX ELEMENT myfares:DistanceMatrixElement:Z1_to_Z1
	1 2   DISTANCE MATRIX ELEMENT myfares:DistanceMatrixElement:Z1_to_Z2
    1 3   DISTANCE MATRIX ELEMENT myfares:DistanceMatrixElement:Z1_to_Z3
    2 2   DISTANCE MATRIX ELEMENT myfares:DistanceMatrixElement:Z2_to_Z2
    2 3   DISTANCE MATRIX ELEMENT myfares:DistanceMatrixElement:Z2_to_Z3
    3 3   DISTANCE MATRIX ELEMENT myfares:DistanceMatrixElement:Z3_to_Z3

There are two FARE PRODUCTS:

	Adult: PREASSIGNED FARE PRODUCT myfares:PreassignedFareProduct:zoneToZone_adult
		
		FREQUENCY OF USE   one trip unlimited   myfares:FrequencyOfUse:oneTrip
	    USER PROFLE - Adults 17 or over 

	Child: PREASSIGNED FARE PRODUCT myfares:PreassignedFareProduct:zoneToZone_child
	
		FREQUENCY OF USE   one trip unlimited   myfares:FrequencyOfUse:oneTrip
	    USER PROFILE - There is a discounted  UsageParameterPrice 
   

PRICE GROUP  used to group sets of prices

			USAGE PARAMETER PRICE	myfares:UsageParameterPrice:adult    100%
			USAGE PARAMETER PRICE	myfares:UsageParameterPrice:adult 	50%

			DISTANCE MATRIX ELEMENT PRICE myfares:DistanceMatrixElementPrice:Z1_to_Z1 : 0.50 EUR
			DISTANCE MATRIX ELEMENT PRICE myfares:DistanceMatrixElementPrice:Z1_to_Z2 : 1.00 EUR
			DISTANCE MATRIX ELEMENT PRICE myfares:DistanceMatrixElementPrice:Z1_to_Z3 : 3.00 EUR
			DISTANCE MATRIX ELEMENT PRICE myfares:DistanceMatrixElementPrice:Z2_to_Z2 : 0.50 EUR
			DISTANCE MATRIX ELEMENT PRICE myfares:DistanceMatrixElementPrice:Z2_to_Z3 : 2.00 EUR
			DISTANCE MATRIX ELEMENT PRICE myfares:DistanceMatrixElementPrice:Z3_to_Z3 : 0.75 EUR


A COMPOSITE FRAME is used to group the component FRAMEs
 
   - It has a VALIDITY CONDITION  

		A SERVICE  FRAME is used to contain the STOP POINT  elements   LINE, etc
		A FARE  FRAME is used to contain  the FARE     elements 
  

The Calendar is shown coded as
      Compact : OPERATING DAYs are assumed for each calendar date within the period of the calendar 


-->
<PublicationDelivery xmlns="http://www.netex.org.uk/netex" xmlns:siri="http://www.siri.org.uk/siri" xmlns:gml="http://www.opengis.net/gml/3.2" xmlns:xsi="http://www.w3.org/2001/XMLSchema-instance" version="1.0" xsi:schemaLocation="http://www.netex.org.uk/netex ../../../xsd/NeTEx_publication.xsd">
	<PublicationTimestamp>2010-12-17T09:30:47.0Z</PublicationTimestamp>
	<ParticipantRef>SYS001</ParticipantRef>
	<!--- ======WHAT WAS REQUESTED ========== -->
	<PublicationRequest version="1.0">
		<RequestTimestamp>2010-12-17T09:30:47.0Z</RequestTimestamp>
		<ParticipantRef>SYS002</ParticipantRef>
		<topics>
			<NetworkFrameTopic>
				<selectionValidityConditions>
					<AvailabilityCondition version="any" id="hde:AvailabilityCondition:CAL_02">
						<FromDate>2011-01-01T00:00:00Z</FromDate>
					</AvailabilityCondition>
				</selectionValidityConditions>
				<FareFrameRef ref="myfares:FareFrame:FF01">REQUEST</FareFrameRef>
			</NetworkFrameTopic>
		</topics>
	</PublicationRequest>
	<PublicationRefreshInterval>P1M</PublicationRefreshInterval>
	<Description>Example  of simple point to point fares</Description>
	<!--- =============== RESULTS =========== -->
	<dataObjects>
		<CompositeFrame version="1" id="myfares:CompositeFrame:CAL_02">
			<validityConditions>
				<ValidBetween>
					<FromDate>2011-01-01T00:00:00Z</FromDate>
					<ToDate>2011-07-01T00:00:00Z</ToDate>
				</ValidBetween>
			</validityConditions>
			<!--- ======= CODESPACEs======== -->
			<codespaces>
				<Codespace id="mybus">
					<Xmlns>mybus</Xmlns>
					<XmlnsUrl>http://www.mybuses.eu/stuff</XmlnsUrl>
					<Description>My buses</Description>
				</Codespace>
				<Codespace id="myfares">
					<Xmlns>myfares</Xmlns>
					<XmlnsUrl>http://www.myfares,com/fares</XmlnsUrl>
					<Description>Fatre v data   </Description>
				</Codespace>
			</codespaces>
			<!--- =======FRAME DEFAULTS======== -->
			<FrameDefaults>
				<DefaultCodespaceRef ref="myfares"/>
			</FrameDefaults>
			<frames>
				<!--- ========SERVICE FRAME  ========== -->
				<ServiceFrame version="1" id="mybus:ServiceFrame:svf_12">
					<Name>Stops for Winter timetable for Network</Name>
					<!--- =========STOP POINTs============ -->
					<scheduledStopPoints>
						<ScheduledStopPoint version="any" id="mybus:ScheduledStopPoint:SSP_001">
							<Name>Alpha &amp; Castle</Name>
							<Location>
								<Longitude>53.0000</Longitude>
								<Latitude>0.1000</Latitude>
							</Location>
							<TimingPointStatus>timingPoint</TimingPointStatus>
							<tariffZones>
								<TariffZoneRef version="any" ref="myfares:TariffZone:1"/>
							</tariffZones>
							<ShortName>Alpha</ShortName>
							<PublicCode>EANDC</PublicCode>
							<StopType>onstreetBus</StopType>
							<VehicleModes>bus</VehicleModes>
						</ScheduledStopPoint>
						<ScheduledStopPoint version="any" id="mybus:ScheduledStopPoint:SSP_002">
							<Name>Bravo</Name>
							<Location>
								<Longitude>53.2000</Longitude>
								<Latitude>0.2000</Latitude>
							</Location>
							<TimingPointStatus>timingPoint</TimingPointStatus>
							<tariffZones>
								<TariffZoneRef version="any" ref="myfares:TariffZone:2"/>
							</tariffZones>
							<ShortName>Bravo</ShortName>
							<PublicCode>MARCH</PublicCode>
							<StopType>onstreetBus</StopType>
							<VehicleModes>bus</VehicleModes>
						</ScheduledStopPoint>
						<ScheduledStopPoint version="any" id="mybus:ScheduledStopPoint:SSP_077">
							<Name>Charley</Name>
							<Location>
								<Longitude>53.3000</Longitude>
								<Latitude>0.3000</Latitude>
							</Location>
							<TimingPointStatus>timingPoint</TimingPointStatus>
							<tariffZones>
								<TariffZoneRef version="any" ref="myfares:TariffZone:2"/>
							</tariffZones>
							<ShortName>Charley</ShortName>
							<PublicCode>KENG</PublicCode>
							<StopType>onstreetBus</StopType>
							<VehicleModes>bus</VehicleModes>
						</ScheduledStopPoint>
						<ScheduledStopPoint version="any" id="mybus:ScheduledStopPoint:SSP_021">
							<Name>Romeo</Name>
							<Location>
								<Longitude>53.34000</Longitude>
								<Latitude>0.34000</Latitude>
							</Location>
							<TimingPointStatus>timingPoint</TimingPointStatus>
							<tariffZones>
								<TariffZoneRef version="any" ref="myfares:TariffZone:3"/>
							</tariffZones>
							<ShortName>Romeo</ShortName>
							<PublicCode>ROM</PublicCode>
							<StopType>onstreetBus</StopType>
							<VehicleModes>bus</VehicleModes>
						</ScheduledStopPoint>
						<ScheduledStopPoint version="any" id="mybus:ScheduledStopPoint:SSP_022">
							<Name>Quebec Street</Name>
							<Location>
								<Longitude>53.34000</Longitude>
								<Latitude>0.34000</Latitude>
							</Location>
							<TimingPointStatus>timingPoint</TimingPointStatus>
							<tariffZones>
								<TariffZoneRef version="any" ref="myfares:TariffZone:3"/>
							</tariffZones>
							<ShortName>Quebec</ShortName>
							<PublicCode>QBC</PublicCode>
							<StopType>onstreetBus</StopType>
							<VehicleModes>bus</VehicleModes>
						</ScheduledStopPoint>
					</scheduledStopPoints>
					<tariffZones>
						<!--- ====TARIFF ZONEs ======== -->
						<TariffZone version="any" id="myfares:TariffZone:1">
							<Name>Zone 1</Name>
						</TariffZone>
						<TariffZone version="any" id="myfares:TariffZone:2">
							<Name>Zone 2</Name>
						</TariffZone>
						<TariffZone version="any" id="myfares:TariffZone:3">
							<Name>Zone 3</Name>
						</TariffZone>
					</tariffZones>
				</ServiceFrame>
				<!--- =============== FAREs =========== -->
				<FareFrame version="any" id="myfares:FareFrame:FF01">
					<FrameDefaults>
						<DefaultCurrency>EUR</DefaultCurrency>
					</FrameDefaults>
					<!--- ====Pricing Parmaters======= -->
					<PricingParameterSet version="any" id="myfares:PricingParameterSet:myfares">
						<pricingRules>
							<DiscountingRule version="any" id="myfares:DiscountingRule:0%">
								<DiscountAsPercentage>0</DiscountAsPercentage>
							</DiscountingRule>
							<DiscountingRule version="any" id="myfares:DiscountingRule:50%">
								<DiscountAsPercentage>50</DiscountAsPercentage>
							</DiscountingRule>
						</pricingRules>
					</PricingParameterSet>
					<!--- ====Fare Structure======= -->
					<fareStructureElements>
						<FareStructureElement version="any" id="myfares:FareStructureElement:routes">
							<distanceMatrixElements>
								<DistanceMatrixElementRef version="any" ref="myfares:DistanceMatrixElement:Z1_to_Z2"/>
								<DistanceMatrixElementRef version="any" ref="myfares:DistanceMatrixElement:Z1_to_Z3"/>
								<DistanceMatrixElementRef version="any" ref="myfares:DistanceMatrixElement:Z2_to_Z3"/>
								<DistanceMatrixElementRef version="any" ref="myfares:DistanceMatrixElement:Z1_to_Z1"/>
								<DistanceMatrixElementRef version="any" ref="myfares:DistanceMatrixElement:Z2_to_Z2"/>
								<DistanceMatrixElementRef version="any" ref="myfares:DistanceMatrixElement:Z3_to_Z3"/>
							</distanceMatrixElements>
						</FareStructureElement>
					</fareStructureElements>
					<tariffs>
						<Tariff version="any" id="myfares:Tariff:zoneToZone_fare">
							<Name/>
							<distanceMatrixElements>
								<DistanceMatrixElement version="any" id="myfares:DistanceMatrixElement:Z1_to_Z1">
									<Name> Zone 1  to  Zone 1</Name>
									<StartTariffZoneRef version="any" ref="myfares:TariffZone:1"/>
									<EndTariffZoneRef version="any" ref="myfares:TariffZone:1"/>
									<prices>
										<DistanceMatrixElementPriceRef version="any" ref="myfares:DistanceMatrixElementPrice:Z1_to_Z1"/>
									</prices>
								</DistanceMatrixElement>
								<DistanceMatrixElement version="any" id="myfares:DistanceMatrixElement:Z1_to_Z2">
									<Name> Zone 1  to  Zone 2</Name>
									<StartTariffZoneRef version="any" ref="myfares:TariffZone:1"/>
									<EndTariffZoneRef version="any" ref="myfares:TariffZone:2"/>
									<prices>
										<DistanceMatrixElementPriceRef version="any" ref="myfares:DistanceMatrixElementPrice:Z1_to_Z2"/>
									</prices>
								</DistanceMatrixElement>
								<DistanceMatrixElement version="any" id="myfares:DistanceMatrixElement:Z1_to_Z3">
									<Name> Zone 1  to  Zone 3</Name>
									<StartTariffZoneRef version="any" ref="myfares:TariffZone:1"/>
									<EndTariffZoneRef version="any" ref="myfares:TariffZone:3"/>
									<prices>
										<DistanceMatrixElementPriceRef version="any" ref="myfares:DistanceMatrixElementPrice:Z1_to_Z3"/>
									</prices>
								</DistanceMatrixElement>
								<DistanceMatrixElement version="any" id="myfares:DistanceMatrixElement:Z2_to_Z2">
									<Name> Zone 2  to  Zone 2</Name>
									<StartTariffZoneRef version="any" ref="myfares:TariffZone:2"/>
									<EndTariffZoneRef version="any" ref="myfares:TariffZone:2"/>
									<prices>
										<DistanceMatrixElementPriceRef version="any" ref="myfares:DistanceMatrixElementPrice:Z2_to_Z2"/>
									</prices>
								</DistanceMatrixElement>
								<DistanceMatrixElement version="any" id="myfares:DistanceMatrixElement:Z2_to_Z3">
									<Name> Zone 2  to  Zone 3</Name>
									<StartTariffZoneRef version="any" ref="myfares:TariffZone:2"/>
									<EndTariffZoneRef version="any" ref="myfares:TariffZone:3"/>
									<prices>
										<DistanceMatrixElementPriceRef version="any" ref="myfares:DistanceMatrixElementPrice:Z2_to_Z3"/>
									</prices>
								</DistanceMatrixElement>
								<DistanceMatrixElement version="any" id="myfares:DistanceMatrixElement:Z3_to_Z3">
									<Name> Zone 3  to  Zone 3</Name>
									<StartTariffZoneRef version="any" ref="myfares:TariffZone:3"/>
									<EndTariffZoneRef version="any" ref="myfares:TariffZone:3"/>
									<prices>
										<DistanceMatrixElementPriceRef version="any" ref="myfares:DistanceMatrixElementPrice:Z3_to_Z3"/>
									</prices>
								</DistanceMatrixElement>
							</distanceMatrixElements>
						</Tariff>
					</tariffs>
					<!--- ====Fare Usage Parameters======= -->
					<usageParameters>
						<FrequencyOfUse version="any" id="myfares:FrequencyOfUse:oneTrip">
							<Name>One trip  only, any route, unlimited transfers</Name>
							<FrequencyOfUseType>single</FrequencyOfUseType>
							<MaximalFrequency>1</MaximalFrequency>
						</FrequencyOfUse>
						<UserProfile version="any" id="myfares:UserProfile:adult">
							<Name>Adult Fare - 17 or over</Name>
							<prices>
								<UsageParameterPriceRef version="any" ref="myfares:UsageParameterPrice:adult"/>
							</prices>
							<TypeOfConcessionRef version="any" ref="myfares:TypeOfConcession:adult"/>
							<MinimumAge>17</MinimumAge>
						</UserProfile>
						<UserProfile version="any" id="myfares:UserProfile:child">
							<Name>Child Fare</Name>
							<prices>
								<UsageParameterPriceRef version="any" ref="myfares:UsageParameterPrice:child"/>
							</prices>
							<TypeOfConcessionRef version="any" ref="myfares:TypeOfConcession:child"/>
							<MaximumAge>16</MaximumAge>
						</UserProfile>
					</usageParameters>
					<!--- ====Fare Product======= -->
					<fareProducts>
						<PreassignedFareProduct version="any" id="myfares:PreassignedFareProduct:zoneToZone">
							<Name>Adult Zone to zone  fares   </Name>
							<validityParameterAssignments>
								<GenericParameterAssignment version="any" order="1" id="myfares:GenericParameterAssignment:PreassignedFareProduct@UserProfile">
									<Name>Types of user</Name>
									<LimitationGroupingType>OR</LimitationGroupingType>
									<limitations>
										<UserProfileRef version="any" ref="myfares:UserProfile:adult"/>
										<UserProfileRef version="any" ref="myfares:UserProfile:child"/>
									</limitations>
								</GenericParameterAssignment>
								<GenericParameterAssignment version="any" order="2" id="myfares:GenericParameterAssignment:zoneToZone@routes">
									<FareStructureElementRef version="any" ref="myfares:FareStructureElement:routes"/>
								</GenericParameterAssignment>
							</validityParameterAssignments>
							<!--- ====VALIDABLE ELEMENTs====== -->
							<validableElements>
								<ValidableElement version="any" id="myfares:ValidableElement:singleRide">
									<Name>Single  ride</Name>
								</ValidableElement>
							</validableElements>
							<!--- ====ACCESS RIGHTs======= -->
							<accessRightsInProduct>
								<AccessRightInProduct version="any" id="myfares:AccessRightInProduct:zoneToZone" order="1">
									<Name>First ride</Name>
									<IsFirstInSequence>true</IsFirstInSequence>
									<IsLastInSequence>true</IsLastInSequence>
									<ValidableElementRef version="any" ref="myfares:ValidableElement:singleRide"/>
								</AccessRightInProduct>
							</accessRightsInProduct>
						</PreassignedFareProduct>
					</fareProducts>
					<!--- ====Fare Prices======= -->
					<fareTables>
						<FareTable version="any" id="myfares:FareTable:zoneToZone">
							<Name>Prices for Zonal Fare Product  </Name>
							<pricesFor>
								<PreassignedFareProductRef version="any" ref="myfares:PreassignedFareProduct:zoneToZone"/>
							</pricesFor>
							<cells>
								<UsageParameterPrice version="any" id="myfares:UsageParameterPrice:adult">
									<Name>Adult full fare</Name>
									<DiscountingRuleRef version="any" ref="myfares:DiscountingRule:0%"/>
									<UserProfileRef version="any" ref="myfares:UserProfile:adult"/>
								</UsageParameterPrice>
								<UsageParameterPrice version="any" id="myfares:UsageParameterPrice:child">
									<Name>Child discount - all fares</Name>
									<DiscountingRuleRef version="any" ref="myfares:DiscountingRule:50%"/>
									<UserProfileRef version="any" ref="myfares:UserProfile:child"/>
								</UsageParameterPrice>
								<DistanceMatrixElementPrice version="any" id="myfares:DistanceMatrixElementPrice:Z1_to_Z1">
									<Name> Zone 1  to  Zone 1</Name>
									<Amount>0.50</Amount>
									<DistanceMatrixElementRef version="any" ref="myfares:DistanceMatrixElement:Z1_to_Z2"/>
								</DistanceMatrixElementPrice>
								<DistanceMatrixElementPrice version="any" id="myfares:DistanceMatrixElementPrice:Z1_to_Z2">
									<Name> Zone 1  to  Zone 2</Name>
									<Amount>1.00</Amount>
									<DistanceMatrixElementRef version="any" ref="myfares:DistanceMatrixElement:Z1_to_Z2"/>
								</DistanceMatrixElementPrice>
								<DistanceMatrixElementPrice version="any" id="myfares:DistanceMatrixElementPrice:Z1_to_Z3">
									<Name> Zone 1  to  Zone 3</Name>
									<Amount>3.00</Amount>
									<DistanceMatrixElementRef version="any" ref="myfares:DistanceMatrixElement:Z1_to_Z3"/>
								</DistanceMatrixElementPrice>
								<DistanceMatrixElementPrice version="any" id="myfares:DistanceMatrixElementPrice:Z2_to_Z2">
									<Name> Zone 2  to  Zone 3</Name>
									<Amount>0.50</Amount>
									<DistanceMatrixElementRef version="any" ref="myfares:DistanceMatrixElement:Z2_to_Z2"/>
								</DistanceMatrixElementPrice>
								<DistanceMatrixElementPrice version="any" id="myfares:DistanceMatrixElementPrice:Z2_to_Z3">
									<Name> Zone 2  to  Zone 3</Name>
									<Amount>2.00</Amount>
									<DistanceMatrixElementRef version="any" ref="myfares:DistanceMatrixElement:Z2_to_Z3"/>
								</DistanceMatrixElementPrice>
								<DistanceMatrixElementPrice version="any" id="myfares:DistanceMatrixElementPrice:Z3_to_Z3">
									<Name> Zone 2  to  Zone 3</Name>
									<Amount>0.75</Amount>
									<DistanceMatrixElementRef version="any" ref="myfares:DistanceMatrixElement:Z3_to_Z3"/>
								</DistanceMatrixElementPrice>
							</cells>
						</FareTable>
					</fareTables>
				</FareFrame>
				<!--- ====RESOURCES==== -->
				<ResourceFrame version="any" id="myfares:ResourceFrame:DTA">
					<typesOfValue>
						<ValueSet version="any" id="myfares:ValueSet:TypeOfConcession">
							<Name>Types of concession</Name>
							<values>
								<!--- ====TypeOfConcession method========= -->
								<TypeOfConcession version="any" id="myfares:TypeOfConcession:adult">
									<Name>Adult</Name>
								</TypeOfConcession>
								<TypeOfConcession version="any" id="myfares:TypeOfConcession:child">
									<Name>Student</Name>
								</TypeOfConcession>
							</values>
						</ValueSet>
					</typesOfValue>
				</ResourceFrame>
			</frames>
		</CompositeFrame>
	</dataObjects>
</PublicationDelivery>
