<?xml version="1.0" encoding="UTF-8"?>
<!--
Example of AvailabilityCondition:
- using operatingDays
-->
<AvailabilityCondition xmlns:siri="http://www.siri.org.uk/siri" xmlns="http://www.netex.org.uk/netex" xmlns:core="http://www.govtalk.gov.uk/core" xmlns:xsi="http://www.w3.org/2001/XMLSchema-instance" xsi:schemaLocation="http://www.netex.org.uk/netex ../../../../xsd/netex_framework/netex_reusableComponents/netex_availabilityCondition_version-v1.0.xsd">
	<IsAvailable>false</IsAvailable>
	<operatingDays>
		<OperatingDay>
			<CalendarDate>2016-09-05</CalendarDate>
			<EarliestTime>05:00:00.000</EarliestTime>
			<DayLength>PT20H</DayLength>
		</OperatingDay>
		<OperatingDay>
			<CalendarDate>2016-09-06</CalendarDate>
			<EarliestTime>05:00:00.000</EarliestTime>
			<DayLength>PT20H</DayLength>
		</OperatingDay>
		<OperatingDay>
			<CalendarDate>2016-09-07</CalendarDate>
			<EarliestTime>05:00:00.000</EarliestTime>
			<DayLength>PT20H</DayLength>
		</OperatingDay>
	</operatingDays>
</AvailabilityCondition>
