<?xml version="1.0" encoding="UTF-8"?>
<PublicationDelivery xmlns="http://www.netex.org.uk/netex" xmlns:gml="http://www.opengis.net/gml/3.2" xmlns:xsi="http://www.w3.org/2001/XMLSchema-instance" xmlns:siri="http://www.siri.org.uk/siri" version="1.0" xsi:schemaLocation="http://www.netex.org.uk/netex ../../../xsd/NeTEx_publication.xsd">
	<PublicationTimestamp>2001-12-17T09:30:47.0Z</PublicationTimestamp>
	<ParticipantRef>SYS001</ParticipantRef>
	<!--
UK NeTEx Profile: NPTG Data
=============
This Example shows an extract of  NaPTAN   data for two  NaPTAN STopAreas and three NaPTAN Stop Points   encoded  in NeteX  format
(C) Crown Copyright 2017

==========================================
1. Overview:

Naptan  describes both an timetablee and physical   aspects of a Stop Point.  NeTEx represents these as separate concepts

1.1 NaPTan Stop  Areas

Stop Areas.  Each NaPTAN StopArea can be represented by a  NeTEx STOP AREA.  In particular this is useful where StopAreas are used to group multimodal stops at an interchange,

1.1 NaPTan Stop Points

NeTEx separates  schedule stop aspects    (SCHEDULED STOP POINT )  from physical  locality  (STOP PLACE, QUAY, BOARDING POINT)
these cna be tied tgether using a STOP ASSIGNMENT

 1.2 Elelemnts are groupe d in a SERVICE FRAME
================================
2.  Summary

2.1 Each NaPTAN stop area  is mapped to an element of a  NeTEx STOP PLACE, and identified with the same identifier i.e. AtcoCode.
			-	NaPTAN  StopArea  => StopArea
			-	NaPTAN ParentStopAreaRef =>ParentStopAreaRef.
			-	NaPTAN StopArea members =>ScheduledStopPoint members.

The Type of the StopAre can be re[presented with a TypeOfZone code

2.2 Each NaPTAN point type is mapped to an element of a  NeTEx STOP PLACE, and identified with the same identifier i.e. AtcoCode.

 The NaPTAN StopClassification and StopType can be used to determine how each type of stop is handled
     Each NaPTAN StopPoint that is an interchange   (i.e. of NaPTAN ‘access area’ stop type RLY, MET, etc) can be represented by a NeTEx STOP PLACE.
			-	NaPTAN StopPoint (AccessArea) => NeTEx StopPlace.
  Each NaPTAN StopPoint that is a platform or other physical point of access (i.e. of NaPTAN stop type, BCS, PLT, etc ) can be represented by a NeTEx QUAY within a STOP PLACE given by the associated NaPTAN interchange.
			-	NaPTAN StopPoint (Physical Stop) =>NeTEx StopPlace / Quay.
 Each NaPTAN StopPoint that is an entrance to an interchange (.e. of NaPTAN stop type BSE, RSE, FER, etc ) can be represented by a NeTEx ENTRANCE within a STOP PLACE given by the associated NaPTAN interchange
			-	NaPTAN StopPoint (Entrance) =>NeTEx  StopPlace / Entrance.
 Each NaPTAN StopPoint that is not part of an interchange (mostly just on-street bus stops of type  BCT,) can be represented by a NeTEx QUAY; in this case an additional STOP PLACE will have to be created to contain it.  Pairs of on street stops (as indicated by a NaPTAN Stop Are of type GCLS) can be assigned to a single STOP


Each NaPTAN StopPoint that is an interchange   (i.e. of NaPTAN ‘access area’ stop type RLY, MET, etc)  can be represented by a NeTEx SCHEDULED STOP POINT.
			-	NaPTAN StopPoint (AccessArea) => NeTEx ScheduledStopPoint.

A NeTEx STOP PLACE ASSIGNMENT can be created to explicitly link the Additional attributes that relate to the SCHEDULED STOP POINT rather than the physical  stop


The Type of the StopPlace element  can be re[presented with a TypeOfPlace code

		-	NaPTAN StopPoint (AccessArea) -> NeTEx ScheduledStopPoint.

          SourceLocalityType    ==>  TypeOfPlacE

-->
	<!--- ======WHAT WAS REQUESTED ========== -->
	<PublicationRefreshInterval>P3M</PublicationRefreshInterval>
	<!--- =============== RESULTS =========== -->
	<dataObjects>
		<CompositeFrame version="1" id="napt:SampleData_02">
			<Name>Sample extract of NaPTAn data encoded a in NeTEx</Name>
			<TypeOfFrameRef ref="napt:naptan_data" version="2.1"/>
			<!-- ==== CODESPACES == -->
			<codespaces>
				<Codespace id="napt">
					<Xmlns>napt</Xmlns>
					<XmlnsUrl>http://www.naptan.org.uk/naptan</XmlnsUrl>
					<Description>UK National Public Transport Access Nodes database and codes</Description>
				</Codespace>
				<Codespace id="nptg">
					<Xmlns>nptg</Xmlns>
					<XmlnsUrl>http://www.nptg.org.uk/nptg</XmlnsUrl>
					<Description>UK National Public Transport gazetteer and NPTG codes.  Codes of regions, administrative areas, and localities are unique within the UK.</Description>
				</Codespace>
			</codespaces>
			<frames>
				<ResourceFrame version="any" id="napt:UKProfile">
					<Name>Static NPTG code values</Name>
					<!-- ==== Fixed values == -->
					<typesOfValue>
						<TypeOfFrame id="napt:naptan_data" version="2.1">
							<Name>UK NPTG Data </Name>
							<LocatingSystemRef>WGS84</LocatingSystemRef>
						</TypeOfFrame>
						<!-- ==== Fixed values == -->
						<ValueSet version="2.4" id="napt:NaPTAN_Stop_Classifications" classOfValues="TypeOfPlace">
							<Name>NaPTan Stop StopClassifications</Name>
							<values>
								<TypeOfPlace version="any" id="napt:StopClassification:BCT">
									<Name>Naptan Bus COach Tram stop on street </Name>
								</TypeOfPlace>
								<TypeOfPlace version="any" id="napt:StopClassification:BCS">
									<Name> Bus / Coach bay / stand / stance within Bus / Coach Stations.</Name>
								</TypeOfPlace>
								<TypeOfPlace version="any" id="napt:StopClassification:BCQ">
									<Name> Variabel Bay.</Name>
								</TypeOfPlace>
								<TypeOfPlace version="any" id="napt:StopClassification:BSE">
									<Name>Bus Station Entrance</Name>
								</TypeOfPlace>
								<TypeOfPlace version="any" id="napt:StopClassification:BST">
									<Name> Bus Station ACcess ARea.</Name>
								</TypeOfPlace>
								<TypeOfPlace version="any" id="napt:StopClassification:AIR">
									<Name>Airport Entrance </Name>
								</TypeOfPlace>
								<TypeOfPlace version="any" id="napt:StopClassification:GAT">
									<Name>Airside area </Name>
								</TypeOfPlace>
								<TypeOfPlace version="any" id="napt:StopClassification:FER">
									<Name>Ferry Terminal   Entrance </Name>
								</TypeOfPlace>
								<TypeOfPlace version="any" id="napt:StopClassification:FTD">
									<Name>Ferry Terminal   Entrance </Name>
								</TypeOfPlace>
								<TypeOfPlace version="any" id="napt:StopClassification:FBT">
									<Name>Ferry Berth</Name>
								</TypeOfPlace>
								<TypeOfPlace version="any" id="napt:StopClassification:RLY">
									<Name>Rail Station Entrance</Name>
								</TypeOfPlace>
								<TypeOfPlace version="any" id="napt:StopClassification:RSE">
									<Name>Rail Station</Name>
								</TypeOfPlace>
								<TypeOfPlace version="any" id="napt:StopClassification:RPL">
									<Name>Rail Platform</Name>
								</TypeOfPlace>
								<TypeOfPlace version="any" id="napt:StopClassification:MET">
									<Name>Metro Station</Name>
								</TypeOfPlace>
								<TypeOfPlace version="any" id="napt:StopClassification:PLT">
									<Name>Metro Platform</Name>
								</TypeOfPlace>
								<TypeOfPlace version="any" id="napt:StopClassification:LSE">
									<Name>Lift Station Entrance</Name>
								</TypeOfPlace>
								<TypeOfPlace version="any" id="napt:StopClassification:LCB">
									<Name>Lift Station</Name>
								</TypeOfPlace>
								<TypeOfPlace version="any" id="napt:StopClassification:LPL">
									<Name>Lift Station  Platform</Name>
								</TypeOfPlace>
								<TypeOfPlace version="any" id="napt:StopClassification:TXR">
									<Name>Taxi Rank</Name>
								</TypeOfPlace>
								<TypeOfPlace version="any" id="napt:StopClassification:STR">
									<Name>SharedTaxi Rank</Name>
								</TypeOfPlace>
								<TypeOfPlace version="any" id="napt:StopClassification:SDA">
									<Name>Set Down Area</Name>
								</TypeOfPlace>
							</values>
						</ValueSet>
						<ValueSet version="2.4" id="napt:Nptg_Stop_Types" classOfValues="TypeOfPlace">
							<Name>NapTAn STope Types   s</Name>
							<values>
								<TypeOfPlace version="any" id="napt:StopType:MKD">
									<Name>Marked stopr</Name>
								</TypeOfPlace>
								<TypeOfPlace version="any" id="napt:StopType:HAR">
									<Name>Hail and Ride</Name>
								</TypeOfPlace>
								<TypeOfPlace version="any" id="napt:StopType:CUS">
									<Name>stom (unmarked, or only marked on road).</Name>
								</TypeOfPlace>
								<TypeOfPlace version="any" id="napt:StopType:FLX">
									<Name>Unmarked stop </Name>
								</TypeOfPlace>
							</values>
						</ValueSet>
						<ValueSet version="2.4" id="napt:NaPTAN_StopArea_Classifications" classOfValues="TypeOfZone">
							<Name>NaPTan Stop StopClassifications</Name>
							<values>
								<TypeOfZone version="any" id="napt:StopAreaType:GPBS">
									<Name>Paired on-street Bus / Coach / Tram stops.</Name>
								</TypeOfZone>
								<TypeOfZone version="any" id="napt:StopAreaType:GCLS">
									<Name>Clustered on-street Bus / Coach / Tram stops.</Name>
								</TypeOfZone>
								<TypeOfZone version="any" id="napt:StopAreaType:GAIR">
									<Name>Airport Building.</Name>
								</TypeOfZone>
								<TypeOfZone version="any" id="napt:StopAreaType:GBCS">
									<Name>Bus / Coach Station.</Name>
								</TypeOfZone>
								<TypeOfZone version="any" id="napt:StopAreaType:GFTD">
									<Name>Ferry Terminal / Dock Building.</Name>
								</TypeOfZone>
								<TypeOfZone version="any" id="napt:StopAreaType:GTMU">
									<Name>Tram / Metro / Underground Station.</Name>
								</TypeOfZone>
								<TypeOfZone version="any" id="napt:StopAreaType:GRLS">
									<Name>Railway station.</Name>
								</TypeOfZone>
								<TypeOfZone version="any" id="napt:StopAreaType:GMLT">
									<Name>Multimode Interchange.</Name>
								</TypeOfZone>
								<TypeOfZone version="any" id="napt:StopAreaType:GOTH">
									<Name>Other Structure.</Name>
								</TypeOfZone>
								<TypeOfZone version="any" id="napt:StopAreaType:GCCH">
									<Name>Coach Service Coverage.</Name>
								</TypeOfZone>
								<TypeOfZone version="any" id="napt:StopAreaType:GLCB">
									<Name> Lift or Cablecar station (+NaPT v2.4)</Name>
								</TypeOfZone>
							</values>
						</ValueSet>
					</typesOfValue>
				</ResourceFrame>
				<!---   STOP  AREAS   -->
				<!--   ======================================================================= -->
				<ServiceFrame version="any" id="Naptan_stops">
					<stopAreas>
						<StopArea responsibilitySetRef="nptg:ResponsibilitySet:086" created="2010-06-29T09:41:00" changed="2010-06-29T09:41:00" modification="new" version="0" status="active" id="napt:StopArea:060G000001">
							<Name>Longfield Academy</Name>
							<types>
								<TypeOfZoneRef version="any" ref="napt:StopAreaType:GCLS"/>
							</types>
							<Centroid>
								<Location>
									<Longitude>0.3061188404</Longitude>
									<Latitude>51.3970678664</Latitude>
									<gml:pos srsName="UKOS">560525  168971</gml:pos>
								</Location>
							</Centroid>
						</StopArea>
						<StopArea responsibilitySetRef="nptg:ResponsibilitySet:110" created="2006-09-11T15:42:00" changed="2006-09-11T00:00:00" modification="new" version="0" status="active" id="napt:StopArea:910GABDARE">
							<Name>Aberdare Rail Station</Name>
							<types>
								<TypeOfZoneRef version="any" ref="napt:StopAreaType:GRLS"/>
							</types>
							<Centroid>
								<Location>
									<Longitude>-3.4430991465</Longitude>
									<Latitude>51.715057473</Latitude>
									<gml:pos srsName="UKOS">300400  202800</gml:pos>
								</Location>
							</Centroid>
						</StopArea>
					</stopAreas>
					<stopAssignments>
						<PassengerStopAssignment version="any" created="2004-06-09T14:20:00-05:00" responsibilitySetRef="nptg:ResponsibilitySet:060" id="napt:StopPoint:260010966" order="0">
							<ScheduledStopPoint version="any" created="2004-06-09T14:20:00-05:00" responsibilitySetRef="nptg:ResponsibilitySet:060" id="napt:StopPoint:260010966">
								<!-- AdministrativeAreaRef>060  -->
								<Name>Netherley Road</Name>
								<!--  Timingstatus  -->
								<TimingPointStatus>timingPoint</TimingPointStatus>
								<AllowedForWaitTime>PT0M</AllowedForWaitTime>
								<stopAreas>
									<StopAreaRef version="0" ref="napt:StopArea:060G000001"/>
								</stopAreas>
								<StopType>onstreetBus</StopType>
								<VehicleModes>bus</VehicleModes>
								<!--	<Street>Netherley Road</Street>  -->
								<TopographicPlaceRef ref="nptg:TopographicPlace:E0000004"/>
							</ScheduledStopPoint>
							<StopPlace version="any" id="napt:StopPlace:260010966" responsibilitySetRef="nptg:ResponsibilitySet:060">
								<Name>Netherley Road</Name>
								<quays>
									<Quay id="napt:StopPoint:26001096" version="1">
										<Centroid>
											<Location>
												<gml:pos srsName="UKOS">442914</gml:pos>
											</Location>
										</Centroid>
										<placeTypes>
											<TypeOfPlaceRef ref="napt:StopClassification:BCT"/>
											<TypeOfPlaceRef ref="napt:StopType:MKD"/>
										</placeTypes>
										<!--	<Street>Netherley Road</Street>  -->
										<RoadAddress version="any" id="napt:RoadAddress:260010966">
											<RoadName>Netherley Road</RoadName>
											<BearingCompass>N</BearingCompass>
										</RoadAddress>
									</Quay>
								</quays>
							</StopPlace>
						</PassengerStopAssignment>
						<PassengerStopAssignment version="any" responsibilitySetRef="nptg:ResponsibilitySet:086" id="napt:StopPoint:2400100348" order="0">
							<ScheduledStopPoint responsibilitySetRef="nptg:ResponsibilitySet:086" created="2008-03-10T15:20:00" changed="2008-12-09T15:29:00" modification="revise" version="1" status="active" id="napt:StopPoint2400100348">
								<!-- NAPT_</AtcoCode> -->
								<!--  NAPT_ <AdministrativeAreaRef> -->
								<Name>White Deer Park Nursing Home</Name>
								<!-- NAPT_<CommonName>  -->
								<TimingPointStatus>notTimingPoint</TimingPointStatus>
								<tariffZones>
									<TariffZoneRef created="2010-10-07T14:27:15" changed="2010-10-07T14:27:15" modification="new" ref="THANET"/>
								</tariffZones>
								<ShortStopCode type="napt:NaptanCode">kntgwjdg</ShortStopCode>
								<!-- NAPT_<NaptanCode>  -->
								<!-- NAPT_<Timingstatus>OTH  -->
							</ScheduledStopPoint>
							<StopPlace responsibilitySetRef="nptg:ResponsibilitySet:086" version="1" id="napt:StopPlace:2400100348">
								<Name>White Deer Park Nursing Home</Name>
								<!-- NAPT_<NaptanCode>  -->
								<TopographicPlaceRef ref="nptg:TopographicPlace:E0015410"/>
								<!-- NAPT_<TopographicPlaceRef> -->
								<AtCentre>false</AtCentre>
								<!-- NAPT_<LocalityCentre>0 -->
								<TransportMode>bus</TransportMode>
								<StopPlaceType>onstreetBus</StopPlaceType>
								<quays>
									<Quay id="napt:StopPoint:2400100348" version="1">
										<Centroid>
											<Location>
												<Longitude>1.4324975357</Longitude>
												<Latitude>51.3469852361</Latitude>
												<gml:pos srsName="UKOS">639127  166471</gml:pos>
											</Location>
										</Centroid>
										<placeTypes>
											<TypeOfPlaceRef ref="napt:StopClassification:BCT"/>
											<TypeOfPlaceRef ref="napt:StopType:MKD"/>
										</placeTypes>
										<RoadAddress version="any" id="napt:StopPoint:2400100348">
											<RoadName>Detling Avenue</RoadName>
											<!-- NAPT_<Street> -->
											<BearingCompass>SE</BearingCompass>
											<!-- NAPT_<CompassPoint> -->
										</RoadAddress>
										<NameSuffix>opp</NameSuffix>
										<Landmark>White Deer Park Nursing Home</Landmark>
										<QuayType>busStop</QuayType>
									</Quay>
								</quays>
							</StopPlace>
						</PassengerStopAssignment>
						<!-- ====   -->
						<PassengerStopAssignment responsibilitySetRef="nptg:ResponsibilitySet:110" version="1" id="napt:StopPoint:9100ABDARE" order="0">
							<ScheduledStopPoint responsibilitySetRef="nptg:ResponsibilitySet:110" created="2006-09-08T14:30:00" changed="2007-09-26T13:00:00" modification="revise" version="1" status="active" id="napt:StopPoint:9100ABDARE">
								<Name>Aberdare Rail Station</Name>
								<stopAreas>
									<StopAreaRef created="2006-12-08T00:00:00" changed="2006-12-08T00:00:00" modification="new" version="0" ref="napt:StopArea:910GABDARE"/>
								</stopAreas>
								<tariffZones>
									<TariffZoneRef created="2009-10-29T16:30:45" changed="2009-10-29T16:30:45" modification="new" versionRef="0" ref="nptg:TariffZone:ABDARE"/>
								</tariffZones>
								<ShortStopCode>ABA</ShortStopCode>
								<!-- NAPT_CrsRef -->
								<PublicCode type="napt:TIPLOC">ABDARE</PublicCode>
							</ScheduledStopPoint>
							<StopPlace responsibilitySetRef="nptg:ResponsibilitySet:110" version="1" id="napt:StopPoint:9100ABDARE">
								<Name>Aberdare Rail Station</Name>
								<Centroid>
									<Location>
										<Longitude>-3.4430991465</Longitude>
										<Latitude>51.715057473</Latitude>
										<gml:pos srsName="UKOS">300400  202800</gml:pos>
									</Location>
								</Centroid>
								<placeTypes>
									<TypeOfPlaceRef ref="napt:StopClassification:RLY"/>
								</placeTypes>
								<TopographicPlaceRef ref="E0054662"/>
								<AtCentre>true</AtCentre>
								<entrances>
									<StopPlaceEntrance id="napt:StopPoint:9100ABDARE0A" version="1">
										<Name>berdare Rail Station - Main Entrance</Name>
										<Centroid>
											<Location>
												<Longitude>-3.4430991462</Longitude>
												<Latitude>51.715057474</Latitude>
												<gml:pos srsName="UKOS">300400  202800</gml:pos>
											</Location>
										</Centroid>
										<placeTypes>
											<TypeOfPlaceRef ref="napt:StopClassification:RSE"/>
										</placeTypes>
										<RoadAddress version="any" id="napt:StopPoint:9100ABDARE0A">
											<RoadName>Station Road  Avenue</RoadName>
											<!-- NAPT_<Street> -->
											<BearingCompass>SE</BearingCompass>
											<!-- NAPT_<CompassPoint> -->
										</RoadAddress>
									</StopPlaceEntrance>
								</entrances>
								<TransportMode>rail</TransportMode>
								<StopPlaceType>railStation</StopPlaceType>
								<mainTerminusForPlaces>
									<TopographicPlaceRef created="2004-11-23T00:00:00" changed="2004-11-23T00:00:00" versionRef="0" ref="E0040751"/>
									<!--  NPTG_<NptgLocalityRef> -->
									<TopographicPlaceRef created="2004-11-23T00:00:00" changed="2004-11-23T00:00:00" versionRef="0" ref="E0040821"/>
									<!--  NPTG_<NptgLocalityRef> -->
									<TopographicPlaceRef created="2004-11-23T00:00:00" changed="2004-11-23T00:00:00" versionRef="0" ref="E0040832"/>
									<!--  NPTG_<NptgLocalityRef> -->
									<TopographicPlaceRef created="2004-11-23T00:00:00" changed="2004-11-23T00:00:00" versionRef="0" ref="E0040887"/>
									<!--  NPTG_<NptgLocalityRef> -->
									<TopographicPlaceRef created="2004-11-23T00:00:00" changed="2004-11-23T00:00:00" versionRef="0" ref="E0041272"/>
									<!--  NPTG_<NptgLocalityRef> -->
									<TopographicPlaceRef created="2004-11-23T00:00:00" changed="2004-11-23T00:00:00" versionRef="0" ref="E0041283"/>
									<!--  NPTG_<NptgLocalityRef> -->
									<TopographicPlaceRef created="2004-11-23T00:00:00" changed="2004-11-23T00:00:00" versionRef="0" ref="E0041322"/>
									<!--  NPTG_<NptgLocalityRef> -->
									<TopographicPlaceRef created="2004-11-23T00:00:00" changed="2004-11-23T00:00:00" versionRef="0" ref="E0054648"/>
									<!--  NPTG_<NptgLocalityRef> -->
									<TopographicPlaceRef created="2004-11-23T00:00:00" changed="2004-11-23T00:00:00" versionRef="0" ref="E0054658"/>
									<!--  NPTG_<NptgLocalityRef> -->
									<TopographicPlaceRef created="2004-11-23T00:00:00" changed="2004-11-23T00:00:00" versionRef="0" ref="N0071412"/>
									<!--  NPTG_<NptgLocalityRef> -->
									<TopographicPlaceRef created="2004-11-23T00:00:00" changed="2004-11-23T00:00:00" versionRef="0" ref="N0075474"/>
									<!--  NPTG_<NptgLocalityRef> -->
									<TopographicPlaceRef created="2004-11-23T00:00:00" changed="2004-11-23T00:00:00" versionRef="0" ref="N0075496"/>
									<!--  NPTG_<NptgLocalityRef> -->
									<TopographicPlaceRef created="2004-11-23T00:00:00" changed="2004-11-23T00:00:00" versionRef="0" ref="N0075869"/>
									<!--  NPTG_<NptgLocalityRef> -->
									<TopographicPlaceRef created="2004-11-23T00:00:00" changed="2004-11-23T00:00:00" versionRef="0" ref="N0075978"/>
									<!--  NPTG_<NptgLocalityRef> -->
									<TopographicPlaceRef created="2004-11-23T00:00:00" changed="2004-11-23T00:00:00" versionRef="0" ref="N0075983"/>
									<!--  NPTG_<NptgLocalityRef> -->
								</mainTerminusForPlaces>
								<quays>
									<Quay id="napt:StopPoint:9100ABDARE01" version="1">
										<Name>Platform 1</Name>
										<Centroid>
											<Location>
												<Longitude>-3.4430991462</Longitude>
												<Latitude>51.715057474</Latitude>
												<gml:pos srsName="UKOS">300400  202800</gml:pos>
											</Location>
										</Centroid>
										<placeTypes>
											<TypeOfPlaceRef ref="napt:StopClassification:PLT"/>
										</placeTypes>
										<QuayType>railPlatform</QuayType>
									</Quay>
									<Quay id="napt:StopPoint:9100ABDARE02" version="1">
										<Name>Platform 2</Name>
										<Centroid>
											<Location>
												<Longitude>-3.4430991462</Longitude>
												<Latitude>51.715057474</Latitude>
												<gml:pos srsName="UKOS">300400  202800</gml:pos>
											</Location>
										</Centroid>
										<placeTypes>
											<TypeOfPlaceRef ref="napt:StopClassification:PLT"/>
										</placeTypes>
										<QuayType>railPlatform</QuayType>
									</Quay>
								</quays>
							</StopPlace>
						</PassengerStopAssignment>
					</stopAssignments>
				</ServiceFrame>
			</frames>
		</CompositeFrame>
	</dataObjects>
</PublicationDelivery>
