<?xml version="1.0" encoding="UTF-8"?>
<!-- ========= NOTG  EXAMPLE LinearI======    
 
This Example sektches out how   NPTG    data can  be represented in full in NeTEx 

 For each NPTG Administrative Area  is represented by several related    NeTEx  entities

				 RESPONSIBILITY SET  
				 ORGANISATION 
						ORGANISATION PART (prefix(s)
							ADMINISTRATIVE ZONE
								NAME SPACE ASSIGNMENT 
						ORGANISATIONAL PART (District)s  if any

		To project area would also need 

For each NPTG  Region  there is  a TOPOGRAPHIC Place
 
For each NPTG locality  theer is  a TOPOGRAPHIC Place
 
<NationalPublicTransportGazetteer  SchemaVersion="2.4" CreationDateTime="2001-12-17T09:30:47Z" ChangesSince="2001-12-17T09:30:47Z" DataRightRef="NMTOKEN" DataSource="String" LocationSystem="Grid" RevisionNumber="1" ModificationDateTime="2001-12-17T09:30:47Z" FileName="FielNameS" Modification="revise " xsi:schemaLocation="http://www.naptan.org.uk/ http://www.dft.gov.uk/naptan/schema/2.4b/NPTG.xsd" xmlns="http://www.naptan.org.uk/"  xmlns:xsi="http://www.w3.org/2001/XMLSchema-instance">
	<Regions>
		<Region Modification="new" Status="inactive" DataRightRef="DR01" CreationDateTime="2001-12-17T09:30:47Z" ModificationDateTime="2001-12-17T09:30:47Z" BaselineVersion="1"  RevisionNumber="1" >
			<RegionCode>A</RegionCode>
			<Name>Region A </Name>
			<Country>England</Country>
			<AdministrativeAreas modification="revise">
				<AdministrativeArea Modification="new" Status="active" DataRightRef="DR01" CreationDateTime="2001-12-17T09:30:47Z" ModificationDateTime="2001-12-17T09:30:47Z" BaselineVersion="1"   RevisionNumber="1" >
					<AdministrativeAreaCode>101</AdministrativeAreaCode>
					<AtcoAreaCode>001</AtcoAreaCode>
					<Name>NPTG Admin area 101</Name>
					<ShortName> Admin area short Name</ShortName>
					<NptgDistricts>
						<NptgDistrict Modification="new" Status="pending" DataRightRef="DR01" CreationDateTime="2001-12-17T09:30:47Z" ModificationDateTime="2001-12-17T09:30:47Z" BaselineVersion="1" RevisionNumber="1" >
							<NptgDistrictCode>111</NptgDistrictCode>
							<Name>NPTG District 111 </Name>
						</NptgDistrict>
					</NptgDistricts>
					<MaximumLengthForShortNames>24</MaximumLengthForShortNames>
					<National>false</National>
					<NaptanPrefixes>
						<AlphaPrefix>1</AlphaPrefix>
					</NaptanPrefixes>
					<CleardownRange>
						<CleardownStart>2</CleardownStart>
						<CleardownEnd>2</CleardownEnd>
					</CleardownRange>
					<ContactEmail>a@b.com</ContactEmail>
					<ContactTelephone>
						<TelNationalNumber>02071234567</TelNationalNumber>
						<TelExtensionNumber>0</TelExtensionNumber>
						<TelCountryCode>44</TelCountryCode>
					</ContactTelephone>
				</AdministrativeArea>
			</AdministrativeAreas>
		</Region>
	</Regions>
	<NptgLocalities modification="new">
		<NptgLocality Status="active" Modification="delete" DataRightRef="DR01" CreationDateTime="2001-12-17T09:30:47Z" BaselineVersion="1" ModificationDateTime="2001-12-17T09:30:47Z" id="E0000001"  RevisionNumber="1">
			<NptgLocalityCode>E0000001</NptgLocalityCode>
			<Descriptor Modification="delete" Status="active" DataRightRef="DR01" CreationDateTime="2001-12-17T09:30:47Z" ModificationDateTime="2001-12-17T09:30:47Z" BaselineVersion="1" id="E0000001-1"  RevisionNumber="1">
				<LocalityName>Locality One</LocalityName>
				<ShortName>Locality 1</ShortName>
				<Qualify>
					<QualifierName>Loc 2 </QualifierName>
					<NptgLocalityRef>E0000022</NptgLocalityRef>
				</Qualify>
			</Descriptor>
			<AlternativeDescriptors>
				<Descriptor Status="pending" DataRightRef="NMTOKEN" CreationDateTime="2001-12-17T09:30:47Z" BaselineVersion="1" ModificationDateTime="2001-12-17T09:30:47Z" id="E0000001-01" RevisionNumber="1" >
					<LocalityName>Locality 1 ALias </LocalityName>
					<ShortName>Loc 1 Alias  </ShortName>
					<Qualify>
						<QualifierName>Loc 2  </QualifierName>
						<NptgLocalityRef>E0000022</NptgLocalityRef>
					</Qualify> 
				</Descriptor>
			</AlternativeDescriptors>
			<ParentNptgLocalityRef Status="pending" CreationDateTime="2001-12-17T09:30:47Z" ModificationDateTime="2001-12-17T09:30:47Z" BaselineVersion="1" RevisionNumber="1">E0000022</ParentNptgLocalityRef>
			<AdministrativeAreaRef>101</AdministrativeAreaRef>
			<NptgDistrictRef>111</NptgDistrictRef>
			<AdjacentLocalities>
				<NptgLocalityRef Status="active" CreationDateTime="2001-12-17T09:30:47Z" ModificationDateTime="2001-12-17T09:30:47Z" BaselineVersion="1" RevisionNumber="1">E0000003</NptgLocalityRef>
			</AdjacentLocalities>
			<SourceLocalityType>Co</SourceLocalityType>
			<LocalityClassification>city</LocalityClassification>
			<Location id="NMTOKEN" Precision="10m">
				<GridType>UKOS</GridType>
				<Easting>999999</Easting>
				<Northing>1999999</Northing>
			</Location> 
		</NptgLocality>
		
	<NptgLocality Status="active" Modification="delete" DataRightRef="DR01" CreationDateTime="2001-12-17T09:30:47Z" BaselineVersion="1" ModificationDateTime="2001-12-17T09:30:47Z" id="E0000003"  RevisionNumber="1">
			<NptgLocalityCode>E0000003</NptgLocalityCode>
			<Descriptor Modification="delete" Status="active" DataRightRef="DR01" CreationDateTime="2001-12-17T09:30:47Z" ModificationDateTime="2001-12-17T09:30:47Z" BaselineVersion="1" id="E0000001-1"  RevisionNumber="1">
				<LocalityName>Locality One</LocalityName>
				<ShortName>Locality 1</ShortName>
				<Qualify>
					<QualifierName>Loc 2 </QualifierName>
					<NptgLocalityRef>E0000022</NptgLocalityRef>
				</Qualify>
			</Descriptor>
			 
			<ParentNptgLocalityRef Status="pending" CreationDateTime="2001-12-17T09:30:47Z" ModificationDateTime="2001-12-17T09:30:47Z" BaselineVersion="1" RevisionNumber="1">E0000022</ParentNptgLocalityRef>
			<AdministrativeAreaRef>101</AdministrativeAreaRef>
			<NptgDistrictRef>111</NptgDistrictRef>
			<AdjacentLocalities>
				<NptgLocalityRef Status="active" CreationDateTime="2001-12-17T09:30:47Z" ModificationDateTime="2001-12-17T09:30:47Z" BaselineVersion="1" RevisionNumber="1">E0000001</NptgLocalityRef>
			</AdjacentLocalities>
			<SourceLocalityType> Pa</SourceLocalityType>
			<LocalityClassification> village</LocalityClassification>
			<Location id="NMTOKEN" Precision="10m">
				<GridType>UKOS</GridType>
				<Easting>999999</Easting>
				<Northing>1999999</Northing>
			</Location> 
		</NptgLocality>		
		
		
				<NptgLocality Status="active" Modification="delete" DataRightRef="DR01" CreationDateTime="2001-12-17T09:30:47Z" BaselineVersion="1" ModificationDateTime="2001-12-17T09:30:47Z" id="E0000022"  RevisionNumber="1">
			<NptgLocalityCode>E0000022</NptgLocalityCode>
			<Descriptor Modification="new" Status="active" DataRightRef="DR01" CreationDateTime="2001-12-17T09:30:47Z" ModificationDateTime="2001-12-17T09:30:47Z" BaselineVersion="1" id="NMTOKEN"  RevisionNumber="1">
				<LocalityName>Locality Two</LocalityName>
					<ShortName>Loc 2  </ShortName>
				 
			</Descriptor>
			 
			 
			<AdministrativeAreaRef>101</AdministrativeAreaRef>
			<NptgDistrictRef>111</NptgDistrictRef>
			 
			<SourceLocalityType> Lo</SourceLocalityType>
			<LocalityClassification> town</LocalityClassification>
			<Location id="NMTOKEN" Precision="10m">
				<GridType>UKOS</GridType>
				<Easting>999999</Easting>
				<Northing>1999999</Northing>
			</Location>
			<Extensions/>
		</NptgLocality>
	</NptgLocalities>
	<PlusbusZones>
		<PlusbusZone Status="active" DataRightRef="DR01" CreationDateTime="2001-12-17T09:30:47Z" ModificationDateTime="2001-12-17T09:30:47Z" BaselineVersion="1" id="z0001" RevisionNumber="1" >
			<PlusbusZoneCode>z0001</PlusbusZoneCode>
			<Name>Tariff zone A </Name>
			<Country>UK</Country>
			<Mapping>
				<Location id="L1" Precision="1km">
					<GridType>UKOS</GridType>
					<Easting>999999</Easting>
					<Northing>1999999</Northing>
				</Location>
				<Location id="L2" Precision="1m">
					<GridType>UKOS</GridType>
					<Easting>999999</Easting>
					<Northing>1999999</Northing>
				</Location>
				<Location id="L3" Precision="1m">
					<GridType>UKOS</GridType>
					<Easting>999999</Easting>
					<Northing>1999999</Northing>
				</Location>
			</Mapping>
		</PlusbusZone>
	</PlusbusZones>
</NationalPublicTransportGazetteer>  -->
<PublicationDelivery xmlns="http://www.netex.org.uk/netex" xmlns:gml="http://www.opengis.net/gml/3.2" xmlns:xsi="http://www.w3.org/2001/XMLSchema-instance" xmlns:siri="http://www.siri.org.uk/siri" version="1.0" xsi:schemaLocation="http://www.netex.org.uk/netex ../../../xsd/NeTEx_publication.xsd">
	<PublicationTimestamp>2001-12-17T09:30:47.0Z</PublicationTimestamp>
	<ParticipantRef>SYS001</ParticipantRef>
	<!--- ======WHAT WAS REQUESTED ========== -->
	<PublicationRefreshInterval>P3M</PublicationRefreshInterval>
	<Description>Example of UK NPTG   data</Description>
	<!--- =============== RESULTS =========== -->
	<dataObjects>
		<CompositeFrame version="1" id="hde:CompositeFrame:CAL_02">
			<!-- ==== CODESPACES == -->
			<codespaces>
				<Codespace id="napt">
					<Xmlns>napt</Xmlns>
					<XmlnsUrl>http://www.naptan.org.uk/naptan</XmlnsUrl>
					<Description>UK National Public Transport Access Nodes databsae and codes</Description>
				</Codespace>
				<Codespace id="nptg">
					<Xmlns>nptg</Xmlns>
					<XmlnsUrl>http://www.nptg.org.uk/nptg</XmlnsUrl>
					<Description>UK National Public Transport gazetteer and NPTG codes</Description>
				</Codespace>
			</codespaces>
			<!--- =======FRAME DEFAULTS======== -->
			<FrameDefaults>
				<DefaultCodespaceRef ref="napt"/>
			</FrameDefaults>
			<frames>
				<SiteFrame version="any" id="nptg:Regions">
					<countries>
						<Country id="uk">
							<Name>United Kingdom</Name>
						</Country>
						<Country id="uk" principality="ENG">
							<Name>England</Name>
						</Country>
						<Country id="uk" principality="NIR">
							<Name>Northern Ireland</Name>
						</Country>
						<Country id="uk" principality="WLS">
							<Name>Wales</Name>
						</Country>
						<Country id="uk" principality="SCT">
							<Name>Scotland</Name>
						</Country>
					</countries>
				</SiteFrame>
				<ResourceFrame version="any" id="nptg:ValueSets">
					<!-- ==== RESPONSIBILITIES == -->
					<typesOfValue>
						<ValueSet version="2.4" id="napt:NptgPlaceTypes">
							<Name>NPTG Place Types   s</Name>
							<values>
								<TypeOfPlace version="any" id="nptg:SourceLocalityType:Co">
									<Name>NPTG Source Loc  = Co</Name>
								</TypeOfPlace>
								<TypeOfPlace version="any" id="nptg:SourceLocalityType:Pa">
									<Name>NPTG Source Loc  = Co</Name>
								</TypeOfPlace>
								<TypeOfPlace version="any" id="nptg:SourceLocalityType:ar">
									<Name>NPTG Source Loc  = Co</Name>
								</TypeOfPlace>
								<TypeOfPlace version="any" id="nptg:UkDistrict">
									<Name>an NPTG District</Name>
								</TypeOfPlace>
							</values>
						</ValueSet>
						<ValueSet version="2.4" id="napt:NptgOrganisationTypes">
							<Name>NPTG Organisation Part Types   s</Name>
							<values>
								<TypeOfOrganisation version="any" id="nptg:UkAdministrativeArea">
									<Name>an NPTG AdministrativeArea</Name>
								</TypeOfOrganisation>
							</values>
						</ValueSet>
						<ValueSet version="2.4" id="napt:NptgOrganisationPartTypes">
							<Name>NPTG Organisation Part Types   s</Name>
							<values>
								<TypeOfOrganisationPart version="any" id="nptg:UkDistrict">
									<Name>an NPTG District</Name>
								</TypeOfOrganisationPart>
								<TypeOfOrganisationPart version="any" id="nptg:UkAdministrativeArea">
									<Name>an NPTG AdministrativeArea</Name>
								</TypeOfOrganisationPart>
							</values>
						</ValueSet>
					</typesOfValue>
				</ResourceFrame>
				<ResourceFrame version="any" id="nptg:StandardCode Values">
					<!-- ==== RESPONSIBILITIES == -->
					<organisations>
						<!--
	<AdministrativeArea Modification="new" Status="active" DataRightRef="DR01" CreationDateTime="2001-12-17T09:30:47Z" ModificationDateTime="2001-12-17T09:30:47Z" BaselineVersion="1"   RevisionNumber="1" >
					<AdministrativeAreaCode>101</AdministrativeAreaCode>
					<AtcoAreaCode>001</AtcoAreaCode>
					<Name>Nptg Admin area 101</Name>
					<ShortName>Nptg Admin area 101 short Name</ShortName>  -->
						<GeneralOrganisation version="any" id="nptg:Organisation:DfT" modification="new" status="inactive" responsibilitySetRef="nptg:NPTG" created="2001-12-17T09:30:47Z" changed="2001-12-17T09:30:47Z" compatibleWithVersionFrameVersionRef="1">
							<Name>Over management of Nptg codes   </Name>
							<ContactDetails>
								<Email>a@dft.gov.uk</Email>
								<Phone>442071234567</Phone>
							</ContactDetails>
							<OrganisationType>statutoryBody</OrganisationType>
							<parts>
								<OrganisationPart version="any" id="nptg:OrganisationPart:DfT" modification="new" status="active" responsibilitySetRef="nptg:NPTG" created="2001-12-17T09:30:47Z" changed="2001-12-17T09:30:47Z" compatibleWithVersionFrameVersionRef="1">
									<Name>DfT  </Name>
									<TypeOfOrganisationPartRef ref="napt:Prefix"/>
									<administrativeZones>
										<TransportAdministrativeZone version="any" id="nptg:UkAdministrativeArea:NPTG">
											<Name>Naptan Prefixes</Name>
											<codespaceAssignments>
												<CodespaceAssignment version="any" id="nptg:UkAdministrativeArea:NPTG">
													<CodespaceRef ref="napt"/>
													<Description>Use of Naptan prefix</Description>
												</CodespaceAssignment>
											</codespaceAssignments>
										</TransportAdministrativeZone>
										<TransportAdministrativeZone version="any" id="nptg:UkAdministrativeArea:910">
											<Name>UK NPTG National rail</Name>
											<codespaceAssignments>
												<CodespaceAssignment version="any" id="nptg:UkAdministrativeArea:910">
													<CodespaceRef ref="napt"/>
													<CodePrefix>910</CodePrefix>
													<Description>National rail codes</Description>
												</CodespaceAssignment>
											</codespaceAssignments>
										</TransportAdministrativeZone>
										<TransportAdministrativeZone version="any" id="nptg:UkAdministrativeArea:940">
											<Name>UK NPTG National Coach</Name>
											<codespaceAssignments>
												<CodespaceAssignment version="any" id="nptg:UkAdministrativeArea:940">
													<CodespaceRef ref="napt"/>
													<CodePrefix>940</CodePrefix>
													<Description>National coach data  codes</Description>
												</CodespaceAssignment>
											</codespaceAssignments>
										</TransportAdministrativeZone>
									</administrativeZones>
								</OrganisationPart>
							</parts>
							<ownResponsibilitySets>
								<ResponsibilitySet version="any" id="nptg:UK:NPTG" responsibilitySetRef="nptg:NPTG">
									<Name>Overall  UK wide responsibility for NPTG metadata </Name>
									<roles>
										<ResponsibilityRoleAssignment version="any" id="nptg:NPTG">
											<Description>Admin of NPTG area and region data </Description>
											<DataRoleType>collects</DataRoleType>
											<StakeholderRoleType>Control</StakeholderRoleType>
											<ResponsibleOrganisationRef version="any" ref="nptg:Organisation:DfT"/>
											<ResponsiblePartRef version="any" ref="nptg:OrganisationPart:DfT"/>
											<ResponsibleAreaRef version="any" ref="nptg:UkAdministrativeArea:NPTG"/>
										</ResponsibilityRoleAssignment>
									</roles>
								</ResponsibilitySet>
								<ResponsibilitySet version="any" id="nptg:UkAdministrativeArea:910" responsibilitySetRef="nptg:NPTG">
									<Name>910 admin area - managed by DFT</Name>
									<roles>
										<ResponsibilityRoleAssignment version="any" id="napt:ResponsibilityRoleAssignment:910">
											<Description>Admin of NPTG data   </Description>
											<DataRoleType>collects</DataRoleType>
											<StakeholderRoleType>Control</StakeholderRoleType>
											<ResponsibleOrganisationRef version="any" ref="nptg:Organisation:DfT"/>
											<ResponsiblePartRef version="any" ref="nptg:OrganisationPart:DfT"/>
											<ResponsibleAreaRef version="any" ref="nptg:UkAdministrativeArea:910"/>
										</ResponsibilityRoleAssignment>
									</roles>
								</ResponsibilitySet>
							</ownResponsibilitySets>
							<Address>
								<CountryRef ref="uk"/>
							</Address>
						</GeneralOrganisation>
						<!--
				</AdministrativeArea>
			</AdministrativeAreas>
		</Region>
	</Regions>				 -->
					</organisations>
				</ResourceFrame>
				<ResourceFrame version="any" id="nptg:AdministrativeAreas">
					<!-- ==== RESPONSIBILITIES == -->
					<organisations>
						<!--
	<AdministrativeArea Modification="new" Status="active" DataRightRef="DR01" CreationDateTime="2001-12-17T09:30:47Z" ModificationDateTime="2001-12-17T09:30:47Z" BaselineVersion="1"   RevisionNumber="1" >
					<AdministrativeAreaCode>101</AdministrativeAreaCode>
					<AtcoAreaCode>001</AtcoAreaCode>
					<Name>Nptg Admin area 101</Name>
					<ShortName>Nptg Admin area 101 short Name</ShortName>  -->
						<GeneralOrganisation version="any" id="nptg:UkAdministrativeArea:101" modification="new" status="inactive" responsibilitySetRef="nptg:NPTG" created="2001-12-17T09:30:47Z" changed="2001-12-17T09:30:47Z" compatibleWithVersionFrameVersionRef="1">
							<PublicCode>001</PublicCode>
							<Name>Nptg Admin area 101</Name>
							<ShortName>Nptg Admin area 101 short Name</ShortName>
							<!--  				<ContactEmail>a@b.com</ContactEmail>
					<ContactTelephone>
						<TelNationalNumber>02071234567</TelNationalNumber>
						<TelExtensionNumber>0</TelExtensionNumber>
						<TelCountryCode>44</TelCountryCode>
					</ContactTelephone>
-->
							<ContactDetails>
								<Email>a@b.com</Email>
								<Phone>442071234567</Phone>
							</ContactDetails>
							<typesOfOrganisation>
								<TypeOfOrganisationRef version="any" ref="nptg:UkAdministrativeArea"/>
							</typesOfOrganisation>
							<parts>
								<!--
			
					<NptgDistricts>
						<NptgDistrict Modification="new" Status="pending" DataRightRef="DR01" CreationDateTime="2001-12-17T09:30:47Z" ModificationDateTime="2001-12-17T09:30:47Z" BaselineVersion="1" RevisionNumber="1" >
							<NptgDistrictCode>111</NptgDistrictCode>
							<Name>NptgDistrict 111 </Name>
						</NptgDistrict>
					</NptgDistricts> -->
								<OrganisationPart version="any" id="nptg:UkDistrict:111" modification="new" status="active" responsibilitySetRef="nptg:NPTG" created="2001-12-17T09:30:47Z" changed="2001-12-17T09:30:47Z" compatibleWithVersionFrameVersionRef="1">
									<Name>Nptg District  area 111</Name>
									<TypeOfOrganisationPartRef ref="nptg:UkDistrict"/>
								</OrganisationPart>
								<OrganisationPart version="any" id="napt:OrganisationPart:101" modification="new" status="active" responsibilitySetRef="nptg:NPTG" created="2001-12-17T09:30:47Z" changed="2001-12-17T09:30:47Z" compatibleWithVersionFrameVersionRef="1">
									<Name>Prefix </Name>
									<TypeOfOrganisationPartRef ref="napt:Prefix"/>
									<administrativeZones>
										<!-- 
					<MaximumLengthForShortNames>24</MaximumLengthForShortNames>
					<National>false</National>     **** NOT YET COVERED EXCEPT BY KEYLIST; reprsent by TypeOf 
					<NaptanPrefixes>   <CodespaceAssignment><CodePrefix>
						<AlphaPrefix>333</AlphaPrefix>
					</NaptanPrefixes>
					<CleardownRange>   
						<CleardownStart>2</CleardownStart>   <CodespaceAssignment><StartValue>
						<CleardownEnd>4</CleardownEnd>  <CodespaceAssignment><EndValue>
					</CleardownRange> -->
										<TransportAdministrativeZone version="any" id="nptg:UkAdministrativeArea:101" responsibilitySetRef="nptg:NPTG">
											<keyList>
												<KeyValue typeOfKey="napt:NationalScope">
													<Key>National</Key>
													<Value>false</Value>
												</KeyValue>
											</keyList>
											<Name>UK NPTG Admin Area Prefix for 101 </Name>
											<codespaceAssignments>
												<CodespaceAssignment version="any" id="nptg:UkAdministrativeArea:101">
													<CodespaceRef ref="nptg"/>
													<StartValue>2</StartValue>
													<EndValue>4</EndValue>
													<Description>Stop Prefix for area 101</Description>
												</CodespaceAssignment>
												<CodespaceAssignment version="any" id="nptg:UkAdministrativeArea:101">
													<CodespaceRef ref="nptg"/>
													<CodePrefix>101</CodePrefix>
													<Description>Stop Prefix for area 101</Description>
												</CodespaceAssignment>
												<CodespaceAssignment version="any" id="napt:SmsCode:101">
													<CodespaceRef ref="nptg"/>
													<CodePrefix>333</CodePrefix>
													<Description>SMS code prefix for 101 </Description>
												</CodespaceAssignment>
											</codespaceAssignments>
										</TransportAdministrativeZone>
									</administrativeZones>
								</OrganisationPart>
							</parts>
							<ownResponsibilitySets>
								<ResponsibilitySet version="any" id="nptg:UkAdministrativeArea:101" responsibilitySetRef="nptg:NPTG">
									<Name>Nptg Admin area 101</Name>
									<roles>
										<ResponsibilityRoleAssignment version="any" id="napt:ResponsibilityRoleAssignment:101">
											<Description>Admin of data  for area 101</Description>
											<DataRoleType>collects</DataRoleType>
											<StakeholderRoleType>Control</StakeholderRoleType>
											<ResponsibleOrganisationRef version="any" ref="nptg:UkAdministrativeArea:101"/>
											<ResponsibleAreaRef version="any" ref="nptg:UkAdministrativeArea:101"/>
										</ResponsibilityRoleAssignment>
									</roles>
								</ResponsibilitySet>
							</ownResponsibilitySets>
							<Address>
								<CountryRef ref="uk"/>
							</Address>
						</GeneralOrganisation>
						<GeneralOrganisation version="any" id="nptg:UkAdministrativeArea:102" modification="new" status="inactive" responsibilitySetRef="nptg:NPTG" created="2001-12-17T09:30:47Z" changed="2001-12-17T09:30:47Z" compatibleWithVersionFrameVersionRef="1">
							<PublicCode>001</PublicCode>
							<Name>Nptg Admin area 102</Name>
							<ShortName>Nptg Admin area 102 short Name</ShortName>
							<ContactDetails>
								<Email>a@b.com</Email>
								<Phone>442071234567</Phone>
							</ContactDetails>
							<parts>
								<OrganisationPart version="any" id="napt:OrganisationPart:102" modification="new" status="active" responsibilitySetRef="nptg:NPTG" created="2001-12-17T09:30:47Z" changed="2001-12-17T09:30:47Z" compatibleWithVersionFrameVersionRef="1">
									<Name>Prefix </Name>
									<TypeOfOrganisationPartRef ref="napt:Prefix"/>
									<administrativeZones>
										<TransportAdministrativeZone version="any" id="nptg:UkAdministrativeArea:102">
											<keyList>
												<KeyValue typeOfKey="napt:NationalScope">
													<Key>National</Key>
													<Value>false</Value>
												</KeyValue>
											</keyList>
											<Name>UK NPTG Admin Area Prefix for 102 </Name>
											<codespaceAssignments>
												<CodespaceAssignment version="any" id="nptg:UkAdministrativeArea:102">
													<CodespaceRef ref="napt"/>
													<StartValue>2</StartValue>
													<EndValue>3</EndValue>
													<Description>Stop Prefix for area 102</Description>
													<TypeOfCodespaceAssignmentRef ref="nptg:CleardownRange"/>
												</CodespaceAssignment>
												<CodespaceAssignment version="any" id="nptg:UkAdministrativeArea:102">
													<CodespaceRef ref="napt"/>
													<CodePrefix>102</CodePrefix>
													<Description>Stop Prefix for area 102</Description>
													<TypeOfCodespaceAssignmentRef ref="nptg:StopPrefix"/>
												</CodespaceAssignment>
												<CodespaceAssignment version="any" id="tbd:SmsCode:102">
													<CodespaceRef ref="napt"/>
													<CodePrefix>334</CodePrefix>
													<Description>SMS code prefix for 333</Description>
													<TypeOfCodespaceAssignmentRef ref="nptg:SmsPrefix"/>
												</CodespaceAssignment>
											</codespaceAssignments>
										</TransportAdministrativeZone>
									</administrativeZones>
								</OrganisationPart>
							</parts>
							<ownResponsibilitySets>
								<ResponsibilitySet version="any" id="nptg:UkAdministrativeArea:102" responsibilitySetRef="nptg:NPTG">
									<Name>Nptg Admin area 102</Name>
									<roles>
										<ResponsibilityRoleAssignment version="any" id="napt:ResponsibilityRoleAssignment:102">
											<Description>Admin of data  for area 102</Description>
											<DataRoleType>collects</DataRoleType>
											<StakeholderRoleType>Control</StakeholderRoleType>
											<ResponsibleOrganisationRef version="any" ref="nptg:UkAdministrativeArea:102"/>
											<ResponsibleAreaRef version="any" ref="nptg:UkAdministrativeArea:102"/>
										</ResponsibilityRoleAssignment>
									</roles>
								</ResponsibilitySet>
							</ownResponsibilitySets>
							<Address>
								<CountryRef ref="uk"/>
							</Address>
						</GeneralOrganisation>
						<!--
				</AdministrativeArea>
			</AdministrativeAreas>
		</Region>
	</Regions>				 -->
					</organisations>
				</ResourceFrame>
				<SiteFrame version="any" id="napt:SiteFrame:SF01">
					<topographicPlaces>
						<!-- 			       ==================== REGION  A 	======================================

	<Regions>
		<Region Modification="new" Status="inactive" DataRightRef="DR01" CreationDateTime="2001-12-17T09:30:47Z" ModificationDateTime="2001-12-17T09:30:47Z" BaselineVersion="1"  RevisionNumber="1" >
			<RegionCode>RGA</RegionCode>
			<Name>Region A </Name>
			<Country>England</Country>
 = -->
						<TopographicPlace version="any" id="nptg:TopographicPlace:RGA" responsibilitySetRef="nptg:NPTG">
							<Descriptor>
								<Name>Region A </Name>
							</Descriptor>
							<CountryRef/>
						</TopographicPlace>
						<TopographicPlace version="any" id="nptg:TopographicPlace:" responsibilitySetRef="nptg:NPTG">
							<Descriptor>
								<Name>Administrative ARea</Name>
							</Descriptor>
							<CountryRef/>
						</TopographicPlace>
						<!-- 			 
			<AdministrativeAreas modification="revise">
				 
		</Region>
	</Regions>				
				-->
						<!-- 
	<NptgLocalities modification="new">



MAPPING
TXC																				NeTEx
=====================											========================
<AnnotatedNptgLocalityRef>   										<TopographicPlace> 
<AnnotatedNptgLocalityRef> <NptgLocalityRef>				<TopographicPlace> <Id>
<AnnotatedNptgLocalityRef> <LocalityName>				    <TopographicPlace> <Descriptor> <Name>>
       ==================== LOCALITY 00001 	======================================
		<TopographicPlaceRef version="1" ref="E0000001"/>
		<NptgLocality Status="active" Modification="delete" DataRightRef="DR01" CreationDateTime="2001-12-17T09:30:47Z" BaselineVersion="1" ModificationDateTime="2001-12-17T09:30:47Z" id="E0000001"  RevisionNumber="1">
			<NptgLocalityCode>			<TopographicPlaceRef version="1" ref="E0000022"/></NptgLocalityCode> 
			-->
						<TopographicPlace version="1" id="napt:NptgLocality:E0000001" responsibilitySetRef="nptg:UkAdministrativeArea:101" status="active" modification="revise" created="2001-12-17T09:30:47Z" changed="2001-12-17T09:30:47Z">
							<!-- 
			<Location id="NMTOKEN" Precision="10">
				<GridType>UKOS</GridType>
				<Easting>999999</Easting>
				<Northing>1999999</Northing>
			</Location> 											-->
							<Centroid>
								<Location srsName="UKOS" id="NMTOKEN">
									<gml:pos srsName="UKOS">999999  1999999</gml:pos>
									<Precision>10</Precision>
								</Location>
							</Centroid>
							<!--
		<SourceLocalityType>Co</SourceLocalityType> 	-->
							<placeTypes>
								<TypeOfPlaceRef version="any" ref="nptg:SourceLocalityType:Co"/>
							</placeTypes>
							<!-- 
 			<Descriptor Modification="delete" Status="active" DataRightRef="DR01" CreationDateTime="2001-12-17T09:30:47Z" ModificationDateTime="2001-12-17T09:30:47Z" BaselineVersion="1" id="E0000001-1"  RevisionNumber="1">
				<LocalityName>Locality One</LocalityName>
				<ShortName>Locality 1</ShortName>
				<Qualify>
					<QualifierName>Loc 2 </QualifierName>
					<NptgLocalityRef>E0000022</NptgLocalityRef>
				</Qualify>
			</Descriptor>			-->
							<Descriptor>
								<Name>Locality One</Name>
								<ShortName>Locality 1</ShortName>
								<Qualify>
									<QualifierName>Loc 2 </QualifierName>
									<TopographicPlaceRef version="1" ref="napt:NptgLocality:E0000022"/>
								</Qualify>
							</Descriptor>
							<!-- 
		<AlternativeDescriptors>
				<Descriptor Status="pending" DataRightRef="NMTOKEN" CreationDateTime="2001-12-17T09:30:47Z" BaselineVersion="1" ModificationDateTime="2001-12-17T09:30:47Z" id="E0000001-01" RevisionNumber="1" >
					<LocalityName>Locality 1 ALias </LocalityName>
					<ShortName>Loc 1 Alias  </ShortName>
					<Qualify>
						<QualifierName>Loc 22  </QualifierName>
						<NptgLocalityRef>E0000022</NptgLocalityRef>
					</Qualify> 
				</Descriptor>
			</AlternativeDescriptors>

			<AdministrativeAreaRef>101</AdministrativeAreaRef>
			<NptgDistrictRef>111</NptgDistrictRef>
		-->
							<alternativeDescriptors>
								<TopographicPlaceDescriptor version="1" id="nptg:Descriptor:E0000001" status="active" modification="revise" created="2001-12-17T09:30:47Z" changed="2001-12-17T09:30:47Z">
									<Name> Locality 1 ALias"</Name>
									<ShortName>Loc 1 Alias  </ShortName>
									<Qualify>
										<QualifierName>Loc 22  </QualifierName>
										<TopographicPlaceRef version="1" ref="napt:NptgLocality:E0000022"/>
									</Qualify>
								</TopographicPlaceDescriptor>
							</alternativeDescriptors>
							<!--
		<SourceLocalityType>Co</SourceLocalityType>
			<LocalityClassification>city</LocalityClassification>			
				-->
							<TopographicPlaceType>city</TopographicPlaceType>
							<CountryRef ref="uk"/>
							<!-- 
			<AdjacentLocalities>
				<NptgLocalityRef Status="active" CreationDateTime="2001-12-17T09:30:47Z" ModificationDateTime="2001-12-17T09:30:47Z" BaselineVersion="1" RevisionNumber="1">E0000003</NptgLocalityRef>
			</AdjacentLocalities> 
		<ParentNptgLocalityRef Status="pending" CreationDateTime="2001-12-17T09:30:47Z" ModificationDateTime="2001-12-17T09:30:47Z" BaselineVersion="1" RevisionNumber="1">E0000022</ParentNptgLocalityRef>
		</NptgLocality>
-->
							<ParentTopographicPlaceRef version="1" ref="napt:NptgLocality:E0000022"/>
							<adjacentPlaces>
								<TopographicPlaceRef version="1" ref="napt:NptgLocality:E0000003"/>
							</adjacentPlaces>
						</TopographicPlace>
						<!--
       ==================== LOCALITY 00003 	======================================
	<NptgLocality Status="active" Modification="delete" DataRightRef="DR01" CreationDateTime="2001-12-17T09:30:47Z" BaselineVersion="1" ModificationDateTime="2001-12-17T09:30:47Z" id="E0000003"  RevisionNumber="1">
			<NptgLocalityCode>E0000003</NptgLocalityCode>
			<Descriptor Modification="delete" Status="active" DataRightRef="DR01" CreationDateTime="2001-12-17T09:30:47Z" ModificationDateTime="2001-12-17T09:30:47Z" BaselineVersion="1" id="E0000001-1"  RevisionNumber="1">
				<LocalityName>Locality Three</LocalityName>
				<ShortName>Locality 3</ShortName>
				<Qualify>
					<QualifierName>Loc 22 </QualifierName>
					<NptgLocalityRef>E0000022</NptgLocalityRef>
				</Qualify>
			</Descriptor> 
			<ParentNptgLocalityRef Status="pending" CreationDateTime="2001-12-17T09:30:47Z" ModificationDateTime="2001-12-17T09:30:47Z" BaselineVersion="1" RevisionNumber="1">E0000022</ParentNptgLocalityRef>
			<AdministrativeAreaRef>101</AdministrativeAreaRef>
			<NptgDistrictRef>111</NptgDistrictRef>
			<AdjacentLocalities>
				<NptgLocalityRef Status="active" CreationDateTime="2001-12-17T09:30:47Z" ModificationDateTime="2001-12-17T09:30:47Z" BaselineVersion="1" RevisionNumber="1">E0000001</NptgLocalityRef>
			</AdjacentLocalities>
			<SourceLocalityType> Pa</SourceLocalityType>
			<LocalityClassification> village</LocalityClassification>
			<Location id="NMTOKEN" Precision="10m">
				<GridType>UKOS</GridType>
				<Easting>999999</Easting>
				<Northing>1999999</Northing>
			</Location> 
		</NptgLocality>		
-->
						<TopographicPlace version="1" id="napt:NptgLocality:E0000003" responsibilitySetRef="nptg:UkAdministrativeArea:101" status="active" modification="revise" created="2001-12-17T09:30:47Z" changed="2001-12-17T09:30:47Z">
							<Centroid>
								<Location srsName="UKOS" id="NMTOKEN">
									<gml:pos srsName="UKOS">999999  1999999</gml:pos>
									<Precision>10</Precision>
								</Location>
							</Centroid>
							<placeTypes>
								<TypeOfPlaceRef version="any" ref="nptg:SourceLocalityType:Pa"/>
							</placeTypes>
							<Descriptor>
								<Name>Locality Three</Name>
								<Qualify>
									<QualifierName>Loc 22 </QualifierName>
									<TopographicPlaceRef version="1" ref="napt:NptgLocality:E0000022"/>
								</Qualify>
							</Descriptor>
							<TopographicPlaceType>parish</TopographicPlaceType>
							<CountryRef ref="uk"/>
							<ParentTopographicPlaceRef version="1" ref="napt:NptgLocality:E0000022"/>
							<adjacentPlaces>
								<TopographicPlaceRef version="1" ref="napt:NptgLocality:E0000001"/>
							</adjacentPlaces>
						</TopographicPlace>
						<!--	
		
       ==================== LOCALITY 00022 	======================================
				<NptgLocality Status="active" Modification="delete" DataRightRef="DR01" CreationDateTime="2001-12-17T09:30:47Z" BaselineVersion="1" ModificationDateTime="2001-12-17T09:30:47Z" id="E0000022"  RevisionNumber="1">
			<NptgLocalityCode>E0000022</NptgLocalityCode>
			<Descriptor Modification="new" Status="active" DataRightRef="DR01" CreationDateTime="2001-12-17T09:30:47Z" ModificationDateTime="2001-12-17T09:30:47Z" BaselineVersion="1" id="NMTOKEN"  RevisionNumber="1">
				<LocalityName>Locality Twenty Two</LocalityName>
					<ShortName>Loc 22  </ShortName> 
			</Descriptor> 
			<AdministrativeAreaRef>101</AdministrativeAreaRef>
			<NptgDistrictRef>111</NptgDistrictRef>   
			<SourceLocalityType> Lo</SourceLocalityType>
			<LocalityClassification> town</LocalityClassification>
			<Location id="NMTOKEN" Precision="10m">
				<GridType>UKOS</GridType>
				<Easting>999999</Easting>
				<Northing>1999999</Northing>
			</Location>
			<Extensions/>
		</NptgLocality>
	</NptgLocalities> 
-->
						<TopographicPlace version="1" id="napt:NptgLocality:E0000022" responsibilitySetRef="nptg:UkAdministrativeArea:101" status="active" modification="revise" created="2001-12-17T09:30:47Z" changed="2001-12-17T09:30:47Z">
							<Centroid>
								<Location srsName="UKOS" id="NMTOKEN">
									<gml:pos srsName="UKOS">999999  1999999</gml:pos>
									<Precision>10</Precision>
								</Location>
							</Centroid>
							<placeTypes>
								<TypeOfPlaceRef version="any" ref="nptg:SourceLocalityType:ar"/>
							</placeTypes>
							<Descriptor>
								<Name>Locality Twenty Two</Name>
							</Descriptor>
							<TopographicPlaceType>area</TopographicPlaceType>
							<CountryRef ref="uk"/>
							<ParentTopographicPlaceRef version="1" ref="nptg:UkDistrict:111"/>
							<adjacentPlaces>
								<TopographicPlaceRef version="1" ref="napt:NptgLocality:E0000001"/>
							</adjacentPlaces>
						</TopographicPlace>
						<!--				
      ==================== DISTRIC T 0001111	======================================
		<NptgDistricts>
						<NptgDistrict Modification="new" Status="pending" DataRightRef="DR01" CreationDateTime="2001-12-17T09:30:47Z" ModificationDateTime="2001-12-17T09:30:47Z" BaselineVersion="1" RevisionNumber="1" >
							<NptgDistrictCode>111</NptgDistrictCode>
							<Name>NPTG District 111 </Name>
						</NptgDistrict>
					</NptgDistricts>		
				
	-->
						<TopographicPlace version="1" id="nptg:UkDistrict:111" responsibilitySetRef="nptg:UkAdministrativeArea:101" status="active" modification="revise" created="2001-12-17T09:30:47Z" changed="2001-12-17T09:30:47Z">
							<placeTypes>
								<TypeOfPlaceRef version="any" ref="nptg:UkDistrict"/>
							</placeTypes>
							<Descriptor>
								<Name>District 1111</Name>
							</Descriptor>
							<TopographicPlaceType>other</TopographicPlaceType>
							<CountryRef ref="uk"/>
						</TopographicPlace>
					</topographicPlaces>
					<!--
     ===========EXAMPLE OF A STOP in admin area 101==========================
-->
					<stopPlaces>
						<StopPlace version="any" id="napt:StopPlace:102010966" responsibilitySetRef="nptg:UkAdministrativeArea:101">
							<Name>Netherley Road</Name>
							<types>
								<!-- StopClassification  StopType -->
								<TypeOfZoneRef ref="napt:TypeOfZone:BCT">EXTERNAL</TypeOfZoneRef>
								<TypeOfZoneRef ref="napt:TypeOfZone:MKD">EXTERNAL</TypeOfZoneRef>
							</types>
							<Centroid>
								<Location>
									<gml:pos srsName="UKOS">442914</gml:pos>
								</Location>
							</Centroid>
							<!--	<Street>Netherley Road</Street>  -->
							<RoadAddress version="any" id="napt:RoadAddress:102010966">
								<RoadName>Netherley Road</RoadName>
								<BearingCompass>N</BearingCompass>
							</RoadAddress>
						</StopPlace>
					</stopPlaces>
				</SiteFrame>
				<ServiceFrame id="SV01" version="any">
					<!--
       ====================PLUS BUS ZONES=============================
<PlusbusZones>
		<PlusbusZone Status="active" DataRightRef="DR01" CreationDateTime="2001-12-17T09:30:47Z" ModificationDateTime="2001-12-17T09:30:47Z" BaselineVersion="1" id="z0001" RevisionNumber="1" >
			<PlusbusZoneCode>z0001</PlusbusZoneCode>
			<Name>Tariff zone A </Name>
			<Country>UK</Country>  ****

-->
					<!--

		</PlusbusZone>
	</PlusbusZones> 
-->
					<tariffZones>
						<TariffZone version="1" id="napt:PlusbusZone:z0001" status="active" responsibilitySetRef="nptg:NPTG" created="2001-12-17T09:30:47Z" changed="2001-12-17T09:30:47Z" compatibleWithVersionFrameVersionRef="1">
							<Name>Tariff zone A </Name>
							<types>
								<TypeOfZoneRef ref="napt:plusbus"/>
							</types>
							<gml:Polygon srsName="UKOS" gml:id="L1">
								<!--


			<Mapping>
				<Location id="L1" Precision="1km">
					<GridType>UKOS</GridType>
					<Easting>999999</Easting>
					<Northing>1999999</Northing>
				</Location>
				<Location id="L2" Precision="1m">
					<GridType>UKOS</GridType>
					<Easting>999999</Easting>
					<Northing>1999999</Northing>
				</Location>
				<Location id="L3" Precision="1m">
					<GridType>UKOS</GridType>
					<Easting>999999</Easting>
					<Northing>1999999</Northing>
				</Location>
			</Mapping>
-->
								<gml:exterior>
									<gml:LinearRing>
										<gml:pos srsName="UKOS">999999 1999999</gml:pos>
										<gml:pos srsName="UKOS">999999 1999999</gml:pos>
										<gml:pos srsName="UKOS">999999 1999999</gml:pos>
										<gml:pos srsName="UKOS">999999 1999999</gml:pos>
									</gml:LinearRing>
								</gml:exterior>
							</gml:Polygon>
						</TariffZone>
					</tariffZones>
				</ServiceFrame>
			</frames>
		</CompositeFrame>
	</dataObjects>
</PublicationDelivery>
