<?xml version="1.0" encoding="utf-8"?>
<!-- === Basic Service Calendar datatype example === -->
<PublicationDelivery xmlns="http://www.netex.org.uk/netex" xmlns:xsi="http://www.w3.org/2001/XMLSchema-instance" xmlns:gml="http://www.opengis.net/gml/3.2" xmlns:siri="http://www.siri.org.uk/siri" version="1.0" xsi:schemaLocation="http://www.netex.org.uk/netex ../../../../xsd/NeTEx_publication.xsd">
	<PublicationTimestamp>2016-06-28T12:00:00.0Z</PublicationTimestamp>
	<ParticipantRef>NSR</ParticipantRef>
	<dataObjects>
		<CompositeFrame version="any" id="RUT:CompositeFrame:1">
			<frames>
				<ServiceCalendarFrame version="any" id="RUT:ServiceCalendarFrame:default">
					<dayTypes>
						<DayType version="any" id="RUT:DayType:uke">
							<Name>ukeer</Name>
							<properties>
								<PropertyOfDay>
									<DaysOfWeek>Weekdays</DaysOfWeek>
								</PropertyOfDay>
							</properties>
						</DayType>
						<DayType version="any" id="RUT:DayType:helg">
							<Name>Helg</Name>
							<properties>
								<PropertyOfDay>
									<DaysOfWeek>Weekend</DaysOfWeek>
								</PropertyOfDay>
							</properties>
						</DayType>
						<DayType version="any" id="RUT:DayType:jul">
							<Name>Julen</Name>
							<properties>
								<PropertyOfDay>
									<DayOfYear>--12-24</DayOfYear>
								</PropertyOfDay>
								<PropertyOfDay>
									<DayOfYear>--12-25</DayOfYear>
								</PropertyOfDay>
							</properties>
						</DayType>
						<DayType version="any" id="RUT:DayType:romjul">
							<Name>Romjulen</Name>
							<properties>
								<PropertyOfDay>
									<DayOfYear>--12-26</DayOfYear>
								</PropertyOfDay>
								<PropertyOfDay>
									<DayOfYear>--12-27</DayOfYear>
								</PropertyOfDay>
								<PropertyOfDay>
									<DayOfYear>--12-28</DayOfYear>
								</PropertyOfDay>
								<PropertyOfDay>
									<DayOfYear>--12-29</DayOfYear>
								</PropertyOfDay>
								<PropertyOfDay>
									<DayOfYear>--12-30</DayOfYear>
								</PropertyOfDay>
							</properties>
						</DayType>
						<DayType version="any" id="RUT:DayType:nyttar">
							<Name>Nyttår</Name>
							<properties>
								<PropertyOfDay>
									<DayOfYear>--12-31</DayOfYear>
								</PropertyOfDay>
								<PropertyOfDay>
									<DayOfYear>--01-01</DayOfYear>
								</PropertyOfDay>
							</properties>
						</DayType>
					</dayTypes>
					<operatingPeriods>
						<OperatingPeriod version="any" id="RUT:OperatingPeriod:desember-for-jul">
							<FromDate>2016-12-01T00:00:00</FromDate>
							<ToDate>2016-12-23T24:00:00</ToDate>
						</OperatingPeriod>
						<OperatingPeriod version="any" id="RUT:OperatingPeriod:jul">
							<FromDate>2016-12-24T00:00:00</FromDate>
							<ToDate>2016-12-26T24:00:00</ToDate>
						</OperatingPeriod>
						<OperatingPeriod version="any" id="RUT:OperatingPeriod:romjul">
							<FromDate>2016-12-27T00:00:00</FromDate>
							<ToDate>2016-12-30T24:00:00</ToDate>
						</OperatingPeriod>
						<OperatingPeriod version="any" id="RUT:OperatingPeriod:nyttar">
							<FromDate>2016-12-31T00:00:00</FromDate>
							<ToDate>2017-01-01T24:00:00</ToDate>
						</OperatingPeriod>
					</operatingPeriods>
					<dayTypeAssignments>
						<!-- Før jul -->
						<DayTypeAssignment version="any" order="1" id="RUT:DayTypeAssignment:desember-for-jul:1">
							<OperatingPeriodRef version="any" ref="RUT:OperatingPeriod:desember-for-jul"/>
							<DayTypeRef version="any" ref="RUT:DayType:uke"/>
						</DayTypeAssignment>
						<DayTypeAssignment version="any" order="1" id="RUT:DayTypeAssignment:desember-for-jul:2">
							<OperatingPeriodRef version="any" ref="RUT:OperatingPeriod:desember-for-jul"/>
							<DayTypeRef version="any" ref="RUT:DayType:helg"/>
						</DayTypeAssignment>
						<!-- Julen -->
						<DayTypeAssignment version="any" order="1" id="RUT:DayTypeAssignment:jul">
							<OperatingPeriodRef ref="RUT:OperatingPeriod:jul"/>
							<DayTypeRef version="any" ref="RUT:DayType:jul"/>
						</DayTypeAssignment>
						<!-- Romjulen -->
						<DayTypeAssignment version="any" order="1" id="RUT:DayTypeAssignment:romjul">
							<OperatingPeriodRef ref="RUT:OperatingPeriod:romjul"/>
							<DayTypeRef version="any" ref="RUT:DayType:romjul"/>
						</DayTypeAssignment>
						<!-- Nyttår -->
						<DayTypeAssignment version="any" order="1" id="RUT:DayTypeAssignment:nyttar">
							<OperatingPeriodRef ref="RUT:OperatingPeriod:nyttar"/>
							<DayTypeRef version="any" ref="RUT:DayType:nyttar"/>
						</DayTypeAssignment>
					</dayTypeAssignments>
				</ServiceCalendarFrame>
				<TimetableFrame version="any" id="RUT:TimetableFrame:desember-for-jul">
					<ServiceCalendarFrameRef version="any" ref="RUT:ServiceCalendarFrame:default"/>
					<vehicleJourneys>
						<ServiceJourney version="any" id="RUT:ServiceJourney:0700">
							<dayTypes>
								<DayTypeRef version="any" ref="RUT:DayType:uke"/>
								<DayTypeRef version="any" ref="RUT:DayType:helg"/>
							</dayTypes>
						</ServiceJourney>
						<ServiceJourney version="any" id="RUT:ServiceJourney:0800">
							<dayTypes>
								<DayTypeRef version="any" ref="RUT:DayType:helg"/>
								<DayTypeRef version="any" ref="RUT:DayType:jul"/>
								<DayTypeRef version="any" ref="RUT:DayType:romjul"/>
								<DayTypeRef version="any" ref="RUT:DayType:nyttar"/>
							</dayTypes>
						</ServiceJourney>
						<ServiceJourney version="any" id="RUT:ServiceJourney:0900">
							<dayTypes>
								<DayTypeRef version="any" ref="RUT:DayType:uke"/>
								<DayTypeRef version="any" ref="RUT:DayType:jul"/>
								<DayTypeRef version="any" ref="RUT:DayType:nyttar"/>
							</dayTypes>
						</ServiceJourney>
						<ServiceJourney version="any" id="RUT:ServiceJourney:1200">
							<dayTypes>
								<DayTypeRef version="any" ref="RUT:DayType:jul"/>
								<DayTypeRef version="any" ref="RUT:DayType:romjul"/>
								<DayTypeRef version="any" ref="RUT:DayType:nyttar"/>
							</dayTypes>
						</ServiceJourney>
						<ServiceJourney version="any" id="RUT:ServiceJourney:1600">
							<dayTypes>
								<DayTypeRef version="any" ref="RUT:DayType:uke"/>
								<DayTypeRef version="any" ref="RUT:DayType:helg"/>
							</dayTypes>
						</ServiceJourney>
					</vehicleJourneys>
				</TimetableFrame>
			</frames>
		</CompositeFrame>
	</dataObjects>
</PublicationDelivery>
