<?xml version="1.0" encoding="utf-8"?>
<!-- === Basic Service Calendar datatype example === -->
<PublicationDelivery xmlns="http://www.netex.org.uk/netex" xmlns:xsi="http://www.w3.org/2001/XMLSchema-instance" xmlns:gml="http://www.opengis.net/gml/3.2" xmlns:siri="http://www.siri.org.uk/siri" version="1.0" xsi:schemaLocation="http://www.netex.org.uk/netex ../../../../xsd/NeTEx_publication.xsd">
	<PublicationTimestamp>2016-06-28T12:00:00.0Z</PublicationTimestamp>
	<ParticipantRef>NSR</ParticipantRef>
	<dataObjects>
		<CompositeFrame version="any" id="RUT:cf:1">
			<frames>
				<ServiceCalendarFrame version="any" id="RUT:ServiceCalendarFrame:default">
					<validityConditions>
						<AvailabilityCondition version="any" id="RUT:AvailabilityCondition:1">
							<FromDate>2016-12-01T00:00:00</FromDate>
							<ToDate>2016-12-23T24:00:00</ToDate>
						</AvailabilityCondition>
						<AvailabilityCondition version="any" id="RUT:AvailabilityCondition:2">
							<FromDate>2016-12-24T00:00:00</FromDate>
							<ToDate>2016-12-25T24:00:00</ToDate>
						</AvailabilityCondition>
					</validityConditions>
					<dayTypes>
						<DayType version="any" id="RUT:DayType:weekdays">
							<validityConditions>
								<AvailabilityConditionRef ref="AvailabilityCondition:1"/>
							</validityConditions>
							<Name>Normal ukedag</Name>
							<properties>
								<PropertyOfDay>
									<DaysOfWeek>Weekdays</DaysOfWeek>
								</PropertyOfDay>
							</properties>
						</DayType>
						<DayType version="any" id="RUT:DayType:weekend">
							<validityConditions>
								<AvailabilityConditionRef ref="AvailabilityCondition:1"/>
							</validityConditions>
							<Name>Normal helg</Name>
							<properties>
								<PropertyOfDay>
									<DaysOfWeek>Weekend</DaysOfWeek>
								</PropertyOfDay>
							</properties>
						</DayType>
						<DayType version="any" id="RUT:DayType:Christmas">
							<validityConditions>
								<AvailabilityConditionRef ref="AvailabilityCondition:2"/>
							</validityConditions>
							<Name>Juledager</Name>
							<properties>
								<PropertyOfDay>
									<DayOfYear>--12-24</DayOfYear>
								</PropertyOfDay>
								<PropertyOfDay>
									<DayOfYear>--12-25</DayOfYear>
								</PropertyOfDay>
							</properties>
						</DayType>
					</dayTypes>
				</ServiceCalendarFrame>
				<TimetableFrame version="any" id="RUT:TimetableFrame:1">
					<vehicleJourneys>
						<ServiceJourney version="any" id="RUT:ServiceJourney:0700">
							<dayTypes>
								<DayTypeRef version="any" ref="RUT:DayType:weekdays"/>
								<DayTypeRef version="any" ref="RUT:DayType:weekend"/>
							</dayTypes>
						</ServiceJourney>
					</vehicleJourneys>
				</TimetableFrame>
				<TimetableFrame version="any" id="RUT:TimetableFrame:2">
					<vehicleJourneys>
						<ServiceJourney version="any" id="RUT:ServiceJourney:0800">
							<dayTypes>
								<DayTypeRef version="any" ref="RUT:DayType:Christmas"/>
							</dayTypes>
						</ServiceJourney>
					</vehicleJourneys>
				</TimetableFrame>
			</frames>
		</CompositeFrame>
	</dataObjects>
</PublicationDelivery>
