<?xml version="1.0" encoding="utf-8"?>
<!-- === Basic Service Calendar datatype example === -->
<PublicationDelivery xmlns="http://www.netex.org.uk/netex" xmlns:xsi="http://www.w3.org/2001/XMLSchema-instance" xmlns:gml="http://www.opengis.net/gml/3.2" xmlns:siri="http://www.siri.org.uk/siri" version="1.0" xsi:schemaLocation="http://www.netex.org.uk/netex ../../../../xsd/NeTEx_publication.xsd">
	<PublicationTimestamp>2016-06-28T12:00:00.0Z</PublicationTimestamp>
	<ParticipantRef>NSR</ParticipantRef>
	<dataObjects>
		<CompositeFrame version="any" id="RUT:cf:1">
			<frames>
				<ServiceCalendarFrame version="any" id="RUT:ServiceCalendarFrame:1">
					<ServiceCalendar version="any" id="RUT:ServiceCalendar:1">
						<Name>Kalender 1</Name>
						<FromDate>2016-12-01</FromDate>
						<ToDate>2016-12-23</ToDate>
					</ServiceCalendar>
				</ServiceCalendarFrame>
				<ServiceCalendarFrame version="any" id="RUT:ServiceCalendarFrame:2">
					<ServiceCalendar version="any" id="RUT:ServiceCalendar:2">
						<Name>Kalender 2</Name>
						<FromDate>2016-12-24</FromDate>
						<ToDate>2016-12-25</ToDate>
					</ServiceCalendar>
				</ServiceCalendarFrame>
				<ServiceCalendarFrame version="any" id="RUT:ServiceCalendarFrame:default">
					<dayTypes>
						<DayType version="any" id="RUT:DayType:weekdays">
							<Name>Ukedager</Name>
							<properties>
								<PropertyOfDay>
									<DaysOfWeek>Weekdays</DaysOfWeek>
								</PropertyOfDay>
							</properties>
						</DayType>
						<DayType version="any" id="RUT:DayType:normalWeek">
							<Name>Normal operasjon ukedager</Name>
							<properties>
								<PropertyOfDay>
									<DaysOfWeek>Weekend</DaysOfWeek>
								</PropertyOfDay>
							</properties>
						</DayType>
						<DayType version="any" id="RUT:DayType:Saturday">
							<Name>Lordag</Name>
							<properties>
								<PropertyOfDay>
									<DaysOfWeek>Saturday</DaysOfWeek>
								</PropertyOfDay>
							</properties>
						</DayType>
						<DayType version="any" id="RUT:DayType:Sunday">
							<Name>Sondag</Name>
							<properties>
								<PropertyOfDay>
									<DaysOfWeek>Sunday</DaysOfWeek>
								</PropertyOfDay>
							</properties>
						</DayType>
					</dayTypes>
					<operatingPeriods>
						<OperatingPeriod version="any" id="RUT:OperatingPeriod:1">
							<FromDate>2016-12-01T00:00:00</FromDate>
							<ToDate>2016-12-23T24:00:00</ToDate>
						</OperatingPeriod>
					</operatingPeriods>
					<dayTypeAssignments>
						<DayTypeAssignment version="any" order="1" id="RUT:DayTypeAssignment:day">
							<ServiceCalendarRef version="any" ref="RUT:ServiceCalendar:1"/>
							<!-- GÅR IKKE UTEN Å LINKE VIA DAG, PERIODE ELLER DATO -->
							<OperatingPeriodRef version="any" ref="RUT:OperatingPeriod:1"/>
							<DayTypeRef version="any" ref="RUT:DayType:Sunday"/>
						</DayTypeAssignment>
						<DayTypeAssignment version="any" order="1" id="RUT:DayTypeAssignment:day2">
							<OperatingPeriodRef version="any" ref="RUT:OperatingPeriod:1"/>
							<DayTypeRef version="any" ref="RUT:DayType:Sunday"/>
						</DayTypeAssignment>
						<!-- periode -->
						<DayTypeAssignment version="any" order="1" id="RUT:DayTypeAssignment:period">
							<OperatingPeriodRef ref="RUT:OperatingPeriod:1"/>
							<DayTypeRef version="any" ref="RUT:DayType:weekdays"/>
						</DayTypeAssignment>
					</dayTypeAssignments>
				</ServiceCalendarFrame>
				<TimetableFrame version="any" id="RUT:TimetableFrame:1">
					<vehicleJourneys>
						<ServiceJourney version="any" id="RUT:ServiceJourney:0700">
							<dayTypes>
								<DayTypeRef version="any" ref="RUT:DayType:weekdays"/>
								<DayTypeRef ref="RUT:DayType:Saturday"/>
							</dayTypes>
						</ServiceJourney>
					</vehicleJourneys>
				</TimetableFrame>
				<TimetableFrame version="any" id="RUT:TimetableFrame:2">
					<vehicleJourneys>
						<ServiceJourney version="any" id="RUT:ServiceJourney:0800">
							<dayTypes>
								<DayTypeRef ref="RUT:DayType:Sunday"/>
							</dayTypes>
						</ServiceJourney>
					</vehicleJourneys>
				</TimetableFrame>
			</frames>
		</CompositeFrame>
	</dataObjects>
</PublicationDelivery>
