<?xml version="1.0" encoding="UTF-8"?>
<!-- 
    Dette eksempelet er basert på linje 61A Tveita Solfjellet funnet her: 
    https://ruter.no/globalassets/rutetabeller/oslo/oslo_syd_web_april2016.pdf
-->
<PublicationDelivery xmlns="http://www.netex.org.uk/netex" xmlns:xsi="http://www.w3.org/2001/XMLSchema-instance" version="1.04:NO-NeTEx-networktimetable:1.0" xsi:schemaLocation="http://www.netex.org.uk/netex ../../../../xsd/NeTEx_publication.xsd">
	<PublicationTimestamp>2016-05-20T15:03:03Z</PublicationTimestamp>
	<ParticipantRef>RUT</ParticipantRef>
	<!-- Description er frivillig -->
	<Description>Ruter linje 61A: Tveita Solfjellet</Description>
	<dataObjects>
		<!-- =========================================== -->
		<CompositeFrame version="any" created="2015-12-13T00:00:00Z" id="RUT:Norway:CompositeFrame:0061">
			<ValidBetween/>
			<codespaces>
				<!-- Codespace for Ruter -->
				<Codespace id="ruter">
					<Xmlns>RUT</Xmlns>
					<XmlnsUrl>http://www.ruter.no/</XmlnsUrl>
				</Codespace>
				<!-- Codespace for nasjonalt holdeplassregister -->
				<Codespace id="nsr">
					<Xmlns>NSR</Xmlns>
					<XmlnsUrl>http://www.rutebanken.no/nasjonltstoppestedregister</XmlnsUrl>
				</Codespace>
			</codespaces>
			<FrameDefaults>
				<!-- Alle elementer med id-attributt blir prefixet med dette codespacet (dvs RUT:) -->
				<DefaultCodespaceRef ref="ruter"/>
				<DefaultLocale>
					<TimeZone>CET</TimeZone>
					<SummerTimeZone>CEST</SummerTimeZone>
					<!-- Alle tekster er på norsk om ikke eksplisitt spesifisert -->
					<DefaultLanguage>no</DefaultLanguage>
				</DefaultLocale>
				<!-- Alle koordinater leveres i henhold til WGS84 -->
				<!-- TODO: rett opp, skal kanskje ikke med i det hele tatt gitt implisitt krav WGS84 -->
				<!--DefaultLocationSystem>EPSG:4326</DefaultLocationSystem-->
			</FrameDefaults>
			<frames>
				<!-- =========================================== -->
				<ResourceFrame version="any" id="RUT:ResourceFrame:RF1">
					<organisations>
						<!-- TODO her er ting kun splittet i authority og operator. Normalt er strukturen mer kompleks, og informasjon rundt f.eks hittegods må modelleres korrekt -->
						<Authority version="any" id="RUT:Company:0">
							<CompanyNumber>991609407</CompanyNumber>
							<!-- Organisasjonsnummer -->
							<Name>Ruter#</Name>
							<LegalName>RUTER AS</LegalName>
							<OrganisationType>authority</OrganisationType>
						</Authority>
						<!-- Antar her at Unibuss er selskapet som kjører turen. Ikke nødvendigvis korrekt, men fremgår ikke av rutetabellen -->
						<Operator version="any" id="RUT:Company:1">
							<CompanyNumber>985615616</CompanyNumber>
							<Name>Unibuss</Name>
							<LegalName>UNIBUSS AS</LegalName>
							<ContactDetails>
								<Phone>0047 177</Phone>
								<Url>http://www.ruter.no</Url>
								<FurtherDetails>Kontaktskjema på websider</FurtherDetails>
							</ContactDetails>
						</Operator>
					</organisations>
				</ResourceFrame>
				<!-- Alt her vil verifiseres mot det som ligger i holdeplassregisteret. Finnes det ikke der blir hele denne filen avvist -->
				<SiteFrame version="any" id="RUT:SiteFrame:SF01">
					<stopPlaces>
						<!-- Merk at her brukes det codespace NSR som viser at disse elementene eies av NasjonaltHoldeplassRegister -->
						<StopPlace version="any" id="NSR:StopPlace:03011537">
							<Name>Larsbråten</Name>
							<quays>
								<Quay version="any" id="NSR:Quay:0301153701"/>
							</quays>
						</StopPlace>
						<StopPlace version="any" id="NSR:StopPlace:03011525">
							<Name>Tveita bedriftsområde</Name>
							<quays>
								<Quay version="any" id="NSR:Quay:0301152501"/>
								<Quay version="any" id="NSR:Quay:0301152502"/>
							</quays>
						</StopPlace>
						<StopPlace version="any" id="NSR:StopPlace:03011536">
							<Name>Solfjellet</Name>
							<quays>
								<Quay version="any" id="NSR:Quay:0301153601"/>
							</quays>
						</StopPlace>
						<StopPlace version="any" id="NSR:StopPlace:03011522">
							<Name>Tveita</Name>
							<quays>
								<Quay version="any" id="NSR:Quay:0301152202"/>
							</quays>
						</StopPlace>
						<StopPlace version="any" id="NSR:StopPlace:03011521">
							<Name>Tveita T</Name>
							<quays>
								<Quay version="any" id="NSR:Quay:0301152101"/>
								<Quay version="any" id="NSR:Quay:0301152102"/>
							</quays>
						</StopPlace>
					</stopPlaces>
				</SiteFrame>
				<ServiceFrame version="any" id="RUT:ServiceFrame:0061">
					<!-- Nettverk er bare en gruppering av Lines under en felles "paraply". En Line igjen er en gruppe av ruter under samme markedsføringsnavn, eks Rute 2 -->
					<Network version="any" changed="2015-12-13T00:00:00Z" id="RUT:GroupOfLine:RuterBuss">
						<Name>Ruter#</Name>
					</Network>
					<!-- Definisjon av hvilken retning dette er. Her brukt en rundtur som kjører med klokken -->
					<directions>
						<Direction version="any" id="RUT:Route:0061101:Direction">
							<Name>Rundtur</Name>
							<DirectionType>clockwise</DirectionType>
						</Direction>
					</directions>
					<!-- Her listes alle rutepunktene. I eksemplet under er det kun referanser til StopPoints, men det kan også være andre typer punkter, eks TimingPoint.
                         Hvis man har flere ruter skal alle rutepunkter defineres her. For hver rute under lister man opp de som faktisk benyttes i gitt rute 
                         (eks tur/retur der mange av punktene er de samme, men ikke nødvendigvis alle -->
					<routePoints>
						<!-- Tveita T -->
						<RoutePoint version="any" id="RUT:RoutePoint:0061101A0A0061101001">
							<projections>
								<PointProjection version="any" id="RUT:PointProjection:0061101A0A0061101001">
									<ProjectToPointRef version="any" ref="RUT:ScheduledStopPoint:0061101001"/>
								</PointProjection>
							</projections>
						</RoutePoint>
						<!-- Solfjellet -->
						<RoutePoint version="any" id="RUT:RoutePoint:0061101A2A0061101003">
							<projections>
								<PointProjection version="any" id="RUT:PointProjection:0061101A2A0061101003">
									<ProjectToPointRef version="any" ref="RUT:ScheduledStopPoint:0061101003"/>
								</PointProjection>
							</projections>
						</RoutePoint>
						<!-- Larsbråten -->
						<RoutePoint version="any" id="RUT:RoutePoint:0061101A3A0061101004">
							<projections>
								<PointProjection version="any" id="RUT:PointProjection:0061101A3A0061101004">
									<ProjectToPointRef version="any" ref="RUT:ScheduledStopPoint:0061101004"/>
								</PointProjection>
							</projections>
						</RoutePoint>
						<!-- Tveita T -->
						<RoutePoint version="any" id="RUT:RoutePoint:0061101A6A0061101007">
							<projections>
								<PointProjection version="any" id="RUT:PointProjection:0061101A6A0061101007">
									<ProjectToPointRef version="any" ref="RUT:ScheduledStopPoint:0061101007"/>
								</PointProjection>
							</projections>
						</RoutePoint>
					</routePoints>
					<routes>
						<Route version="any" id="RUT:Route:0061101">
							<Name>Tveita - Solfjellet - Larsbråten - Tveita</Name>
							<LineRef ref="RUT:Line:0061"/>
							<DirectionRef version="any" ref="RUT:Route:0061101:Direction"/>
							<pointsInSequence>
								<PointOnRoute version="any" id="RUT:PointOnRoute:0061101001-0" order="1">
									<RoutePointRef version="any" ref="RUT:RoutePoint:0061101A0A0061101001"/>
								</PointOnRoute>
								<PointOnRoute version="any" id="RUT:PointOnRoute:0061101003-2" order="2">
									<RoutePointRef version="any" ref="RUT:RoutePoint:0061101A2A0061101003"/>
								</PointOnRoute>
								<PointOnRoute version="any" id="RUT:PointOnRoute:0061101004-3" order="3">
									<RoutePointRef version="any" ref="RUT:RoutePoint:0061101A3A0061101004"/>
								</PointOnRoute>
								<PointOnRoute version="any" id="RUT:PointOnRoute:0061101007-6" order="4">
									<RoutePointRef version="any" ref="RUT:RoutePoint:0061101A6A0061101007"/>
								</PointOnRoute>
							</pointsInSequence>
						</Route>
					</routes>
					<lines>
						<!-- Kun 1 linje definert; 61A -->
						<Line version="any" id="RUT:Line:0061">
							<Name>Tveita T</Name>
							<TransportMode>bus</TransportMode>
							<PublicCode>61A</PublicCode>
							<OperatorRef ref="RUT:Company:1"/>
							<routes>
								<!-- Denne linjen kjøres bare på 1 måte -->
								<RouteRef version="any" ref="RUT:Route:0061101"/>
							</routes>
							<Presentation>
								<infoLinks>
									<InfoLink typeOfInfoLink="resource">http://test.com</InfoLink>
									<InfoLink typeOfInfoLink="info">http://test.com</InfoLink>
								</infoLinks>
							</Presentation>
						</Line>
					</lines>
					<!-- Det antas her at det er to tekster som vises på bussen, "Solfjellet" ved start og frem til Solfjellet stopp, deretter "Tveita T" tilbake til Tveita T-banestasjon.
                    Disse tekstene er referert til i Calls-seksjonen lenger nede
                    -->
					<destinationDisplays>
						<DestinationDisplay version="any" id="RUT:DestinationDisplay:DST_Solfjellet">
							<FrontText>Solfjellet</FrontText>
						</DestinationDisplay>
						<DestinationDisplay version="any" id="RUT:DestinationDisplay:DST_TveitaT">
							<FrontText>Tveita T</FrontText>
						</DestinationDisplay>
					</destinationDisplays>
					<!-- Dette er alle stoppene Linje 61A stopper på -->
					<scheduledStopPoints>
						<ScheduledStopPoint version="any" id="RUT:ScheduledStopPoint:0061101001">
							<Name>Tveita T</Name>
						</ScheduledStopPoint>
						<ScheduledStopPoint version="any" id="RUT:ScheduledStopPoint:0061101002">
							<Name>Tveita bedriftsområde</Name>
						</ScheduledStopPoint>
						<ScheduledStopPoint version="any" id="RUT:ScheduledStopPoint:0061101003">
							<Name>Solfjellet</Name>
						</ScheduledStopPoint>
						<ScheduledStopPoint version="any" id="RUT:ScheduledStopPoint:0061101004">
							<Name>Larsbråten</Name>
						</ScheduledStopPoint>
						<ScheduledStopPoint version="any" id="RUT:ScheduledStopPoint:0061101005">
							<Name>Tveita bedriftsområde</Name>
						</ScheduledStopPoint>
						<ScheduledStopPoint version="any" id="RUT:ScheduledStopPoint:0061101006">
							<Name>Tveita</Name>
						</ScheduledStopPoint>
						<ScheduledStopPoint version="any" id="RUT:ScheduledStopPoint:0061101007">
							<Name>Tveita T</Name>
						</ScheduledStopPoint>
					</scheduledStopPoints>
					<!-- Kobling fra ScheduledStopPoint til StopPlace/Quay. Legg merke til at StopPlace og Quay hører til i NSR-codespace mens ScheduleStopPoint hører til i RUT-codespacet -->
					<stopAssignments>
						<PassengerStopAssignment version="any" order="1" id="RUT:PassengerStopAssignment:0061101001">
							<!-- Hvilket ScheduledStopPoint som mappes til ... -->
							<ScheduledStopPointRef version="any" ref="RUT:ScheduledStopPoint:0061101001"/>
							<!-- .. hvilket stopPlace ... og hvis mulig -->
							<StopPlaceRef version="any" ref="NSR:StopPlace:03011521"/>
							<!-- hvilken quay kjøretøyet stopper ved -->
							<QuayRef version="any" ref="NSR:Quay:0301152101"/>
						</PassengerStopAssignment>
						<PassengerStopAssignment version="any" order="2" id="RUT:PassengerStopAssignment:0061101002">
							<ScheduledStopPointRef version="any" ref="RUT:ScheduledStopPoint:0061101002"/>
							<StopPlaceRef version="any" ref="NSR:StopPlace:03011525"/>
							<QuayRef version="any" ref="NSR:Quay:0301152501"/>
						</PassengerStopAssignment>
						<PassengerStopAssignment version="any" order="3" id="RUT:PassengerStopAssignment:0061101003">
							<ScheduledStopPointRef version="any" ref="RUT:ScheduledStopPoint:0061101003"/>
							<StopPlaceRef version="any" ref="NSR:StopPlace:03011536"/>
							<QuayRef version="any" ref="NSR:Quay:0301153601"/>
						</PassengerStopAssignment>
						<PassengerStopAssignment version="any" order="4" id="RUT:PassengerStopAssignment:0061101004">
							<ScheduledStopPointRef version="any" ref="RUT:ScheduledStopPoint:0061101004"/>
							<StopPlaceRef version="any" ref="NSR:StopPlace:03011537"/>
							<QuayRef version="any" ref="NSR:Quay:0301153701"/>
						</PassengerStopAssignment>
						<PassengerStopAssignment version="any" order="5" id="RUT:PassengerStopAssignment:0061101005">
							<ScheduledStopPointRef version="any" ref="RUT:ScheduledStopPoint:0061101005"/>
							<StopPlaceRef version="any" ref="NSR:StopPlace:03011525"/>
							<QuayRef version="any" ref="NSR:Quay:0301152502"/>
						</PassengerStopAssignment>
						<PassengerStopAssignment version="any" order="6" id="RUT:PassengerStopAssignment:0061101006">
							<ScheduledStopPointRef version="any" ref="RUT:ScheduledStopPoint:0061101006"/>
							<StopPlaceRef version="any" ref="NSR:StopPlace:03011522"/>
							<QuayRef version="any" ref="NSR:Quay:0301152202"/>
						</PassengerStopAssignment>
						<PassengerStopAssignment version="any" order="7" id="RUT:PassengerStopAssignment:0061101007">
							<ScheduledStopPointRef version="any" ref="RUT:ScheduledStopPoint:0061101007"/>
							<StopPlaceRef version="any" ref="NSR:StopPlace:03011521"/>
							<QuayRef version="any" ref="NSR:Quay:0301152102"/>
						</PassengerStopAssignment>
					</stopAssignments>
					<!-- Dette er alle JourneyPatterns linje 61A kjører. Akkurat for denne linjen finnes det bare ett slikt "kjøremønster" -->
					<journeyPatterns>
						<JourneyPattern version="any" id="RUT:JourneyPattern:0061101">
							<RouteRef version="any" ref="RUT:Route:0061101"/>
							<!-- Rekkefølge på stopp -->
							<pointsInSequence>
								<StopPointInJourneyPattern version="any" id="RUT:StopPointInJourneyPattern:0061101001" order="1">
									<!-- Referanse til hvilket ScheduledStopPoint -->
									<ScheduledStopPointRef version="any" ref="RUT:ScheduledStopPoint:0061101001"/>
									<ForAlighting>false</ForAlighting>
									<!-- Destinasjonstekst som vises på bussen -->
									<DestinationDisplayRef ref="RUT:DestinationDisplay:DST_Solfjellet"/>
								</StopPointInJourneyPattern>
								<StopPointInJourneyPattern version="any" id="RUT:StopPointInJourneyPattern:0061101002" order="2">
									<ScheduledStopPointRef version="any" ref="RUT:ScheduledStopPoint:0061101002"/>
								</StopPointInJourneyPattern>
								<StopPointInJourneyPattern version="any" id="RUT:StopPointInJourneyPattern:0061101003" order="3">
									<ScheduledStopPointRef version="any" ref="RUT:ScheduledStopPoint:0061101003"/>
									<!-- Her endrer teksten på bussen seg fra Solfjellet til Tveita T -->
									<DestinationDisplayRef ref="RUT:DestinationDisplay:DST_TveitaT"/>
								</StopPointInJourneyPattern>
								<StopPointInJourneyPattern version="any" id="RUT:StopPointInJourneyPattern:0061101004" order="4">
									<ScheduledStopPointRef version="any" ref="RUT:ScheduledStopPoint:0061101004"/>
								</StopPointInJourneyPattern>
								<StopPointInJourneyPattern version="any" id="RUT:StopPointInJourneyPattern:0061101005" order="5">
									<ScheduledStopPointRef version="any" ref="RUT:ScheduledStopPoint:0061101005"/>
								</StopPointInJourneyPattern>
								<StopPointInJourneyPattern version="any" id="RUT:StopPointInJourneyPattern:0061101006" order="6">
									<ScheduledStopPointRef version="any" ref="RUT:ScheduledStopPoint:0061101006"/>
								</StopPointInJourneyPattern>
								<StopPointInJourneyPattern version="any" id="RUT:StopPointInJourneyPattern:0061101007" order="7">
									<ScheduledStopPointRef version="any" ref="RUT:ScheduledStopPoint:0061101007"/>
									<ForBoarding>false</ForBoarding>
								</StopPointInJourneyPattern>
								<StopPointInJourneyPattern version="any" id="RUT:StopPointInJourneyPattern:0061101007" order="8">
									<ScheduledStopPointRef version="any" ref="RUT:ScheduledStopPoint:0061101007"/>
									<ForBoarding>false</ForBoarding>
								</StopPointInJourneyPattern>
							</pointsInSequence>
						</JourneyPattern>
					</journeyPatterns>
					<notices>
						<!-- Denne fotnoten er modellert for hele linjen, ikke relatert spesifikt til noe stopp eller turer -->
						<Notice version="any" id="RUT:Notice:1">
							<Text>I boligveiene kan buss 61A også stoppe utenom de faste holdeplassene. Husk å gi stoppsignal!</Text>
						</Notice>
					</notices>
					<noticeAssignments>
						<NoticeAssignment version="any" id="RUT:NoticeAssignment:1" order="1">
							<NoticeRef ref="RUT:Notice:1"/>
							<NoticedObjectRef ref="RUT:Route:0061101"/>
						</NoticeAssignment>
					</noticeAssignments>
				</ServiceFrame>
				<ServiceCalendarFrame version="any" id="RUT:ServiceCalendarFrame:SCF01">
					<ServiceCalendar version="any" id="RUT:ServiceCalendar:1">
						<Name>Ukedager inkludert lørdag, hver hele time kvart over</Name>
						<dayTypes>
							<!-- Denne kalenderen gjelder alle ukedager inkludert lørdager -->
							<DayType version="any" id="RUT:DayType:MonSat">
								<Name>Ukedager og lørdager</Name>
								<properties>
									<PropertyOfDay>
										<DaysOfWeek>Monday Tuesday Wednesday Thursday Friday Saturday</DaysOfWeek>
									</PropertyOfDay>
								</properties>
							</DayType>
						</dayTypes>
						<timebands>
							<Timeband version="any" id="RUT:Timeband:TM15">
								<!--Name>15 minutes past the hour</Name-->
								<StartTime>00:15:00</StartTime>
								<EndTime>00:15:00</EndTime>
							</Timeband>
						</timebands>
					</ServiceCalendar>
				</ServiceCalendarFrame>
				<!-- Tidtabellen, dvs avgangstider -->
				<TimetableFrame version="any" id="RUT:TimetableFrame:TF02">
					<validityConditions>
						<ValidBetween>
							<FromDate>2016-01-10T00:00:00</FromDate>
							<ToDate>2016-12-20T00:00:00</ToDate>
						</ValidBetween>
					</validityConditions>
					<!-- Kjøres buss om ikke noe annet er spesifisert -->
					<vehicleJourneys>
						<!-- Her defineres en TemplateServiceJourney. Den sier at avgangstidene er de samme, men i dette tilfellet med et rytmisk mønster (hvert. 15 minutt over hel) -->
						<TemplateServiceJourney version="any" id="RUT:TemplateServiceJourney:0061">
							<dayTypes>
								<!-- Refererer til 1 daytype som inneholder alle dager mandag-lørdag. Kunne vært separate dagtyper, men da måtte alle listes her -->
								<DayTypeRef version="any" ref="RUT:DayType:MonSat"/>
							</dayTypes>
							<!-- Hvilket kjøremønster som benyttes med passasjerer ombord -->
							<JourneyPatternRef version="any" ref="RUT:JourneyPattern:0061101"/>
							<!-- Hvilken linje det gjelder (optional) -->
							<LineRef version="any" ref="RUT:Line:0061"/>
							<passingTimes>
								<TimetabledPassingTime>
									<!-- Tveita T -->
									<StopPointInJourneyPatternRef version="any" ref="RUT:StopPointInJourneyPattern:0061101001"/>
									<DepartureTime>00:15:00</DepartureTime>
								</TimetabledPassingTime>
								<TimetabledPassingTime>
									<!-- Tveita bedriftsområde -->
									<StopPointInJourneyPatternRef ref="RUT:StopPointInJourneyPattern:0061101002"/>
									<DepartureTime>00:17:00</DepartureTime>
								</TimetabledPassingTime>
								<TimetabledPassingTime>
									<!-- Solfjellet -->
									<StopPointInJourneyPatternRef ref="RUT:StopPointInJourneyPattern:0061101003"/>
									<DepartureTime>00:21:00</DepartureTime>
								</TimetabledPassingTime>
								<TimetabledPassingTime>
									<!-- Larsbråten -->
									<StopPointInJourneyPatternRef ref="RUT:StopPointInJourneyPattern:0061101004"/>
									<DepartureTime>00:24:00</DepartureTime>
								</TimetabledPassingTime>
								<TimetabledPassingTime>
									<!-- Tveita bedriftsområde -->
									<StopPointInJourneyPatternRef ref="RUT:StopPointInJourneyPattern:0061101005"/>
									<DepartureTime>00:27:00</DepartureTime>
								</TimetabledPassingTime>
								<TimetabledPassingTime>
									<!-- Tveita -->
									<StopPointInJourneyPatternRef ref="RUT:StopPointInJourneyPattern:0061101006"/>
									<DepartureTime>00:28:00</DepartureTime>
								</TimetabledPassingTime>
								<TimetabledPassingTime>
									<!-- Tveita -->
									<StopPointInJourneyPatternRef ref="RUT:StopPointInJourneyPattern:0061101007"/>
									<ArrivalTime>00:31:00</ArrivalTime>
								</TimetabledPassingTime>
							</passingTimes>
							<frequencyGroups>
								<RhythmicalJourneyGroup version="any" id="RUT:RhythmicalJourneyGroup:1">
									<Name>Every hour, 15 minutes past the hour</Name>
									<!-- Første avgang er kl 09:15 -->
									<FirstDepartureTime>09:15:00</FirstDepartureTime>
									<!-- Siste avgang er kl 14:15 -->
									<LastDepartureTime>14:15:00</LastDepartureTime>
									<timebands>
										<!-- Hvert 15 minutt over -->
										<TimebandRef version="any" ref="RUT:Timeband:TM15"/>
									</timebands>
								</RhythmicalJourneyGroup>
							</frequencyGroups>
						</TemplateServiceJourney>
					</vehicleJourneys>
				</TimetableFrame>
			</frames>
		</CompositeFrame>
	</dataObjects>
</PublicationDelivery>
