<?xml version="1.0" encoding="UTF-8"?>
<!--
DestinationDisplay is used to specify text that is advertized to public, both on the screens on vehicle sides and on some other media
-->
<DestinationDisplay xmlns="http://www.netex.org.uk/netex" xmlns:siri="http://www.siri.org.uk/siri" xmlns:core="http://www.govtalk.gov.uk/core" xmlns:ifopt="http://www.ifopt.org.uk/ifopt" xmlns:xsi="http://www.w3.org/2001/XMLSchema-instance" xsi:schemaLocation="http://www.netex.org.uk/netex ../../../../xsd/netex_part_1/part1_networkDescription/netex_line_version-v1.1.xsd">
	<SideText>L23</SideText>
	<FrontText>Linje 23</FrontText>
	<PublicCode>Linje23</PublicCode>
	<variants>
		<DestinationDisplayVariant>
			<DestinationDisplayVariantMediaType>printed</DestinationDisplayVariantMediaType>
			<FrontText>Linje 23 (buss)</FrontText>
		</DestinationDisplayVariant>
	</variants>
</DestinationDisplay>
