<?xml version="1.0" encoding="UTF-8"?>
<Point xmlns="http://www.netex.org.uk/netex" xmlns:siri="http://www.siri.org.uk/siri" xmlns:gml="http://www.opengis.net/gml/3.2" xmlns:xlink="http://www.w3.org/1999/xlink" xmlns:core="http://www.govtalk.gov.uk/core" xmlns:xsi="http://www.w3.org/2001/XMLSchema-instance" xsi:schemaLocation="http://www.netex.org.uk/netex ../../../../xsd/netex_framework/netex_genericFramework/netex_pointAndLink_version-v1.1.xsd">
	<Name>example</Name>
	<Location>
		<gml:pos>-606731799.854 -1297377369.241</gml:pos>
		<Precision>434009368.11</Precision>
	</Location>
	<PointNumber>p-87oITOs</PointNumber>
	<projections>
		<PointProjection>
			<ProjectedPointRef ref="PzB9e4n08lkJ"/>
			<ProjectToPointRef ref="af2DStnLh_T5Q"/>
			<ProjectToLinkRef ref="GHBFtgtWSxR"/>
			<Distance>-1681111194.552</Distance>
		</PointProjection>
	</projections>
</Point>
