<?xml version="1.0" encoding="UTF-8"?>
<ServiceFacilitySet xmlns="http://www.netex.org.uk/netex" xmlns:core="http://www.govtalk.gov.uk/core" xmlns:siri="http://www.siri.org.uk/siri" xmlns:ifopt="http://www.ifopt.org.uk/ifopt" xmlns:xsi="http://www.w3.org/2001/XMLSchema-instance" xsi:schemaLocation="http://www.netex.org.uk/netex ../../../../xsd/netex_framework/netex_reusableComponents/netex_facility_version-v1.0.xsd">
	<AccommodationAccessList>reservation standing freeSeating</AccommodationAccessList>
	<AccommodationFacilityList>unknown</AccommodationFacilityList>
	<BoardingPermisssion>normal</BoardingPermisssion>
	<BookingProcessFacilityList>bookableManuallly</BookingProcessFacilityList>
	<CouchetteFacilityList>unknown</CouchetteFacilityList>
	<GroupBookingFacility>unknown</GroupBookingFacility>
	<LuggageCarriageFacilityList>baggageStorage cyclesAllowedInCarriage</LuggageCarriageFacilityList>
	<ServiceReservationFacilityList>noGroupsAllowed wheelchairOnlyReservations</ServiceReservationFacilityList>
	<accommodations>
		<Accommodation>
			<Name>example</Name>
			<FareClass>unknown</FareClass>
			<AccommodationFacility>seating</AccommodationFacility>
			<CouchetteFacility>unknown</CouchetteFacility>
			<MaximumNumberOfBerths>10</MaximumNumberOfBerths>
			<BerthFacility>upper</BerthFacility>
			<ShowerFacility>none</ShowerFacility>
			<ToiletFacility>none</ToiletFacility>
			<GenderLimitation>both</GenderLimitation>
			<NuisanceFacilityList>mobilePhoneFreeZone smoking</NuisanceFacilityList>
			<PassengerCommsFacilityList>internet postOffice businessServices</PassengerCommsFacilityList>
		</Accommodation>
	</accommodations>
	<onboardStays>
		<OnboardStay>
			<FareClass>unknown</FareClass>
			<BoardingPermisssion>overnightStayOnboardAllowed</BoardingPermisssion>
			<Period>P2D</Period>
		</OnboardStay>
	</onboardStays>
</ServiceFacilitySet>
