<?xml version="1.0" encoding="UTF-8"?>
<Locale xmlns="http://www.netex.org.uk/netex" xmlns:core="http://www.govtalk.gov.uk/core" xmlns:xsi="http://www.w3.org/2001/XMLSchema-instance" xsi:schemaLocation="http://www.netex.org.uk/netex ../../../../xsd/netex_framework/netex_utility/netex_utility_types-v1.1.xsd">
	<TimeZoneOffset>+2</TimeZoneOffset>
	<TimeZone>Moscow</TimeZone>
	<SummerTimeZoneOffset>+2</SummerTimeZoneOffset>
	<SummerTimeZone>Moscow</SummerTimeZone>
	<DefaultLanguage>ru-RU</DefaultLanguage>
	<languages>
		<LanguageUsage>
			<Language>he-IL</Language>
			<LanguageUse>read</LanguageUse>
		</LanguageUsage>
		<LanguageUsage>
			<Language>en-AU</Language>
			<LanguageUse>understood</LanguageUse>
		</LanguageUsage>
	</languages>
</Locale>
