<?xml version="1.0" encoding="UTF-8"?>
<GeneralZone xmlns="http://www.netex.org.uk/netex" xmlns:core="http://www.govtalk.gov.uk/core" xmlns:gml="http://www.opengis.net/gml/3.2" xmlns:xlink="http://www.w3.org/1999/xlink" xmlns:siri="http://www.siri.org.uk/siri" xmlns:xsi="http://www.w3.org/2001/XMLSchema-instance" xsi:schemaLocation="http://www.netex.org.uk/netex ../../../../xsd/netex_framework/netex_genericFramework/netex_zone_version-v1.1.xsd">
	<Centroid>
		<Location>
			<gml:pos>12345.67</gml:pos>
			<Precision>12</Precision>
		</Location>
	</Centroid>
	<gml:Polygon srsName="wgs84" gml:id="a1234">
		<gml:exterior>
			<gml:LinearRing>
				<gml:pos>12345.78 2345.2</gml:pos>
				<gml:pos>12345.76 2346.2</gml:pos>
				<gml:pos>12345.88 2345.3</gml:pos>
				<gml:pos>12346.18 2344.2</gml:pos>
			</gml:LinearRing>
		</gml:exterior>
	</gml:Polygon>
</GeneralZone>
