<?xml version="1.0" encoding="UTF-8"?>
<Branding xmlns:core="http://www.govtalk.gov.uk/core" xmlns="http://www.netex.org.uk/netex" xmlns:siri="http://www.siri.org.uk/siri" xmlns:xsi="http://www.w3.org/2001/XMLSchema-instance" version="any" id="Ruter" xsi:schemaLocation="http://www.netex.org.uk/netex ../../../../xsd/netex_framework/netex_responsibility/netex_dataSource_version-v1.0.xsd">
	<Name>Ruter AS</Name>
	<Description>Operator that runs public transport in Oslo region</Description>
	<Image>http://url.to.ruter.logo/</Image>
	<Url>http://ruter.no/</Url>
</Branding>
