<?xml version="1.0" encoding="UTF-8"?>
<!--
PathLink inherits from Link
-->
<PathLink xmlns="http://www.netex.org.uk/netex" xmlns:siri="http://www.siri.org.uk/siri" xmlns:gml="http://www.opengis.net/gml/3.2" xmlns:xlink="http://www.w3.org/1999/xlink" xmlns:core="http://www.govtalk.gov.uk/core" xmlns:ifopt="http://www.ifopt.org.uk/ifopt" xmlns:xsi="http://www.w3.org/2001/XMLSchema-instance" xsi:schemaLocation="http://www.netex.org.uk/netex ../../../../xsd/netex_part_1/part1_ifopt/netex_ifopt_path_version-v1.0.xsd">
	<Name>pGNVZIcJ4ldFD</Name>
	<Distance>2017586184.321</Distance>
	<gml:LineString gml:id="ID000">
		<gml:posList>2028559675.353 -2022783697.174 1915199261.096 -736940877.207 1690118703.459 204096403.425 -916241128.568</gml:posList>
	</gml:LineString>
	<projections>
		<LinkProjection>
			<ProjectedLinkRef ref="CWOpU2rTG72xeFlNrvQHG9shrcV"/>
			<ProjectToLinkRef ref="FZ5BC2"/>
			<StartPointOnLinkRef ref="dJ04mipbG5LdwOp.YVojmtyLOr"/>
			<EndPointOnLinkRef ref="dw410wDHuMazGN_NnSViALHYGWOE"/>
		</LinkProjection>
	</projections>
	<From>
		<PlaceRef ref="BjIFF33abkA"/>
	</From>
	<To>
		<PlaceRef ref="YsULOUOLtBVPXx07aqfW"/>
	</To>
</PathLink>
