<?xml version="1.0" encoding="iso-8859-1"?>
<!-- ==== SImple  Network Version  Example ====== 
This is part 2 of a multistep example on versioning

      Step 1: 
		- Create a single SCHEDULED STOP POINT - Stop A
        - Create a SERVICE FRAME ntwkf001 that holds it
   
      Step2  Add another  SCHEDULED STOP POINT - Stop B v001, 
		   - Create a VALIDITY CONDITION for the SERVICE FRAME, using a DAY TYPE
		   - Add elements for SCHEDULED STOP POINT Stop B 
          
           - Add  DAY TYPE for use in VALIDITY CONDITION 
           - Add new version v002 of SERVICE FRAME ntwkf001 v002 with VALIDITY CONDITION

(C) 2010, 2011 Crown Copyright, CEN
-->
<PublicationDelivery xmlns="http://www.netex.org.uk/netex" xmlns:siri="http://www.siri.org.uk/siri" xmlns:xsi="http://www.w3.org/2001/XMLSchema-instance" version="1.0" xsi:schemaLocation="http://www.netex.org.uk/netex ../../../xsd/NeTEx_publication.xsd">
	<PublicationTimestamp>2010-05-18T10:30:47.0Z</PublicationTimestamp>
	<ParticipantRef>SYS001</ParticipantRef>
	<!--- ======WHAT WAS REQUESTED ========== -->
	<PublicationRequest version="1.0">
		<RequestTimestamp>2010-05-18T10:30:47.0Z</RequestTimestamp>
		<ParticipantRef>SYS002</ParticipantRef>
		<topics>
			<NetworkFrameTopic>
				<Current/>
				<ServiceFrameRef ref="mybus:ServiceFrame:ntwkf001">REQUEST</ServiceFrameRef>
			</NetworkFrameTopic>
		</topics>
	</PublicationRequest>
	<PublicationRefreshInterval>P7D</PublicationRefreshInterval>
	<Description>Netex basic Versioning Example Step 02</Description>
	<!--- =============== RESULTS =========== -->
	<dataObjects>
		<CompositeFrame version="002" id="mybus:CompositeFrame:ntwkf001">
			<validityConditions>
				<AvailabilityCondition version="any" id="mybus:AvailabilityCondition:ntwkf001">
					<FromDate>2010-05-17T00:00:00Z</FromDate>
					<ToDate>2011-05-17T00:00:00Z</ToDate>
				</AvailabilityCondition>
			</validityConditions>
			<!--- ======= CODESPACEs======== -->
			<codespaces>
				<Codespace id="mybus">
					<Xmlns>mybus</Xmlns>
					<XmlnsUrl>http://www.mybuses.eu/stuff</XmlnsUrl>
					<Description>My buses</Description>
				</Codespace>
			</codespaces>
			<!--- =======FRAME DEFAULTS======== -->
			<FrameDefaults>
				<DefaultCodespaceRef ref="mybus"/>
				<DefaultResponsibilitySetRef ref="mybus:ResponsibilitySet:RS_10">EXTERNAL</DefaultResponsibilitySetRef>
			</FrameDefaults>
			<versions>
				<Version created="2010-05-17T09:30:47.0Z" id="mybus:CompositeFrame:ntwkf001" version="002">
					<Status>versioned</Status>
					<Description>Version 2 of Composite Frame </Description>
					<VersionType>baseline</VersionType>
					<DerivedFromVersionRef ref="mybus:CompositeFrame:ntwkf001" version="001"/>
				</Version>
			</versions>
			<frames>
				<!--- =====Calendar ========== -->
				<ServiceCalendarFrame version="001" id="mybus:ServiceCalendarFrame:ntwkf001">
					<versions>
						<Version created="2010-05-17T09:30:47.0Z" id="mybus:ServiceCalendarFrame:ntwkf001" version="001">
							<Status>versioned</Status>
							<Description>Version 1 of Service Calendar Frame: ntwkf001</Description>
						</Version>
						<Version created="2010-05-17T09:30:47.0Z" id="mybus:DayType:DT001_MF" version="001">
							<Status>versioned</Status>
							<Description>Version 1 of Day Type </Description>
						</Version>
					</versions>
					<dayTypes>
						<DayType version="001" created="2010-05-18T10:30:47.0Z" modification="new" id="mybus:DayType:DT001_MF">
							<Name>Monday to Friday</Name>
							<properties>
								<PropertyOfDay>
									<DaysOfWeek>Monday Tuesday Wednesday Thursday Friday</DaysOfWeek>
									<HolidayTypes>WorkingDay</HolidayTypes>
								</PropertyOfDay>
							</properties>
						</DayType>
					</dayTypes>
				</ServiceCalendarFrame>
				<!--- =====Service ========== -->
				<ServiceFrame version="002" created="2010-05-17T09:30:47.0Z" changed="2010-05-18T10:30:47.0Z" modification="revise" derivedFromVersionRef="001" id="mybus:ServiceFrame:ntwkf001">
					<validityConditions>
						<AvailabilityCondition created="2010-05-18T10:30:47.0Z" modification="new" version="001" id="mybus:AvailabilityCondition:VC002_mf">
							<Description>Use when no ice</Description>
							<FromDate>2010-05-17T00:00:00Z</FromDate>
							<ToDate>2011-05-17T00:00:00Z</ToDate>
							<dayTypes>
								<DayTypeRef version="001" ref="mybus:DayType:DT001_MF"/>
							</dayTypes>
						</AvailabilityCondition>
					</validityConditions>
					<Name>My Network  Version 2 with jtwo stops in it and a VALIDITY conditiona added  in it</Name>
					<versions>
						<Version created="2010-05-17T09:30:47.0Z" id="mybus:ServiceFrame:ntwkf001" version="002">
							<Status>versioned</Status>
							<Description>Version 2 of Service Frame ntwkf001 </Description>
							<VersionType>baseline</VersionType>
							<DerivedFromVersionRef ref="mybus:ServiceFrame:ntwkf001" version="001"/>
						</Version>
						<Version created="2010-05-18T09:30:47.0Z" changed="2010-05-18T09:30:47.0Z" id="mybus:ScheduledStopPoint:SSP0001A" version="002">
							<Status>versioned</Status>
							<Description>Version 2 of StopPoint SSP001A </Description>
							<DerivedFromVersionRef ref="mybus:ScheduledStopPoint:SSP0001A" version="001"/>
						</Version>
						<Version created="2010-05-18T09:30:47.0Z" id="mybus:ScheduledStopPoint:SSP0002B" version="001">
							<Status>versioned</Status>
							<Description>Version 1 of StopPoint SSP001B </Description>
						</Version>
					</versions>
					<scheduledStopPoints>
						<!--- =====Data owners ========= -->
						<ScheduledStopPoint version="002" created="2010-05-17T09:30:47.0Z" changed="2010-05-18T09:30:47.0Z" modification="revise" derivedFromVersionRef="001" id="mybus:ScheduledStopPoint:SSP0001A">
							<Name>Haltstelle A - Museum</Name>
							<Description>Version two of stop A. Name is Changed</Description>
							<PrivateCode>mycodeA</PrivateCode>
						</ScheduledStopPoint>
						<ScheduledStopPoint version="001" created="2010-05-18T09:30:47.0Z" id="mybus:ScheduledStopPoint:SSP0002B">
							<Name>Haltstelle B</Name>
							<Description>Version one of stop B</Description>
						</ScheduledStopPoint>
					</scheduledStopPoints>
				</ServiceFrame>
			</frames>
		</CompositeFrame>
	</dataObjects>
</PublicationDelivery>
