<?xml version="1.0" encoding="iso-8859-1"?>
<!-- ==== SImple Timetable  Example ======
This example shows the encoding of a simple bus timetable for a linear route in NeTex XML

   A - t1 -t2  -  -t3 D-->
<PublicationDelivery xmlns="http://www.netex.org.uk/netex" xmlns:siri="http://www.siri.org.uk/siri" xmlns:gml="http://www.opengis.net/gml/3.2" xmlns:xsi="http://www.w3.org/2001/XMLSchema-instance" version="1.0" xsi:schemaLocation="http://www.netex.org.uk/netex ../../../xsd/NeTEx_publication.xsd">
	<PublicationTimestamp>2010-12-17T09:30:47.0Z</PublicationTimestamp>
	<ParticipantRef>SYS001</ParticipantRef>
	<!--- ======WHAT WAS REQUESTED ========== -->
	<PublicationRequest version="1.0">
		<RequestTimestamp>2010-12-17T09:30:47.0Z</RequestTimestamp>
		<ParticipantRef>SYS002</ParticipantRef>
		<topics>
			<NetworkFrameTopic>
				<selectionValidityConditions>
					<AvailabilityCondition version="any" id="ao:AvailabilityCondition:CAL_02">
						<FromDate>2010-11-01T00:00:00Z</FromDate>
					</AvailabilityCondition>
				</selectionValidityConditions>
				<TimetableFrameRef ref="ao:TimetableFrameTIM_23_O">REQUEST</TimetableFrameRef>
			</NetworkFrameTopic>
		</topics>
	</PublicationRequest>
	<PublicationRefreshInterval>P1M</PublicationRefreshInterval>
	<Description>Example  of simple timetable frame with two journeys and service calendar, with detailed timings</Description>
	<!--- =============== RESULTS =========== -->
	<dataObjects>
		<CompositeFrame version="1" id="ao:CompositeFrame:CAL_02">
			<!--- ======= CODESPACEs======== -->
			<codespaces>
				<Codespace id="mybus">
					<Xmlns>mybus</Xmlns>
					<XmlnsUrl>http://www.mybuses.eu/stuff</XmlnsUrl>
					<Description>My buses</Description>
				</Codespace>
				<Codespace id="hde">
					<Xmlns>hde</Xmlns>
					<XmlnsUrl>http://www.halt.de/</XmlnsUrl>
					<Description>Stop data  data</Description>
				</Codespace>
			</codespaces>
			<!--- =======FRAME DEFAULTS======== -->
			<FrameDefaults>
				<DefaultCodespaceRef ref="mybus"/>
			</FrameDefaults>
			<frames>
				<ServiceFrame version="1" id="ao:ServiceFrame:svf_12">
					<Name>Stops for Winter timetable for route 24 </Name>
					<!--- =========DIRECTIONs=========== -->
					<directions>
						<Direction version="any" id="ao:Direction:DR_Westbound">
							<Name>Westbound</Name>
						</Direction>
						<Direction version="any" id="ao:Direction:DR_Southbound">
							<Name>Eastbound</Name>
						</Direction>
					</directions>
					<!--- =========ROUTEs=========== -->
					<routes>
						<Route version="any" id="ao:Route:RT_24o">
							<Name>Line 24 Alpha to Charley  (Details not GIVEN)</Name>
							<DirectionType>outbound</DirectionType>
							<DirectionRef version="any" ref="ao:Direction:DR_Westbound"/>
						</Route>
					</routes>
					<!--- =========LINEs=========== -->
					<lines>
						<Line version="any" id="ao:K66">
							<Name>Kocevje - Petrina</Name>
							<ShortName>K66</ShortName>
							<TransportMode>bus</TransportMode>
							<PublicCode>K66</PublicCode>
							<routes>
								<RouteRef ref="ao:Route:RT_24o"/>
							</routes>
						</Line>
					</lines>
					<!--- =========DESTINATION DISPLAYs============ -->
					<destinationDisplays>
						<DestinationDisplay version="any" id="ao:DestinationDisplay:DST_Bravo">
							<Name>Bravo</Name>
							<ShortName>Bravo</ShortName>
							<PublicCode>Bravo</PublicCode>
						</DestinationDisplay>
						<DestinationDisplay version="any" id="ao:DestinationDisplay:DST_Charley">
							<Name>Charley</Name>
							<ShortName>Charley G</ShortName>
							<PublicCode>Charley</PublicCode>
						</DestinationDisplay>
					</destinationDisplays>
					<!--- =========STOP POINTs============ -->
					<scheduledStopPoints>
						<ScheduledStopPoint version="any" id="ao:Briga-p">
							<Name>Briga smer Petrina</Name>
							<Location>
								<Longitude>53.0000</Longitude>
								<Latitude>0.1000</Latitude>
							</Location>
							<VehicleModes>bus</VehicleModes>
						</ScheduledStopPoint>
						<ScheduledStopPoint version="any" id="ao:Briga-k">
							<Name>Briga smer  Kocevje</Name>
							<Location>
								<Longitude>53.0000</Longitude>
								<Latitude>0.1000</Latitude>
							</Location>
							<VehicleModes>bus</VehicleModes>
						</ScheduledStopPoint>
						<ScheduledStopPoint version="any" id="ao:Banjaloka-p">
							<Name>BANJALOKA smer Petrina</Name>
							<Location>
								<Longitude>53.2000</Longitude>
								<Latitude>0.2000</Latitude>
							</Location>
							<VehicleModes>bus</VehicleModes>
						</ScheduledStopPoint>
						<ScheduledStopPoint version="any" id="ao:Banjaloka-k">
							<Name>BANJALOKA smer Kocevje</Name>
							<Location>
								<Longitude>53.2000</Longitude>
								<Latitude>0.2000</Latitude>
							</Location>
							<VehicleModes>bus</VehicleModes>
						</ScheduledStopPoint>
						<ScheduledStopPoint version="any" id="ao:NovaSela-p">
							<Name>NOVA SELA  smer Kocevje</Name>
							<Location>
								<Longitude>53.3000</Longitude>
								<Latitude>0.3000</Latitude>
							</Location>
							<VehicleModes>bus</VehicleModes>
						</ScheduledStopPoint>
						<ScheduledStopPoint version="any" id="ao:NovaSela-k">
							<Name>NOVA SELA smer Petrina</Name>
							<Location>
								<Longitude>53.3000</Longitude>
								<Latitude>0.3000</Latitude>
							</Location>
							<VehicleModes>bus</VehicleModes>
						</ScheduledStopPoint>
					</scheduledStopPoints>
					<!--- =========SERVICE LINKs=========== -->
					<serviceLinks>
						<ServiceLink version="any" id="ao:Briga-p_to_Banjaloka-p">
							<FromPointRef version="any" ref="ao:Briga-p"/>
							<ToPointRef version="any" ref="ao:Banjaloka-p"/>
						</ServiceLink>
						<ServiceLink version="any" id="ao:Banjaloka-p_to_NovaSela-p">
							<FromPointRef version="any" ref="ao:Banjaloka-p"/>
							<ToPointRef version="any" ref="ao:NovaSela-p"/>
							<!-- in bound -->
						</ServiceLink>
						<ServiceLink version="any" id="ao:NovaSela-p_to_Banjaloka-p">
							<FromPointRef version="any" ref="ao:NovaSela-p"/>
							<ToPointRef version="any" ref="ao:Banjaloka-p"/>
						</ServiceLink>
						<ServiceLink version="any" id="ao:Banjaloka-p_to_Briga-p">
							<FromPointRef version="any" ref="ao:Banjaloka-p"/>
							<ToPointRef version="any" ref="ao:Briga-p"/>
						</ServiceLink>
					</serviceLinks>
					<!--- =========SERVICE PATTERNs=========== -->
					<servicePatterns>
						<ServicePattern version="any" id="ao:K66_outbound">
							<Name>Kocevje - Petrina</Name>
							<!-- <RouteRef version="any" ref="ao:K66_out"/> -->
							<DirectionType>outbound</DirectionType>
							<journeyPatterns>
								<ServiceJourneyPatternRef version="any" ref="ao:ServiceJourneyPattern:sjp_24o"/>
							</journeyPatterns>
							<pointsInSequence>
								<StopPointInJourneyPattern version="any" order="1" id="ao:K66_outbound_24o_01">
									<ScheduledStopPointRef version="any" ref="ao:Briga-p"/>
									<ForAlighting>false</ForAlighting>
								</StopPointInJourneyPattern>
								<StopPointInJourneyPattern version="any" order="2" id="ao:K66_outbound_24o_02">
									<ScheduledStopPointRef version="any" ref="ao:Banjaloka-p"/>
								</StopPointInJourneyPattern>
								<StopPointInJourneyPattern version="any" order="3" id="ao:K66_outbound_24o_03">
									<ScheduledStopPointRef version="any" ref="ao:NovaSela-p"/>
									<ForBoarding>false</ForBoarding>
								</StopPointInJourneyPattern>
							</pointsInSequence>
						</ServicePattern>
					</servicePatterns>
					<!--- =========TIMING POINTs============ -->
					<timingPoints>
						<!--
    The TIMING PATTERN has   three intermediate TIMING POINTs which are not SCHEDULED STOP POINTs, as well as the three     SCHEDULED STOP POINTs
			  A - a_t1- a_t2 - B  - b-t1- C
-->
						<TimingPoint version="any" id="ao:TimingPoint:Briga-p_t1">
							<Location>
								<Longitude>53.2000</Longitude>
								<Latitude>0.2000</Latitude>
							</Location>
							<TimingPointStatus>timingPoint</TimingPointStatus>
						</TimingPoint>
						<TimingPoint version="any" id="ao:TimingPoint:Briga-p_t2">
							<Location>
								<Longitude>53.3000</Longitude>
								<Latitude>0.3000</Latitude>
							</Location>
							<TimingPointStatus>timingPoint</TimingPointStatus>
						</TimingPoint>
						<TimingPoint version="any" id="ao:TimingPoint:Banjaloka-p_t3">
							<Location>
								<Longitude>53.4000</Longitude>
								<Latitude>0.4000</Latitude>
							</Location>
							<TimingPointStatus>timingPoint</TimingPointStatus>
						</TimingPoint>
					</timingPoints>
					<!--- =========TIMING LINKS=========== -->
					<timingLinks>
						<TimingLink version="any" id="ao:TimingLink:Briga-p_to_NovaSela-p">
							<Name>Overall timing Alpha  to  Charley reen</Name>
							<FromPointRef version="any" xsi:type="ScheduledStopPointRefStructure" ref="ao:Briga-p"/>
							<ToPointRef version="any" xsi:type="ScheduledStopPointRefStructure" ref="ao:NovaSela-p"/>
						</TimingLink>
						<TimingLink version="any" id="ao:TimingLink:Briga-p_to_Briga-p_t1">
							<Name> After Alpha   t1</Name>
							<FromPointRef version="any" xsi:type="ScheduledStopPointRefStructure" ref="ao:Briga-p"/>
							<ToPointRef version="any" xsi:type="TimingPointRefStructure" ref="ao:TimingPoint:Briga-p_t1"/>
						</TimingLink>
						<TimingLink version="any" id="ao:TimingLink:Briga-p_t1_to_Briga-p_t2">
							<Name>After Alpha   t1 to After Alpha  t2</Name>
							<FromPointRef version="any" xsi:type="TimingPointRefStructure" ref="ao:TimingPoint:Briga-p_t1"/>
							<ToPointRef version="any" xsi:type="TimingPointRefStructure" ref="ao:TimingPoint:Banjaloka-p_t3"/>
						</TimingLink>
						<TimingLink version="any" id="ao:TimingLink:Briga-p_t2_to_Banjaloka-p">
							<Name>After Alpha  t2 to Bravo</Name>
							<FromPointRef version="any" xsi:type="TimingPointRefStructure" ref="ao:TimingPoint:Briga-p_t2"/>
							<ToPointRef version="any" xsi:type="ScheduledStopPointRefStructure" ref="ao:Banjaloka-p"/>
						</TimingLink>
						<TimingLink version="any" id="ao:TimingLink:Banjaloka-p_to_Banjaloka-p_t3">
							<Name>Bravo to After Bravo t1</Name>
							<FromPointRef version="any" xsi:type="ScheduledStopPointRefStructure" ref="ao:Banjaloka-p"/>
							<ToPointRef version="any" xsi:type="TimingPointRefStructure" ref="ao:TimingPoint:Banjaloka-p_t3"/>
						</TimingLink>
						<TimingLink version="any" id="ao:TimingLink:Banjaloka-p_t3_to_NovaSela-p">
							<Name>After Bravo t1 to Charley</Name>
							<FromPointRef version="any" xsi:type="TimingPointRefStructure" ref="ao:TimingPoint:Banjaloka-p_t3"/>
							<ToPointRef version="any" xsi:type="ScheduledStopPointRefStructure" ref="ao:NovaSela-p"/>
						</TimingLink>
					</timingLinks>
					<!--- =========TIMING PATTERNs============ -->
					<timingPatterns>
						<TimingPattern version="any" id="ao:TimingPattern:tp_24o">
							<Name>Route 24</Name>
							<RouteRef version="any" ref="ao:Route:RT_24o"/>
							<DirectionType>outbound</DirectionType>
							<pointsInSequence>
								<TimingPointInJourneyPattern version="any" order="1" id="ao:TimingPointInJourneyPattern:tpijp_24o_01">
									<TimingPointRef version="any" xsi:type="ScheduledStopPointRefStructure" ref="ao:Briga-p"/>
									<OnwardTimingLinkRef version="any" ref="ao:TimingLink:Briga-p_to_Briga-p_t1"/>
								</TimingPointInJourneyPattern>
								<TimingPointInJourneyPattern version="any" order="2" id="ao:TimingPointInJourneyPattern:tpijp_24o_02">
									<TimingPointRef version="any" xsi:type="TimingPointRefStructure" ref="ao:TimingPoint:Briga-p_t1"/>
									<OnwardTimingLinkRef version="any" ref="ao:TimingLink:Briga-p_t1_to_Briga-p_t2"/>
								</TimingPointInJourneyPattern>
								<TimingPointInJourneyPattern version="any" order="3" id="ao:TimingPointInJourneyPattern:tpijp_24o_03">
									<TimingPointRef version="any" xsi:type="TimingPointRefStructure" ref="ao:TimingPoint:Briga-p_t2"/>
									<OnwardTimingLinkRef version="any" ref="ao:TimingLink:Briga-p_t2_to_Banjaloka-p"/>
								</TimingPointInJourneyPattern>
								<TimingPointInJourneyPattern version="any" order="4" id="ao:TimingPointInJourneyPattern:tpijp_24o_04">
									<TimingPointRef version="any" xsi:type="TimingPointRefStructure" ref="ao:Banjaloka-p"/>
									<OnwardTimingLinkRef version="any" ref="ao:TimingLink:Banjaloka-p_to_Banjaloka-p_t3"/>
								</TimingPointInJourneyPattern>
								<TimingPointInJourneyPattern version="any" order="5" id="ao:TimingPointInJourneyPattern:tpijp_24o_05">
									<TimingPointRef version="any" xsi:type="TimingPointRefStructure" ref="ao:TimingPoint:Banjaloka-p_t3"/>
									<OnwardTimingLinkRef version="any" ref="ao:TimingLink:Banjaloka-p_t3_to_NovaSela-p"/>
								</TimingPointInJourneyPattern>
								<TimingPointInJourneyPattern version="any" order="6" id="ao:TimingPointInJourneyPattern:tpijp_24o_06">
									<TimingPointRef version="any" ref="ao:NovaSela-p"/>
								</TimingPointInJourneyPattern>
							</pointsInSequence>
						</TimingPattern>
					</timingPatterns>
					<!--- ======JOURNEY PATTERNs=========== -->
					<journeyPatterns>
						<ServiceJourneyPattern version="any" id="ao:ServiceJourneyPattern:sjp_24o">
							<Name>Alpha to Charley - All POINTs</Name>
							<RouteRef version="any" ref="ao:Route:RT_24o"/>
							<DirectionType>outbound</DirectionType>
							<runTimes>
								<JourneyPatternRunTime version="any" id="ao:JourneyPatternRunTime:jprt_24o1_Briga-p_to_NovaSela-p">
									<TimeDemandTypeRef version="any" ref="ao:TimeDemandType:tdt_01"/>
									<TimingLinkRef version="any" ref="ao:TimingLink:Briga-p_to_NovaSela-p"/>
									<RunTime>PT70M</RunTime>
								</JourneyPatternRunTime>
							</runTimes>
							<pointsInSequence>
								<StopPointInJourneyPattern version="any" order="1" id="ao:StopPointInJourneyPattern:pijp_24o_01">
									<ScheduledStopPointRef version="any" ref="ao:Briga-p"/>
								</StopPointInJourneyPattern>
								<TimingPointInJourneyPattern version="any" order="2" id="ao:TimingPointInJourneyPattern:pijp_24o_02">
									<TimingPointRef version="any" xsi:type="TimingPointRefStructure" ref="ao:TimingPoint:Briga-p_t1"/>
									<!--
									<noticeAssignments>
										<NoticeAssignment version="any" id="ao:NoticeAssignment:pijp_24o_02" order="1">
											<Name>Next Stop Announcement for Briga-p</Name>
											<NoticeRef version="any" ref="ao:Notice:Nxa_Briga-p"/>
											<Advertised>true</Advertised>
										</NoticeAssignment>
									</noticeAssignments>
									-->
								</TimingPointInJourneyPattern>
								<TimingPointInJourneyPattern version="any" order="3" id="ao:TimingPointInJourneyPattern:pijp_24o_03">
									<TimingPointRef version="any" xsi:type="TimingPointRefStructure" ref="ao:TimingPoint:Briga-p_t2"/>
								</TimingPointInJourneyPattern>
								<StopPointInJourneyPattern version="any" order="4" id="ao:StopPointInJourneyPattern:pijp_24o_04">
									<ScheduledStopPointRef version="any" ref="ao:Banjaloka-p"/>
									<!--
									<noticeAssignments>
										<NoticeAssignment version="any" id="ao:NoticeAssignment:pijp_24o_04" order="1">
											<Name>Next Stop Announcement for Banjaloka-p</Name>
											<NoticeRef version="any" ref="ao:Notice:Nxa_Banjaloka-p"/>
											<Advertised>true</Advertised>
										</NoticeAssignment>
									</noticeAssignments>
									-->
								</StopPointInJourneyPattern>
								<TimingPointInJourneyPattern version="any" order="5" id="ao:TimingPointInJourneyPattern:tpip_24o_05">
									<TimingPointRef version="any" xsi:type="TimingPointRefStructure" ref="ao:TimingPoint:Banjaloka-p_t3"/>
								</TimingPointInJourneyPattern>
								<StopPointInJourneyPattern version="any" order="6" id="ao:StopPointInJourneyPattern:tpip_24o_06">
									<ScheduledStopPointRef version="any" ref="ao:NovaSela-p"/>
									<!--
									<noticeAssignments>
										<NoticeAssignment version="any" id="ao:NoticeAssignment:tpip_24o_06" order="1">
											<Name>Next Stop Announcement for NovaSela-p</Name>
											<NoticeRef version="any" ref="ao:Notice:Nxa_NovaSela-p"/>
											<Advertised>true</Advertised>
										</NoticeAssignment>
									</noticeAssignments>
									-->
								</StopPointInJourneyPattern>
							</pointsInSequence>
							<linksInSequence>
								<ServiceLinkInJourneyPattern version="any" order="1" id="ao:LinkInJourneyPattern:lijp_24o_01">
									<ServiceLinkRef version="any" ref="ao:Briga-p_to_Banjaloka-p"/>
								</ServiceLinkInJourneyPattern>
								<ServiceLinkInJourneyPattern version="any" order="2" id="ao:LinkInJourneyPattern:lijp_24o_02">
									<ServiceLinkRef version="any" ref="ao:Banjaloka-p_to_NovaSela-p"/>
								</ServiceLinkInJourneyPattern>
							</linksInSequence>
						</ServiceJourneyPattern>
					</journeyPatterns>
					<!--- ======TIME DEMAND TYPEs========= -->
					<timeDemandTypes>
						<!--			01			02
	A	d		14:00	 	1500
	  t1										+10m	RUN TIME
	  t2										+10m	RUN TIME
	B	a		14:30		15:30 		+10m	RUN TIME
	B	d		14:32	...	15:32 		+2m	 	WAIT TIME
	  t1										+180m	 RUN TIME .
	C	d		15:10		16:10		.+20m	RUN TIME
												+70m	 JOURNEY PATTERN RUN TIME  -->
						<TimeDemandType version="any" id="ao:TimeDemandType:tdt_01">
							<Name>Normal Day</Name>
							<runTimes>
								<JourneyRunTime version="any" id="ao:JourneyRunTime:tdtr_TD01_Briga-p_to_Briga-p_t1">
									<TimingLinkRef version="any" ref="ao:TimingLink:Briga-p_to_Briga-p_t1"/>
									<RunTime>PT10M</RunTime>
								</JourneyRunTime>
								<JourneyRunTime version="any" id="ao:JourneyRunTime:tdtr_TD01_Briga-p_t1_to_Briga-p_t2">
									<TimingLinkRef version="any" ref="ao:TimingLink:Briga-p_t1_to_Briga-p_t2"/>
									<RunTime>PT10M</RunTime>
								</JourneyRunTime>
								<JourneyRunTime version="any" id="ao:JourneyRunTime:tdtr_TD01_Briga-p_t2_to_Banjaloka-p">
									<TimingLinkRef version="any" ref="ao:TimingLink:Briga-p_t2_to_Banjaloka-p"/>
									<RunTime>PT10M</RunTime>
								</JourneyRunTime>
								<JourneyRunTime version="any" id="ao:JourneyRunTime:tdtr_TD01_Banjaloka-p_to_Banjaloka-p_t3">
									<TimingLinkRef version="any" ref="ao:TimingLink:Banjaloka-p_to_Banjaloka-p_t3"/>
									<RunTime>PT18M</RunTime>
								</JourneyRunTime>
								<JourneyRunTime version="any" id="ao:JourneyRunTime:tdtr_TD01_Banjaloka-p_t3_to_NovaSela-p">
									<TimingLinkRef version="any" ref="ao:TimingLink:Banjaloka-p_t3_to_NovaSela-p"/>
									<RunTime>PT20M</RunTime>
								</JourneyRunTime>
							</runTimes>
							<waitTimes>
								<JourneyWaitTime version="any" id="ao:JourneyWaitTime:tdwt_24o1_Banjaloka-p">
									<Name>Wait at Stop B</Name>
									<ScheduledStopPointRef version="any" ref="ao:Banjaloka-p"/>
									<WaitTime>PT2M</WaitTime>
								</JourneyWaitTime>
							</waitTimes>
						</TimeDemandType>
					</timeDemandTypes>
					<timeDemandTypeAssignments>
						<TimeDemandTypeAssignment version="any" id="ao:TimeDemandTypeAssignment:TA_001" order="1">
							<TimeDemandTypeRef version="any" ref="ao:TimeDemandType:tdt_01"/>
							<TimebandRef ref="ao:Timeband:tdt_01"/>
							<GroupOfTimingLinksRef version="any" ref="ao:GroupOfLinks:Bogus"/>
						</TimeDemandTypeAssignment>
					</timeDemandTypeAssignments>
					<timingLinkGroups>
						<GroupOfLinks version="any" id="ao:GroupOfLinks:Bogus">
							<Name>bogus group</Name>
							<members>
								<TimingLinkRef version="any" ref="ao:TimingLink:Briga-p_t2_to_Banjaloka-p"/>
								<TimingLinkRef version="any" ref="ao:TimingLink:Banjaloka-p_to_Banjaloka-p_t3"/>
							</members>
						</GroupOfLinks>
					</timingLinkGroups>
				</ServiceFrame>
				<!-- ======TIMETABLE ======= -->
				<TimetableFrame version="1" id="ao:TimetableFrame:TIM_23_O">
					<validityConditions>
						<AvailabilityCondition version="any" id="ao:AvailabilityCondition:Cnd001">
							<Description>Sept  to April</Description>
							<FromDate>2009-01-01T00:00:00Z</FromDate>
							<ToDate>2009-12-31T00:00:00Z</ToDate>
						</AvailabilityCondition>
					</validityConditions>
					<Name>Winter timetable for route 66 outbound</Name>
					<VehicleModes>bus</VehicleModes>
					<vehicleJourneys>
						<ServiceJourney version="any" id="ao:K66_outbound_01">
							<DepartureTime>14:20:00.0Z</DepartureTime>
							<dayTypes>
								<DayTypeRef version="any" ref="ao:DayType:DT_02-Everyday-NotHoliday"/>
								<DayTypeRef version="any" ref="ao:DayType:DT_ChristmasEve"/>
								<DayTypeRef version="any" ref="ao:DayType:DT_ChristmasDay"/>
								<DayTypeRef version="any" ref="ao:DayType:DT_ChristmasDayDisplacement"/>
								<DayTypeRef version="any" ref="ao:DayType:DT_NewYearsEve"/>
								<DayTypeRef version="any" ref="ao:DayType:DT_NewYearsDay"/>
								<DayTypeRef version="any" ref="ao:DayType:DT_2ndJanuary"/>
								<DayTypeRef version="any" ref="ao:DayType:DT_GoodFriday"/>
								<DayTypeRef version="any" ref="ao:DayType:DT_EasterSunday"/>
								<DayTypeRef version="any" ref="ao:DayType:DT_EasterMonday"/>
							</dayTypes>
							<ServicePatternRef version="any" ref="ao:K66_outbound"/>
							<TimeDemandTypeRef version="any" ref="ao:TimeDemandType:tdt_01"/>
							<BlockRef ref="ao:Block:BLK_24o5">EXTERNAL</BlockRef>
							<!-- <LineRef version="any" ref="ao:Line:LN_24"/> -->
							<JourneyPatternView>
								<RouteRef version="any" ref="ao:Route:RT_24o"/>
								<DirectionType>outbound</DirectionType>
								<DestinationDisplayRef version="any" ref="ao:DestinationDisplay:DST_Charley"/>
							</JourneyPatternView>
							<runTimes>
								<VehicleJourneyRunTime id="ao:VehicleJourneyRunTime:vjrt_sj_24o_01">
									<Name>Overall run time</Name>
									<TimeDemandTypeRef version="any" ref="ao:TimeDemandType:tdt_01"/>
									<TimingLinkRef version="any" ref="ao:TimingLink:Briga-p_to_NovaSela-p"/>
									<RunTime>PT70M</RunTime>
								</VehicleJourneyRunTime>
							</runTimes>
							<calls>
								<Call id="ao:K66_outbound_01_001" version="any" order="1">
									<ScheduledStopPointRef version="any" ref="ao:Briga-p"/>
									<OnwardTimingLinkView>
										<TimingLinkRef version="any" ref="ao:TimingLink:Briga-p_to_Briga-p_t1"/>
										<ToPointRef version="any" ref="ao:TimingPoint:Briga-p_t1"/>
									</OnwardTimingLinkView>
									<OnwardServiceLinkRef version="any" ref="ao:Briga-p_to_Banjaloka-p"/>
									<Arrival>
										<ForAlighting>false</ForAlighting>
									</Arrival>
									<Departure>
										<Time>14:00:00.0Z</Time>
									</Departure>
								</Call>
								<Call id="ao:K66_outbound_01_002" version="any" order="2">
									<ScheduledStopPointRef version="any" ref="ao:Banjaloka-p"/>
									<OnwardTimingLinkView>
										<TimingLinkRef version="any" ref="ao:TimingLink:Banjaloka-p_to_Banjaloka-p_t3"/>
										<ToPointRef version="any" xsi:type="TimingPointRefStructure" ref="ao:TimingPoint:Banjaloka-p_t3"/>
									</OnwardTimingLinkView>
									<OnwardServiceLinkRef version="any" ref="ao:Banjaloka-p_to_NovaSela-p"/>
									<Arrival>
										<Time>14:30:00.0Z</Time>
									</Arrival>
									<Departure>
										<Time>14:32:00.0Z</Time>
										<WaitTime>PT2M</WaitTime>
									</Departure>
									<Note>Arrival at Terminus</Note>
								</Call>
								<Call id="ao:K66_outbound_01_003" version="any" order="3">
									<ScheduledStopPointRef version="any" ref="ao:NovaSela-p"/>
									<Arrival>
										<Time>15:10:00.0Z</Time>
									</Arrival>
									<Departure>
										<ForBoarding>false</ForBoarding>
									</Departure>
								</Call>
							</calls>
						</ServiceJourney>
						<ServiceJourney version="any" id="ao:K66_inbound_02">
							<DepartureTime>15:20:00.0Z</DepartureTime>
							<dayTypes>
								<DayTypeRef version="any" ref="ao:DayType:DT_01-MF-NotHoliday"/>
							</dayTypes>
							<!-- <ServicePatternRef version="any" ref="ao:K66_inbound"/> -->
							<TimeDemandTypeRef version="any" ref="ao:TimeDemandType:tdt_01"/>
							<BlockRef ref="ao:Block:BLK_24o8">EXTERNAL</BlockRef>
							<!-- <LineRef version="any" ref="ao:Line:LN_24"/> -->
							<JourneyPatternView>
								<RouteRef version="any" ref="ao:Route:RT_24o"/>
								<DirectionType>inbound</DirectionType>
								<DestinationDisplayRef version="any" ref="ao:DestinationDisplay:DST_Charley"/>
							</JourneyPatternView>
							<runTimes>
								<VehicleJourneyRunTime id="ao:VehicleJourneyRunTime:vjrt_sj_24o_02">
									<Name>Overall run time</Name>
									<TimeDemandTypeRef version="any" ref="ao:TimeDemandType:tdt_01"/>
									<TimingLinkRef version="any" ref="ao:TimingLink:Briga-p_to_NovaSela-p"/>
									<RunTime>PT70M</RunTime>
								</VehicleJourneyRunTime>
							</runTimes>
							<calls>
								<Call id="ao:K66_inbound_02_001" version="any" order="1">
									<ScheduledStopPointRef version="any" ref="ao:Briga-p"/>
									<OnwardTimingLinkView>
										<TimingLinkRef version="any" ref="ao:TimingLink:Briga-p_to_Briga-p_t1"/>
										<ToPointRef version="any" xsi:type="TimingPointRefStructure" ref="ao:TimingPoint:Briga-p_t1"/>
									</OnwardTimingLinkView>
									<OnwardServiceLinkRef version="any" ref="ao:Briga-p_to_Banjaloka-p"/>
									<Arrival>
										<ForAlighting>false</ForAlighting>
									</Arrival>
									<Departure>
										<Time>15:00:00.0Z</Time>
									</Departure>
									<vias>
										<Via>
											<DestinationDisplayRef version="any" ref="ao:DestinationDisplay:DST_Bravo"/>
										</Via>
									</vias>
									<ChangeOfDestinationDisplay>false</ChangeOfDestinationDisplay>
								</Call>
								<Call id="ao:K66_inbound_02_002" version="any" order="2">
									<ScheduledStopPointRef version="any" ref="ao:Banjaloka-p"/>
									<OnwardTimingLinkView>
										<TimingLinkRef version="any" ref="ao:TimingLink:Banjaloka-p_to_Banjaloka-p_t3"/>
										<ToPointRef version="any" ref="ao:TimingPoint:Banjaloka-p_t3"/>
									</OnwardTimingLinkView>
									<OnwardServiceLinkRef version="any" ref="ao:Banjaloka-p_to_NovaSela-p"/>
									<Arrival>
										<Time>15:30:00.0Z</Time>
									</Arrival>
									<Departure>
										<Time>15:32:00.0Z</Time>
										<WaitTime>PT2M</WaitTime>
									</Departure>
								</Call>
								<Call id="ao:K66_inbound_02_003" version="any" order="3">
									<ScheduledStopPointRef version="any" ref="ao:NovaSela-p"/>
									<Arrival>
										<Time>16:10:00.0Z</Time>
									</Arrival>
									<Departure>
										<ForBoarding>false</ForBoarding>
									</Departure>
								</Call>
							</calls>
							<facilities>
								<ServiceFacilitySetRef version="any" ref="ao:ServiceFacilitySet:sfs_24o_01"/>
							</facilities>
						</ServiceJourney>
					</vehicleJourneys>
					<serviceFacilitySets>
						<ServiceFacilitySet version="any" id="ao:ServiceFacilitySet:sfs_24o_01">
							<ProvidedByRef ref="xyz:Operator:4567">EXTERNAL</ProvidedByRef>
							<AssistanceFacilityList>boardingAssistance conductor wheechairAssistance</AssistanceFacilityList>
							<FareClasses>standardClass</FareClasses>
							<MobilityFacilityList> stepFreeAccess suitableForWheelchairs</MobilityFacilityList>
							<NuisanceFacilityList>noSmoking</NuisanceFacilityList>
							<PassengerInformationFacilityList>nextStopIndicator   realTimeConnections stopAnnouncements</PassengerInformationFacilityList>
							<TicketingServiceFacilityList> purchase </TicketingServiceFacilityList>
							<LuggageCarriageFacilityList> noBaggageStorage</LuggageCarriageFacilityList>
						</ServiceFacilitySet>
					</serviceFacilitySets>
				</TimetableFrame>
				<!--  Service Calendar Nov 2010   COMPACT Coding  === -->
				<ServiceCalendarFrame version="1" id="ao:ServiceCalendarFrame:CAL_02">
					<Name>Service Calendar Nov to April 2010  (Compact Coding) </Name>
					<ServiceCalendar version="any" id="ao:ServiceCalendar:CAL_02">
						<FromDate>2010-11-01</FromDate>
						<ToDate>2010-11-14</ToDate>
					</ServiceCalendar>
					<dayTypes>
						<DayType version="any" id="ao:DayType:DT_01-MF-NotHoliday">
							<Name>Weekdays unless a holiday</Name>
							<properties>
								<PropertyOfDay>
									<DaysOfWeek>Monday Tuesday Wednesday Thursday Friday</DaysOfWeek>
									<HolidayTypes>NotHoliday</HolidayTypes>
								</PropertyOfDay>
							</properties>
						</DayType>
						<DayType version="any" id="ao:DayType:DT_02-Everyday-NotHoliday">
							<Name>Everyday unless a holiday</Name>
							<properties>
								<PropertyOfDay>
									<DaysOfWeek>Everyday</DaysOfWeek>
									<HolidayTypes>NotHoliday</HolidayTypes>
								</PropertyOfDay>
							</properties>
						</DayType>
						<DayType version="any" id="ao:DayType:DT_03-WE-NotHoliday">
							<Name>Weekends unless a holiday</Name>
							<properties>
								<PropertyOfDay>
									<DaysOfWeek>Saturday Sunday</DaysOfWeek>
									<HolidayTypes>NotHoliday</HolidayTypes>
								</PropertyOfDay>
							</properties>
						</DayType>
						<DayType version="any" id="ao:DayType:DT_04-AA-NotHoliday">
							<Name>Holidays</Name>
							<properties>
								<PropertyOfDay>
									<DaysOfWeek>Everyday</DaysOfWeek>
									<HolidayTypes>AnyHoliday</HolidayTypes>
								</PropertyOfDay>
							</properties>
						</DayType>
						<!-- === holidays ==== -->
						<DayType version="any" id="ao:DayType:DT_ChristmasEve">
							<Name>Christmas Ev e  </Name>
							<properties>
								<PropertyOfDay>
									<DayOfYear>--12-24</DayOfYear>
									<HolidayTypes>  EveOfHoliday</HolidayTypes>
								</PropertyOfDay>
							</properties>
						</DayType>
						<DayType version="any" id="ao:DayType:DT_ChristmasDay">
							<Name>Christmas Day  </Name>
							<properties>
								<PropertyOfDay>
									<DayOfYear>--12-25</DayOfYear>
									<HolidayTypes>NationalHoliday</HolidayTypes>
								</PropertyOfDay>
							</properties>
						</DayType>
						<DayType version="any" id="ao:DayType:DT_ChristmasDayDisplacement">
							<Name>Christmas Day Displacement holidday </Name>
							<properties>
								<PropertyOfDay>
									<DaysOfWeek>Monday   Tuesday Wednesday Thursday Friday</DaysOfWeek>
									<HolidayTypes>  HolidayDisplacementDay</HolidayTypes>
								</PropertyOfDay>
							</properties>
						</DayType>
						<!-- === holidays New year==== -->
						<DayType version="any" id="ao:DayType:DT_NewYearsEve">
							<Name>NewYear's Eve  </Name>
							<properties>
								<PropertyOfDay>
									<DayOfYear>--12-31</DayOfYear>
									<HolidayTypes>  EveOfHoliday</HolidayTypes>
								</PropertyOfDay>
							</properties>
						</DayType>
						<DayType version="any" id="ao:DayType:DT_NewYearsDay">
							<Name>NewYear's  Day  </Name>
							<properties>
								<PropertyOfDay>
									<DayOfYear>--01-01</DayOfYear>
									<HolidayTypes>NationalHoliday </HolidayTypes>
								</PropertyOfDay>
							</properties>
						</DayType>
						<DayType version="any" id="ao:DayType:DT_2ndJanuary">
							<Name>2nd January Holiday (Scotland)  </Name>
							<properties>
								<PropertyOfDay>
									<DayOfYear>--02-01</DayOfYear>
									<HolidayTypes>RegionalHoliday </HolidayTypes>
								</PropertyOfDay>
							</properties>
						</DayType>
						<DayType version="any" id="ao:DayType:DT_NewYearsDayDisplacement">
							<Name>NewYear's  Day Displacement holiday </Name>
							<properties>
								<PropertyOfDay>
									<DaysOfWeek>Monday   Tuesday Wednesday Thursday Friday</DaysOfWeek>
									<HolidayTypes>  HolidayDisplacementDay</HolidayTypes>
								</PropertyOfDay>
							</properties>
						</DayType>
						<!-- === holidays Easter year==== -->
						<DayType version="any" id="ao:DayType:DT_GoodFriday">
							<Name>Good Friday </Name>
							<properties>
								<PropertyOfDay>
									<DaysOfWeek>Friday</DaysOfWeek>
									<HolidayTypes>  NationalHoliday</HolidayTypes>
								</PropertyOfDay>
							</properties>
						</DayType>
						<DayType version="any" id="ao:DayType:DT_EasterSunday">
							<Name>Easter Sunday  </Name>
							<properties>
								<PropertyOfDay>
									<DaysOfWeek>Sunday</DaysOfWeek>
									<HolidayTypes>NationalHoliday</HolidayTypes>
								</PropertyOfDay>
							</properties>
						</DayType>
						<DayType version="any" id="ao:DayType:DT_EasterMonday">
							<Name>Easter Monday</Name>
							<properties>
								<PropertyOfDay>
									<DaysOfWeek>Monday  </DaysOfWeek>
									<HolidayTypes>  NationalHoliday</HolidayTypes>
								</PropertyOfDay>
							</properties>
						</DayType>
					</dayTypes>
					<operatingDays>
						<OperatingDay version="any" id="ao:OperatingDay:OD_2010-11-01">
							<CalendarDate>2010-11-01</CalendarDate>
							<Name>Monday 2010-11-01</Name>
							<EarliestTime>02:00:00</EarliestTime>
							<DayLength>PT24H</DayLength>
						</OperatingDay>
						<OperatingDay version="any" id="ao:OperatingDay:OD_2011-04-30">
							<CalendarDate>2011-04-30</CalendarDate>
							<Name>Saturday 2011-04-30</Name>
							<EarliestTime>02:00:00</EarliestTime>
							<DayLength>PT24H</DayLength>
						</OperatingDay>
					</operatingDays>
					<operatingPeriods>
						<OperatingPeriod version="any" id="ao:OperatingPeriod:op_010">
							<Name>WInter 2011</Name>
							<FromOperatingDayRef version="any" ref="ao:OperatingDay:OD_2010-11-01"/>
							<ToOperatingDayRef version="any" ref="ao:OperatingDay:OD_2011-04-30"/>
							<HolidayType>NotHoliday</HolidayType>
							<Season>Winter</Season>
						</OperatingPeriod>
					</operatingPeriods>
					<dayTypeAssignments>
						<DayTypeAssignment version="any" order="1" id="ao:DayTypeAssignment:DayAsgn_2010-11-01">
							<Description>Monday 2010-11-01</Description>
							<OperatingDayRef version="any" ref="ao:OperatingDay:OD_2010-11-01"/>
							<DayTypeRef version="any" ref="ao:DayType:DT_01-MF-NotHoliday"/>
						</DayTypeAssignment>
						<DayTypeAssignment version="any" order="1" id="ao:DayTypeAssignment:DayAsgn_2010-11-02">
							<Description>Tuesday 2010-11-02</Description>
							<Date>2010-11-02</Date>
							<DayTypeRef version="any" ref="ao:DayType:DT_01-MF-NotHoliday"/>
						</DayTypeAssignment>
						<DayTypeAssignment version="any" order="1" id="ao:DayTypeAssignment:DayAsgn_2010-11-03">
							<Description>Wednesday 2010-11-03</Description>
							<Date>2010-11-03</Date>
							<DayTypeRef version="any" ref="ao:DayType:DT_01-MF-NotHoliday"/>
						</DayTypeAssignment>
						<DayTypeAssignment version="any" order="1" id="ao:DayTypeAssignment:DayAsgn_2010-11-04">
							<Description>Thusday 2010-11-04</Description>
							<Date>2010-11-04</Date>
							<DayTypeRef version="any" ref="ao:DayType:DT_01-MF-NotHoliday"/>
						</DayTypeAssignment>
						<DayTypeAssignment version="any" order="1" id="ao:DayTypeAssignment:DayAsgn_2010-11-05">
							<Description>MFriday 2010-11-05</Description>
							<Date>2010-11-05</Date>
							<DayTypeRef version="any" ref="ao:DayType:DT_01-MF-NotHoliday"/>
						</DayTypeAssignment>
						<DayTypeAssignment version="any" order="1" id="ao:DayTypeAssignment:DayAsgn_2010-11-06">
							<Description>Saturday 2010-11-06</Description>
							<Date>2010-11-06</Date>
							<DayTypeRef version="any" ref="ao:DayType:DT_03-WE-NotHoliday"/>
						</DayTypeAssignment>
						<DayTypeAssignment version="any" order="1" id="ao:DayTypeAssignment:DayAsgn_2010-11-07">
							<Description>Sunday 2010-11-07</Description>
							<Date>2010-11-07</Date>
							<DayTypeRef version="any" ref="ao:DayType:DT_03-WE-NotHoliday"/>
						</DayTypeAssignment>
						<!-- Week 2 -->
						<DayTypeAssignment version="any" order="1" id="ao:DayTypeAssignment:DayAsgn_2010-11-08">
							<Description>Monday 2010-11-08</Description>
							<Date>2010-11-08</Date>
							<DayTypeRef version="any" ref="ao:DayType:DT_01-MF-NotHoliday"/>
						</DayTypeAssignment>
						<DayTypeAssignment version="any" order="1" id="ao:DayTypeAssignment:DayAsgn_2010-11-09">
							<Description>Tuesday 2010-11-09</Description>
							<Date>2010-11-09</Date>
							<DayTypeRef version="any" ref="ao:DayType:DT_01-MF-NotHoliday"/>
						</DayTypeAssignment>
						<DayTypeAssignment version="any" order="1" id="ao:DayTypeAssignment:DayAsgn_2010-11-10">
							<Description>Wednesday 2010-11-10</Description>
							<Date>2010-11-10</Date>
							<DayTypeRef version="any" ref="ao:DayType:DT_01-MF-NotHoliday"/>
						</DayTypeAssignment>
						<DayTypeAssignment version="any" order="1" id="ao:DayTypeAssignment:DayAsgn_2010-11-11">
							<Description>Thusday 2010-11-11</Description>
							<Date>2010-11-11</Date>
							<DayTypeRef version="any" ref="ao:DayType:DT_01-MF-NotHoliday"/>
						</DayTypeAssignment>
						<DayTypeAssignment version="any" order="1" id="ao:DayTypeAssignment:DayAsgn_2010-11-12">
							<Description>MFriday 2010-11-12</Description>
							<Date>2010-11-12</Date>
							<DayTypeRef version="any" ref="ao:DayType:DT_01-MF-NotHoliday"/>
						</DayTypeAssignment>
						<DayTypeAssignment version="any" order="1" id="ao:DayTypeAssignment:DayAsgn_2010-11-13">
							<Description>Saturday 2010-11-13</Description>
							<Date>2010-11-13</Date>
							<DayTypeRef version="any" ref="ao:DayType:DT_03-WE-NotHoliday"/>
						</DayTypeAssignment>
						<DayTypeAssignment version="any" order="1" id="ao:DayTypeAssignment:DayAsgn_2010-11-14">
							<Description>Sunday 2010-11-14</Description>
							<Date>2010-11-14</Date>
							<DayTypeRef version="any" ref="ao:DayType:DT_03-WE-NotHoliday"/>
						</DayTypeAssignment>
						<!--  etc etc


===  Holidays =====   -->
						<DayTypeAssignment version="any" order="1" id="ao:DayTypeAssignment:DayAsgn_2010-12-24">
							<Description>Sunday 2010-12-24</Description>
							<Date>2010-12-31</Date>
							<DayTypeRef version="any" ref="ao:DayType:DT_ChristmasEve"/>
						</DayTypeAssignment>
						<DayTypeAssignment version="any" order="1" id="ao:DayTypeAssignment:DayAsgn_2010-12-25">
							<Description>Saturday 2010-12-25 Christams Day</Description>
							<Date>2010-12-25</Date>
							<DayTypeRef version="any" ref="ao:DayType:DT_ChristmasDay"/>
						</DayTypeAssignment>
						<DayTypeAssignment version="any" order="1" id="ao:DayTypeAssignment:DayAsgn_2010-12-27">
							<Description>Monday 2010-12-27 (Christjmas Day displacement holiday)</Description>
							<Date>2010-12-27</Date>
							<DayTypeRef version="any" ref="ao:DayType:DT_ChristmasDayDisplacement"/>
						</DayTypeAssignment>
						<DayTypeAssignment version="any" order="1" id="ao:DayTypeAssignment:DayAsgn_2010-12-31">
							<Description>Friday 2010-12-31  New Years eve</Description>
							<Date>2010-12-31</Date>
							<DayTypeRef version="any" ref="ao:DayType:DT_NewYearsEve"/>
						</DayTypeAssignment>
						<DayTypeAssignment version="any" order="1" id="ao:DayTypeAssignment:DayAsgn_2011-01-01">
							<Description>Saturday  2011-01-01 New Years day</Description>
							<Date>2011-01-01</Date>
							<DayTypeRef version="any" ref="ao:DayType:DT_NewYearsDay"/>
						</DayTypeAssignment>
						<DayTypeAssignment version="any" order="1" id="ao:DayTypeAssignment:DayAsgn_2011-01-03">
							<Description>Satuurday  2011-01-03 New Years day displacement</Description>
							<Date>2011-01-03</Date>
							<DayTypeRef version="any" ref="ao:DayType:DT_NewYearsDayDisplacement"/>
						</DayTypeAssignment>
						<DayTypeAssignment version="any" order="1" id="ao:DayTypeAssignment:DayAsgn_&gt;2011-04-22">
							<Description>Friday 2011-04-22 Good Friday</Description>
							<Date>2011-04-22</Date>
							<DayTypeRef version="any" ref="ao:DayType:DT_GoodFriday"/>
						</DayTypeAssignment>
						<DayTypeAssignment version="any" order="1" id="ao:DayTypeAssignment:DayAsgn_&gt;2011-04-24">
							<Description>Sunday 2011-04-24 Easter Sunday</Description>
							<Date>2011-04-24</Date>
							<DayTypeRef version="any" ref="ao:DayType:DT_EasterSunday"/>
						</DayTypeAssignment>
						<DayTypeAssignment version="any" order="1" id="ao:DayTypeAssignment:DayAsgn_&gt;2011-04-25">
							<Description>Monday 2011-04-25 Easter Monday</Description>
							<Date>2011-04-25</Date>
							<DayTypeRef version="any" ref="ao:DayType:DT_EasterMonday"/>
						</DayTypeAssignment>
						<!--  etc etc
   -->
						<DayTypeAssignment version="any" order="1" id="ao:DayTypeAssignment:DayAsgn_2011-04-29">
							<Description>Friday2011-04-29</Description>
							<Date>2011-04-29</Date>
							<DayTypeRef version="any" ref="ao:DayType:DT_01-MF-NotHoliday"/>
						</DayTypeAssignment>
						<DayTypeAssignment version="any" order="1" id="ao:DayTypeAssignment:DayAsgn_2011-04-30">
							<Description>Saturday 2011-04-30</Description>
							<OperatingDayRef version="any" ref="ao:OperatingDay:OD_2011-04-30"/>
							<DayTypeRef version="any" ref="ao:DayType:DT_03-WE-NotHoliday"/>
						</DayTypeAssignment>
					</dayTypeAssignments>
				</ServiceCalendarFrame>
			</frames>
		</CompositeFrame>
	</dataObjects>
</PublicationDelivery>
