<?xml version="1.0" encoding="iso-8859-1"?>
<!-- ==== SImple Network Variant Example ====== 
This is variant on the multistep SImple Network Version example on versioning. 

      Step 5:  Create a separate version frame that has a different VALIDITY CONDITION
    
(C) 2010 Crown Copyright CEN
-->
<PublicationDelivery xmlns="http://www.netex.org.uk/netex" xmlns:siri="http://www.siri.org.uk/siri" xmlns:xsi="http://www.w3.org/2001/XMLSchema-instance" version="1.0" xsi:schemaLocation="http://www.netex.org.uk/netex ../../../xsd/NeTEx_publication.xsd">
	<PublicationTimestamp>2001-12-17T09:30:47.0Z</PublicationTimestamp>
	<ParticipantRef>SYS001</ParticipantRef>
	<PublicationRequest version="1.0">
		<RequestTimestamp>2001-12-17T09:30:47.0Z</RequestTimestamp>
		<ParticipantRef>SYS002</ParticipantRef>
	</PublicationRequest>
	<PublicationRefreshInterval>P1Y2M3DT10H30M0S</PublicationRefreshInterval>
	<dataObjects>
		<CompositeFrame version="any" id="mybus:CompositeFrame:CF1">
			<!--- ======= CODESPACEs======== -->
			<codespaces>
				<Codespace id="mybus">
					<Xmlns>mybus</Xmlns>
					<XmlnsUrl>http://www.mybuses.eu/stuff</XmlnsUrl>
					<Description>My buses</Description>
				</Codespace>
			</codespaces>
			<!--- =======FRAME DEFAULTS======== -->
			<FrameDefaults>
				<DefaultCodespaceRef ref="mybus"/>
			</FrameDefaults>
			<frames>
				<ServiceFrame version="001" id="mybus:ServiceFrame:ntwkf002">
					<serviceLinks>
						<ServiceLink version="001" created="2010-05-19T10:30:47.0Z" modification="new" id="mybus:ServiceLink:SL_AtoB01">
							<Name>Version one of Link from A to B</Name>
							<FromPointRef ref="mybus:ScheduledStopPoint:SSP0001A">EXTERNAL</FromPointRef>
							<ToPointRef ref="mybus:ScheduledStopPoint:SSP0002B">EXTERNAL</ToPointRef>
						</ServiceLink>
						<ServiceLink version="001" created="2010-05-21T10:30:51.0Z" modification="new" id="mybus:ServiceLink:SL_BtoC01">
							<Name>Version one of Link from B to C</Name>
							<FromPointRef ref="mybus:ScheduledStopPoint:SSP0002B">EXTERNAL</FromPointRef>
							<ToPointRef ref="mybus:ScheduledStopPoint:SSP0003C">EXTERNAL</ToPointRef>
						</ServiceLink>
						<ServiceLink version="001" created="2010-05-19T10:30:47.0Z" modification="new" id="mybus:ServiceLink:SL_AtoC01">
							<Name>Version one of Link from A to C</Name>
							<FromPointRef ref="mybus:ScheduledStopPoint:SSP0001A">EXTERNAL</FromPointRef>
							<ToPointRef ref="mybus:ScheduledStopPoint:SSP0003C">EXTERNAL</ToPointRef>
						</ServiceLink>
					</serviceLinks>
					<servicePatterns>
						<ServicePattern version="001" created="2010-05-21T10:30:51.0Z" modification="new" id="mybus:ServicePattern:SP001">
							<Name>From A to B to  C, Normal condiation </Name>
							<pointsInSequence>
								<StopPointInJourneyPattern version="001" id="mybus:StopPointInJourneyPattern:SP001_01" order="1">
									<ScheduledStopPointRef ref="mybus:ScheduledStopPoint:SSP0001A">EXTERNAL</ScheduledStopPointRef>
								</StopPointInJourneyPattern>
								<StopPointInJourneyPattern version="001" id="mybus:StopPointInJourneyPattern:SP001_02" order="2">
									<ScheduledStopPointRef ref="mybus:ScheduledStopPoint:SSP0002B">EXTERNAL</ScheduledStopPointRef>
								</StopPointInJourneyPattern>
								<StopPointInJourneyPattern version="001" id="mybus:StopPointInJourneyPattern:SP001_03" order="3">
									<ScheduledStopPointRef ref="mybus:ScheduledStopPoint:SSP0003C">EXTERNAL</ScheduledStopPointRef>
								</StopPointInJourneyPattern>
							</pointsInSequence>
						</ServicePattern>
						<ServicePattern version="001" created="2010-05-21T10:30:51.0Z" modification="new" id="mybus:ServicePattern:SP003">
							<Name>From A to C, direct - Icy conditions, omit B </Name>
							<pointsInSequence>
								<StopPointInJourneyPattern version="001" id="mybus:StopPointInJourneyPattern:SP003_01" order="1">
									<ScheduledStopPointRef ref="mybus:ScheduledStopPoint:SSP0001A"/>
								</StopPointInJourneyPattern>
								<StopPointInJourneyPattern version="001" id="mybus:StopPointInJourneyPattern:SP003_02" order="2">
									<ScheduledStopPointRef ref="mybus:ScheduledStopPoint:SSP0003C"/>
								</StopPointInJourneyPattern>
							</pointsInSequence>
						</ServicePattern>
					</servicePatterns>
				</ServiceFrame>
				<!--- =====NETWORK VERSIONChanges only ========== -->
				<GeneralFrame version="002" created="2010-05-17T09:30:47.0Z" changed="2010-05-21T10:30:51.0Z" modification="revise" responsibilitySetRef="mybus:ResponsibilitySet:RS_10" id="mybus:GeneralFrame:ntwkf002">
					<validityConditions>
						<AvailabilityCondition version="any" created="2010-05-18T10:30:47.0Z" modification="new" id="mybus:AvailabilityCondition:VC_ntwkf002_002_mf">
							<Description>Use when no ice</Description>
							<FromDate>2010-05-17T00:00:00Z</FromDate>
							<ToDate>2011-05-17T00:00:00Z</ToDate>
							<dayTypes>
								<DayTypeRef ref="mybus:DayType:DT001_MF">EXTERNAL</DayTypeRef>
							</dayTypes>
						</AvailabilityCondition>
					</validityConditions>
					<Name>ntwkf002  - Frame with SERVICE PATTERN for Normal conditions</Name>
					<BaselineVersionFrameRef version="001" ref="mybus:GeneralFrame"/>
					<members>
						<GeneralFrameMember modification="revise" id="mybus:GeneralFrameMember:ntwkf002_01">
							<ScheduledStopPointRef ref="mybus:ScheduledStopPoint:SSP0001A">EXTERNAL</ScheduledStopPointRef>
						</GeneralFrameMember>
						<GeneralFrameMember modification="revise" id="mybus:GeneralFrameMember:ntwkf002_02">
							<ScheduledStopPointRef ref="mybus:ScheduledStopPoint:SSP0001B">EXTERNAL</ScheduledStopPointRef>
						</GeneralFrameMember>
						<GeneralFrameMember modification="revise" id="mybus:GeneralFrameMember:ntwkf002_05">
							<ScheduledStopPointRef ref="mybus:ScheduledStopPoint:SSP0001C">EXTERNAL</ScheduledStopPointRef>
						</GeneralFrameMember>
						<GeneralFrameMember modification="revise" id="mybus:ntwkf002_03">
							<DayTypeRef ref="mybus:DayType:DT001_MF">EXTERNAL</DayTypeRef>
						</GeneralFrameMember>
						<GeneralFrameMember modification="revise" id="mybus:GeneralFrameMember:ntwkf002_04">
							<ServiceLinkRef version="001" ref="mybus:ServiceLink:SL_AtoB01"/>
						</GeneralFrameMember>
						<GeneralFrameMember modification="new " id="mybus:GeneralFrameMember:ntwkf002_06">
							<ServiceLinkRef version="001" ref="mybus:ServiceLink:SL_BtoC01"/>
						</GeneralFrameMember>
						<GeneralFrameMember id="mybus:GeneralFrameMember:ntwkf002_07">
							<ServicePatternRef version="001" ref="mybus:ServicePattern:SP001"/>
						</GeneralFrameMember>
					</members>
				</GeneralFrame>
				<GeneralFrame version="002" created="2010-05-17T09:30:47.0Z" changed="2010-05-21T10:30:51.0Z" modification="revise" responsibilitySetRef="mybus:ResponsibilitySet:RS_10" id="mybus:GeneralFrame:ntwkf003">
					<validityConditions>
						<ValidityRuleParameter version="any" created="2010-05-18T10:30:47.0Z" modification="new" responsibilitySetRef="mybus:ResponsibilitySet:RS_10" id="mybus:ValidityRuleParameter:VC_ntwkf003_002_icy">
							<Description>Use when Icy</Description>
							<RuleObjectRef nameOfRefClass="Weather" ref="Myobj:Cur001">EXTERNAL</RuleObjectRef>
							<AttributeName>roadCondition</AttributeName>
							<ComparisonOperator>EQ</ComparisonOperator>
							<AttributeValue>icy</AttributeValue>
						</ValidityRuleParameter>
						<AvailabilityCondition version="any" created="2010-05-18T10:30:47.0Z" modification="new" responsibilitySetRef="mybus:ResponsibilitySet:RS_10" id="mybus:AvailabilityCondition:VC_ntwkf003_002_mf">
							<Description>Use when winter MF</Description>
							<FromDate>2010-05-17T00:00:00Z</FromDate>
							<ToDate>2011-05-17T00:00:00Z</ToDate>
							<dayTypes>
								<DayTypeRef ref="mybus:DayType:DT001_MF"/>
							</dayTypes>
						</AvailabilityCondition>
					</validityConditions>
					<Name>ntwkf003 Different Frame  with a different condition - a different frame</Name>
					<BaselineVersionFrameRef version="001" ref="mybus:GeneralFrame:ntwkf001"/>
					<members>
						<GeneralFrameMember modification="revise" id="mybus:GeneralFrameMember:ntwkf003_01">
							<ScheduledStopPointRef ref="mybus:ScheduledStopPoint:SSP0001A"/>
						</GeneralFrameMember>
						<GeneralFrameMember modification="revise" id="mybus:GeneralFrameMember:ntwkf003_05">
							<ScheduledStopPointRef ref="mybus:ScheduledStopPoint:SSP0001C"/>
						</GeneralFrameMember>
						<GeneralFrameMember modification="revise" id="mybus:GeneralFrameMember:ntwkf003_03">
							<DayTypeRef ref="mybus:DayType:DT001_MF"/>
						</GeneralFrameMember>
						<GeneralFrameMember modification="revise" id="mybus:GeneralFrameMember:ntwkf003_04">
							<ServiceLinkRef version="001" ref="mybus:ServiceLink:SL_AtoC01"/>
						</GeneralFrameMember>
						<GeneralFrameMember id="mybus:GeneralFrameMember:ntwkf003_07">
							<ServicePatternRef ref="mybus:ServicePattern:SP002"/>
						</GeneralFrameMember>
					</members>
				</GeneralFrame>
			</frames>
		</CompositeFrame>
	</dataObjects>
</PublicationDelivery>
