<?xml version="1.0" encoding="UTF-8"?>
<!-- edited with XMLSpy v2011 rel. 2 sp1 (x64) (http://www.altova.com) by Christophe Duquesne (Aurige) -->
<!-- Cet exemple reprends le cas de l'arrêt Le Corbusier à Guyancourt (il s'agit de l'exemple figurant dans le document présentant le Modèle d'Arrêt Partagé proposé par l'AFIMB).
Cet exemple à pour vocation non seulement d'illustrer le Modèle d'Arrêt Partagé  et le profil national correspondant (Profil Arrêt naturellement complété des Éléments Partagés), mais aussi de servir de base et d'illustration au premier document concernant les règles de test et de validation des fichiers répondant au Profil Arrêt.


Les frames présents dans ce fichier sont:
- NETEX_ARRET
- NETEX_COMMUN
- NETEX_FRANCE (frame composite contenant, ici, les deux précédentes)

Pour NETEX_ARRET les classes présentes sont
-	STOP PLACE
-	QUAY
-	TOPOGRAPHIC PLACE
-	STOP PLACE ENTRANCE (non présent dans cet exemple)
-	GENERAL GROUP OF ENTITIES (non présent dans cet exemple)

Pour NETEX_COMMUN les classes présentes sont
-	VALIDITY CONDITION (AVAILABILITY CONDITION et VALIDITY TRIGGER)  (non présent dans cet exemple)
-	ALTERNATIVE NAME  (non présent dans cet exemple)
-	NOTICE  (non présent dans cet exemple)
-	NOTICE ASSIGNMENT  (non présent dans cet exemple)
-	RESPONSIBILITY ROLE ASSIGNMENT  (non présent dans cet exemple)
-	ORGANISATION
-	TYPE OF FRAME
-	TYPE OF VALUE spécifiques  (non présent dans cet exemple)

-->
<PublicationDelivery xmlns:acsb="http://www.ifopt.org.uk/acsb" xmlns:ifopt="http://www.ifopt.org.uk/ifopt" xmlns="http://www.netex.org.uk/netex" xmlns:gml="http://www.opengis.net/gml/3.2" xmlns:siri="http://www.siri.org.uk/siri" xmlns:xsi="http://www.w3.org/2001/XMLSchema-instance" version="1.01" xsi:schemaLocation="http://www.netex.org.uk/netex ../../../xsd/NeTEx_publication.xsd">
	<!--- =============== ENTETE =========== -->
	<PublicationTimestamp>2015-04-17T09:30:47.0Z</PublicationTimestamp>
	<ParticipantRef>AURIGE001</ParticipantRef>
	<PublicationRefreshInterval>P1Y</PublicationRefreshInterval>
	<!--- Donnée normalement rafraichie tous les ans  -->
	<Description>Exemple de l'arrêt Le Corbusier a Guyancourt (cartie Villaroy, réseau SQYBUS)</Description>
	<!--   -->
	<!--- =============== DONNEES =========== -->
	<dataObjects>
		<!-- =========================================== -->
		<!-- CompositeFrame.de type NETEX_FRANCE -->
		<CompositeFrame version="1" created="2015-04-17T09:30:47.0Z" id="AURIGE:CompositeFrame:myFrame01:LOC">
			<Name>Arret Le Courbusier SQYBUS</Name>
			<TypeOfFrameRef ref="NETEX_FRANCE"/>
			<!-- Définition de l'espace de nommage des données -->
			<codespaces>
				<Codespace id="AURIGE:Codespace:Aurige:LOC">
					<Xmlns>AURIGE</Xmlns>
					<XmlnsUrl>http://www.aurigetech.com</XmlnsUrl>
					<Description>Namesapce des données d'exemple produites par AURIGE</Description>
				</Codespace>
				<Codespace id="INSEE:Codespace:Insee">
					<!-- Poposition de namespace pour les zones administratives -->
					<Xmlns>INSEE</Xmlns>
					<XmlnsUrl>http://http://www.insee.fr/fr/methodes/nomenclatures/cog/</XmlnsUrl>
					<Description>Namesapce des identifiant des zones administratives</Description>
				</Codespace>
			</codespaces>
			<!-- Valeurs par défaut pour le reste du document -->
			<FrameDefaults>
				<DefaultCodespaceRef ref="AURIGE:Codespace:Aurige:LOC"/>
				<DefaultDataSourceRef ref="AURIGE:Datasource:Aurige:LOC"/>
				<DefaultResponsibilitySetRef ref="AURIGE:ResponsibilitySet:001:LOC"/>
				<DefaultLocale>
					<TimeZoneOffset>-1</TimeZoneOffset>
					<SummerTimeZoneOffset>-2</SummerTimeZoneOffset>
					<DefaultLanguage>fr</DefaultLanguage>
				</DefaultLocale>
				<DefaultLocationSystem>EPSG:4326</DefaultLocationSystem>
				<!--  EPSG:4326 correspond à WGS84  -->
			</FrameDefaults>
			<!--   -->
			<frames>
				<!-- =========================================== -->
				<!-- Frame NETEX_COMMUN -->
				<GeneralFrame version="001" id="AURIGE:TypeOfFrame:NETEX_COMMUN-Le-Corbusier:LOC">
					<Name>Frame NETEX_COMMUN Le Corbusier</Name>
					<Description>Frame NETEX_COMMUN pour l'exemple d'arrêt Le Corbusier</Description>
					<!--En plus de référencer le type de frame, la ligne ci-dessous est un simple exemple de référence externe avec version: la version est ici la valeur de l'élément, si on utilise spontanément la version disponible en tant qu'attribut, on déclenche le mécanisme de validation XSD qui impose alors que l'objet référencè soit présent dans le jeu de donnée. Si l'on souhaite faire une référence externe avec une précision de version, il convient donc de faire suivant la méthode ci-dessous.
					-->
					<TypeOfFrameRef ref="FR:TypeOfFrame:NETEX_COMMUN">version="1.01:FR-NETEX_COMMUN-1.0"</TypeOfFrameRef>
					<members modificationSet="all">
						<!-- typesOfValue-->
						<!-- Fourni pour l'exemple, mais considéré comme prédéfini par le profil: il n'est pas utile de fournir cette description de TypeOfFrame dans les échanges courants, la définition par référence externe proposée ci-dessus suffit -->
						<TypeOfFrame version="1.01:FR-NETEX_COMMUN-1.0" id="FR:TypeOfFrame:NETEX_COMMUN">
							<Name>NETEX_COMMUN</Name>
							<Description>Profil d’échange français NETEX_COMMUN</Description>
							<FrameClassRef nameOfClass="CompositeFrame"/>
							<classes>
								<ClassInFrameRef nameOfClass="ValidityCondition"/>
								<ClassInFrameRef nameOfClass="AlternativeName"/>
								<ClassInFrameRef nameOfClass="Notice"/>
								<ClassInFrameRef nameOfClass="NoticeAssignment"/>
								<ClassInFrameRef nameOfClass="ResponsibilityRoleAssignment"/>
								<ClassInFrameRef nameOfClass="Organisation"/>
								<ClassInFrameRef nameOfClass="PointProjection"/>
								<ClassInFrameRef nameOfClass="ZoneProjection"/>
								<ClassInFrameRef nameOfClass="TypeOfFrame"/>
								<ClassInFrameRef nameOfClass="TypeOfValue"/>
							</classes>
						</TypeOfFrame>
						<TypeOfFrame version="1.01:FR-NETEX_ARRET-1.0" id="FR:TypeOfFrame:NETEX_ARRET">
							<Name>NETEX_COMMUN</Name>
							<Description>Profil d’échange français NETEX_ARRET</Description>
							<FrameClassRef nameOfClass="CompositeFrame"/>
							<classes>
								<ClassInFrameRef nameOfClass="StopPlace"/>
								<ClassInFrameRef nameOfClass="Quay"/>
								<ClassInFrameRef nameOfClass="TopographicPlace"/>
								<ClassInFrameRef nameOfClass="StopPlaceEntrance"/>
								<ClassInFrameRef nameOfClass="GeneralGroupOfEntities"/>
							</classes>
						</TypeOfFrame>
						<!-- Organisations: Exploitants -->
						<Operator version="001" id="AURIGE:Operator:768:LOC">
							<CompanyNumber>768</CompanyNumber>
							<Name>SQYBUS</Name>
							<Description>Le réseau Sqybus est le nom du réseau d'autobus urbains de Saint-Quentin-en-Yvelines (Yvelines), exploité par Cars Perrier (filiale à 100 % de RATP Dev, elle-même étant une des filiales du Groupe RATP), par Hourtoule et par la SAVAC. Le réseau Sqybus est le premier réseau urbain d’Île-de-France en dehors de Paris</Description>
							<ContactDetails>
								<Phone>+33 1 30 13 96 70</Phone>
								<Url>http://www.sqybus.fr/</Url>
							</ContactDetails>
							<OrganisationType>operator</OrganisationType>
							<Address>
								<AddressLine1>9 avenue Jean Pierre Timbaud</AddressLine1>
								<AddressLine2>ZAI des Bruyères</AddressLine2>
								<Town>Trappes</Town>
								<PostCode>78197</PostCode>
							</Address>
							<PrimaryMode>bus</PrimaryMode>
						</Operator>
						<!-- Lieu topographique: commune -->
						<!-- Ce lieu topographique pourrait être plus détaillé car Guyancourt fait partie de la ville nouvelle de Saint Quentin en Yvelines -->
						<!-- La ville est décrite pour l'exemple, mais on pourra, à terme, consédérer l'INSEE comme un référentiel externe -->
						<TopographicPlace version="any" id="INSEE:TopographicPlace:78297">
							<placeTypes>
								<TypeOfPlaceRef ref="town"/>
							</placeTypes>
							<Descriptor>
								<Name>Guyancourt</Name>
							</Descriptor>
							<TopographicPlaceType>town</TopographicPlaceType>
							<!-- permet de préciser le type de ville: -	city / town / village / hamlet -->
							<CountryRef>FR</CountryRef>
							<containedIn>
								<!-- inclusion dans St Quentin en Yvelines http://www.insee.fr/fr/methodes/nomenclatures/zonages/zone.asp?zonage=EPCI&zone=247800451 -->
								<TopographicPlaceRef ref="INSEE:TopographicPlace:247800451"/>
							</containedIn>
						</TopographicPlace>
					</members>
				</GeneralFrame>
				<!--   -->
				<!-- =========================================== -->
				<!-- Frame NETEX_ARRÊT-->
				<GeneralFrame version="001" id="AURIGE:TypeOfFrame:NETEX_ARRET-Le-Corbusier:LOC">
					<Name>Frame NETEX_ARRET Le Corbusier</Name>
					<Description>Frame NETEX_ARRET pour l'exemple d'arrêt Le Corbusier</Description>
					<TypeOfFrameRef ref="FR:TypeOfFrame:NETEX_ARRET">version="1.01:FR-NETEX_ARRET-1.0"</TypeOfFrameRef>
					<members modificationSet="all">
						<!-- =========================================== -->
						<!-- LIEU D'ARRET MONOMODAL Jules Michelet -->
						<StopPlace version="001" id="FR:78197:StopPlace:00004:LOC">
							<!-- le "LOC" sera supprimé si l'on dispose d'un référentiel d'arrêt partagé -->
							<Name>Jules Michelet</Name>
							<Description>Lieu d'arrêt monomodal Jules Michelet</Description>
							<Centroid>
								<Location id="AURIGE:Location:00011:LOC">
									<Longitude>2.071341</Longitude>
									<Latitude>48.766715</Latitude>
								</Location>
							</Centroid>
							<placeTypes>
								<TypeOfPlaceRef ref="monomodalStopPlace"/>
							</placeTypes>
							<RoadAddress version="any" id="AURIGE:RoadAddress:address11:LOC">
								<RoadName>Rue Le Corbusier</RoadName>
							</RoadAddress>
							<Landmark>Face à l'école maternelle Jeanne Moreau</Landmark>
							<TopographicPlaceRef ref="INSEE:TopographicPlace:78297"/>
							<OrganisationRef version="001" ref="AURIGE:Operator:768:LOC"/>
							<!-- Fait partie du Pôle Monomodal Le Corbusier -->
							<ParentSiteRef version="001" ref="FR:78197:StopPlace:00001:LOC"/>
							<TransportMode>bus</TransportMode>
							<StopPlaceType>onstreetBus</StopPlaceType>
							<quays>
								<QuayRef ref="AURIGE:Quay:008:LOC" version="001"/>
								<QuayRef ref="AURIGE:Quay:008:LOC" version="001"/>
							</quays>
						</StopPlace>
						<Quay version="001" id="AURIGE:Quay:008:LOC">
							<Name>Jules Michelet</Name>
							<Centroid>
								<Location id="AURIGE:Location:00012:LOC">
									<Longitude>2.071200</Longitude>
									<Latitude>48.766692</Latitude>
								</Location>
							</Centroid>
							<Image>https://www.google.fr/maps/@48.766704,2.071324,3a,75y,270.06h,77.09t/data=!3m6!1e1!3m4!1sUOb6MNpVtgseVPnSYQEjlw!2e0!7i13312!8i6656</Image>
							<RoadAddress version="any" id="AURIGE:RoadAddress:address12:LOC">
								<RoadName>Rue Le Corbusier</RoadName>
							</RoadAddress>
							<Landmark>Face à l'école maternelle Jeanne Moreau, coté pair (coté de l'école)</Landmark>
							<Covered>covered</Covered>
							<SiteRef ref="FR:78197:StopPlace:00004:LOC" version="001"/>
							<TransportMode>bus</TransportMode>
							<QuayType>busStop</QuayType>
						</Quay>
						<Quay version="001" id="AURIGE:Quay:009:LOC">
							<Name>Jules Michelet</Name>
							<Centroid>
								<Location id="AURIGE:Location:00013:LOC">
									<Longitude>2.070990</Longitude>
									<Latitude>48.766409</Latitude>
								</Location>
							</Centroid>
							<Image>https://www.google.fr/maps/@48.766619,2.071198,3a,18y,217.75h,86.27t/data=!3m6!1e1!3m4!1sXXWa9UouRxYsDj9LYGvkTw!2e0!7i13312!8i6656</Image>
							<RoadAddress version="any" id="AURIGE:RoadAddress:address13:LOC">
								<RoadName>Rue Le Corbusier</RoadName>
							</RoadAddress>
							<Landmark>Face à l'école maternelle Jeanne Moreau, coté impair (cotéopposé à l'école)</Landmark>
							<Covered>covered</Covered>
							<SiteRef ref="FR:78197:StopPlace:00004:LOC" version="001"/>
							<TransportMode>bus</TransportMode>
							<QuayType>busStop</QuayType>
						</Quay>
					</members>
				</GeneralFrame>
				<!-- =========================================== -->
			</frames>
		</CompositeFrame>
	</dataObjects>
</PublicationDelivery>
