<?xml version="1.0" encoding="iso-8859-1"?>
<!-- (C) Copyright 2005, 2010 CEN, NeTEx, SIRI, Crown Copyright -->
<Siri xmlns="http://www.siri.org.uk/siri" xmlns:xsi="http://www.w3.org/2001/XMLSchema-instance" xsi:schemaLocation="http://www.siri.org.uk/siri ../../../xsd/NeTEx_siri_SG.xsd">
	<DataReceivedAcknowledgement>
		<ResponseTimestamp>2001-12-17T09:30:47-05:00</ResponseTimestamp>
		<ConsumerRef>NADER</ConsumerRef>
		<RequestMessageRef>012225678</RequestMessageRef>
		<Status>true</Status>
	</DataReceivedAcknowledgement>
</Siri>
