<?xml version="1.0" encoding="iso-8859-1"?>
<!-- (C) Copyright 2005, 2010 CEN, NeTEx, SIRI, Crown Copyright -->
<Siri xmlns="http://www.siri.org.uk/siri" xmlns:xsi="http://www.w3.org/2001/XMLSchema-instance" xsi:schemaLocation="http://www.siri.org.uk/siri ../../../xsd/NeTEx_siri_SG.xsd">
	<HeartbeatNotification>
		<RequestTimestamp>2004-12-17T09:30:47-05:00</RequestTimestamp>
		<ProducerRef>KUBRICK</ProducerRef>
		<Status>true</Status>
		<ValidUntil>2004-12-17T09:30:47-05:00</ValidUntil>
		<ShortestPossibleCycle>PT2M</ShortestPossibleCycle>
		<ServiceStartedTime>2004-12-17T09:30:47-05:00</ServiceStartedTime>
	</HeartbeatNotification>
</Siri>
