<?xml version="1.0" encoding="utf-8"?>
<!-- ===Simple Timetable  Example=== -->
<!-- This example show the timetable for route 109 morning express in Oslo. -->
<PublicationDelivery xmlns="http://www.netex.org.uk/netex" xmlns:xsi="http://www.w3.org/2001/XMLSchema-instance" xmlns:gml="http://www.opengis.net/gml/3.2" xmlns:siri="http://www.siri.org.uk/siri" version="1.04:NO-NeTEx-networktimetable:1.0" xsi:schemaLocation="http://www.netex.org.uk/netex ../../NeTEx-XML/schema/xsd/NeTEx_publication.xsd">
	<PublicationTimestamp>2016-05-23T12:00:00.0Z</PublicationTimestamp>
	<ParticipantRef>NSR</ParticipantRef>
	<dataObjects>
		<CompositeFrame version="any" created="2016-08-22T00:00:00Z" id="UNI:CompositeFrame:1">
			<validityConditions>
				<AvailabilityCondition version="any" id="UNI:AvailabilityCondition:cf01">
					<FromDate>2016-03-04T00:00:00.0Z</FromDate>
				</AvailabilityCondition>
			</validityConditions>
			<!-- ===CODESPACE=== -->
			<codespaces>
				<Codespace id="nsr">
					<Xmlns>NSR</Xmlns>
					<XmlnsUrl>http://www.rutebanken.no/nasjonltstoppestedregister</XmlnsUrl>
				</Codespace>
				<Codespace id="unibuss">
					<Xmlns>UNI</Xmlns>
					<XmlnsUrl>www.unibuss.no</XmlnsUrl>
				</Codespace>
				<Codespace id="ruter">
					<Xmlns>RUT</Xmlns>
					<XmlnsUrl>www.ruter.no</XmlnsUrl>
				</Codespace>
			</codespaces>
			<!-- ===FRAME DEFAULTS=== -->
			<FrameDefaults>
				<!-- Alle elementer med id-attributt blir prefixet med dette codespacet (dvs "unibuss") -->
				<DefaultCodespaceRef ref="unibuss"/>
				<DefaultLocale>
					<DefaultLanguage>no</DefaultLanguage>
				</DefaultLocale>
				<!-- Alle koordinater leveres i henhold til WGS84 -->
				<DefaultLocationSystem>WGS84</DefaultLocationSystem>
			</FrameDefaults>
			<frames>
				<ResourceFrame version="any" id="UNI:ResourceFrame:1">
					<!-- Optional, konseptet tas ikke i bruk i initiell versjon av Rutebanken
					<responsibilitySets>
						<ResponsibilitySet version="any" id="UNI:ResponsibilitySet:Planning">
							<roles>
								<ResponsibilityRoleAssignment version="any" id="UNI:ResponsibilityRoleAssignment:Planning">
									<StakeholderRoleType>Operation</StakeholderRoleType>
									<ResponsibleOrganisationRef version="any" ref="RUT:authority:ruter"/>
								</ResponsibilityRoleAssignment>
							</roles>
						</ResponsibilitySet>
						<ResponsibilitySet version="any" id="UNI:ResponsibilitySet:Operation">
							<roles>
								<ResponsibilityRoleAssignment version="any" id="UNI:ResponsibilityRoleAssignment:Operation">
									<StakeholderRoleType>Operation</StakeholderRoleType>
									<ResponsibleOrganisationRef version="any" ref="RUT:operator:unibuss"/>
								</ResponsibilityRoleAssignment>
							</roles>
						</ResponsibilitySet>
					</responsibilitySets>
					-->
					<organisations>
						<Authority version="any" id="RUT:authority:ruter">
							<!-- Organisasjonsnummer -->
							<CompanyNumber>991609407</CompanyNumber>
							<Name>Ruter#</Name>
							<LegalName>RUTER AS</LegalName>
							<OrganisationType>authority</OrganisationType>
						</Authority>
						<!-- Unibuss kjører ruten på vegne av Ruter# -->
						<Operator version="any" id="RUT:operator:unibuss">
							<CompanyNumber>985615616</CompanyNumber>
							<Name>Unibuss</Name>
							<LegalName>UNIBUSS AS</LegalName>
							<ContactDetails>
								<Email>post@unibuss.no </Email>
								<Phone>22 08 43 00</Phone>
								<Url>www.unibuss.no</Url>
							</ContactDetails>
							<CustomerServiceContactDetails>
								<Phone>0047 177</Phone>
								<Url>www.unibuss.no</Url>
							</CustomerServiceContactDetails>
						</Operator>
					</organisations>
				</ResourceFrame>
				<!-- ===SITE FRAME=== -->
				<SiteFrame version="any" id="UNI:SiteFrame:1">
					<!-- MERKNAD: 
						Stoppestedsobjekter er tatt med i eksempelet for å illustrere alle elementer i en PublicationDelivery, 
						leveranser ihht. norsk profil skal skje ved at stoppestedsobjekter utveksles separat.
						  (Innsendt i egen fil etter stops-profil, version="1.04:NO-NeTEx-stops:1.0")
						  
						Rutedata (networktimetable-profil, version="1.04:NO-NeTEx-networktimetable:1.0") skal alltid referere 
						til (eksterne) stoppestedsobjekter ved bruk av nasjonal ID (da _uten_ versjonsattributt p.g.a. intern skjema-validering).
					-->
					<!--
						Optional, konseptet tas ikke i bruk i initiell versjon av Rutebanken
					<FrameDefaults>
						<DefaultResponsibilitySetRef ref="UNI:ResponsibilitySet:Planning"/>
					</FrameDefaults>
					-->
					<stopPlaces>
						<!-- MERK: Kun definert quays i faktisk bruk for å forenkle eksempelet -->
						<!-- TODO: Implement correct stop place and quay IDs -->
						<StopPlace version="any" responsibilitySetRef="UNI:ResponsibilitySet:Planning" id="NSR:StopPlace:helsfyr_t">
							<Name>Helsfyr T</Name>
							<TransportMode>bus</TransportMode>
							<StopPlaceType>busStation</StopPlaceType>
							<quays>
								<Quay version="any" id="NSR:Quay:helsfyr_t-QUAYID">
									<Centroid>
										<Location srsName="WGS84">
											<Longitude>10.800792</Longitude>
											<Latitude>59.912494</Latitude>
										</Location>
									</Centroid>
								</Quay>
							</quays>
						</StopPlace>
						<StopPlace version="any" responsibilitySetRef="UNI:ResponsibilitySet:Planning" id="NSR:StopPlace:brynseng_t">
							<Name>Brynseng T</Name>
							<TransportMode>bus</TransportMode>
							<StopPlaceType>onstreetBus</StopPlaceType>
							<quays>
								<Quay version="any" id="NSR:Quay:brynseng_t-QUAYID">
									<Centroid>
										<Location srsName="WGS84">
											<Longitude>10.814013</Longitude>
											<Latitude>59.909351</Latitude>
										</Location>
									</Centroid>
								</Quay>
							</quays>
						</StopPlace>
						<StopPlace version="any" responsibilitySetRef="UNI:ResponsibilitySet:Planning" id="NSR:StopPlace:hoyenhall_t">
							<Name>Høyenhall T</Name>
							<TransportMode>bus</TransportMode>
							<StopPlaceType>onstreetBus</StopPlaceType>
							<quays>
								<Quay version="any" id="NSR:Quay:hoyenhall_t-QUAYID">
									<Centroid>
										<Location srsName="WGS84">
											<Longitude>10.819156</Longitude>
											<Latitude>59.907023</Latitude>
										</Location>
									</Centroid>
								</Quay>
							</quays>
						</StopPlace>
						<StopPlace version="any" responsibilitySetRef="UNI:ResponsibilitySet:Planning" id="NSR:StopPlace:manglerud_t">
							<Name>Manglerud T</Name>
							<TransportMode>bus</TransportMode>
							<StopPlaceType>onstreetBus</StopPlaceType>
							<quays>
								<Quay version="any" id="NSR:Quay:manglerud_t-QUAYID">
									<Centroid>
										<Location srsName="WGS84">
											<Longitude>10.813655</Longitude>
											<Latitude>59.898316</Latitude>
										</Location>
									</Centroid>
								</Quay>
							</quays>
						</StopPlace>
						<StopPlace version="any" responsibilitySetRef="UNI:ResponsibilitySet:Planning" id="NSR:StopPlace:ryen_t">
							<Name>Ryen T</Name>
							<TransportMode>bus</TransportMode>
							<StopPlaceType>onstreetBus</StopPlaceType>
							<quays>
								<Quay version="any" id="NSR:Quay:ryen_t-QUAYID">
									<Centroid>
										<Location srsName="WGS84">
											<Longitude>10.805572</Longitude>
											<Latitude>59.895407</Latitude>
										</Location>
									</Centroid>
								</Quay>
							</quays>
						</StopPlace>
						<StopPlace version="any" responsibilitySetRef="UNI:ResponsibilitySet:Planning" id="NSR:StopPlace:holtet">
							<Name>Holtet stasjon</Name>
							<TransportMode>bus</TransportMode>
							<StopPlaceType>onstreetBus</StopPlaceType>
							<quays>
								<Quay version="any" id="NSR:Quay:holtet-QUAYID">
									<Centroid>
										<Location srsName="WGS84">
											<Longitude>10.782948</Longitude>
											<Latitude>59.882075</Latitude>
										</Location>
									</Centroid>
								</Quay>
							</quays>
						</StopPlace>
					</stopPlaces>
				</SiteFrame>
				<!-- ===SERVICE FRAME=== -->
				<ServiceFrame version="any" id="UNI:SiteFrame:1">
					<Network version="any" id="RUT:Network:RuterBuss">
						<Name>Ruter# buss</Name>
						<!-- Ikke obligatorisk med groupsOfLines (Network er implisitt en gruppering), implementeres kun hvis relevant -->
						<groupsOfLines>
							<GroupOfLines version="any" id="RUT:GroupOfLines:Ruter-Buss-Oslo">
								<Name>Ruter# buss Oslo</Name>
							</GroupOfLines>
							<GroupOfLines version="any" id="RUT:GroupOfLines:Ruter-Buss-Akershus">
								<Name>Ruter# buss Akershus</Name>
							</GroupOfLines>
						</groupsOfLines>
					</Network>
					<routePoints>
						<!-- Helsfyr -->
						<RoutePoint version="any" id="UNI:RoutePoint:helsfyr">
							<projections>
								<PointProjection version="any" id="UNI:pointprojection:departure">
									<ProjectToPointRef version="any" ref="UNI:ScheduledStopPoint:helfyr_t"/>
								</PointProjection>
							</projections>
						</RoutePoint>
						<!-- Holtet -->
						<RoutePoint version="any" id="UNI:RoutePoint:holtet">
							<projections>
								<PointProjection version="any" id="RUT:PointProjection:arrival">
									<ProjectToPointRef version="any" ref="UNI:ScheduledStopPoint:holtet"/>
								</PointProjection>
							</projections>
						</RoutePoint>
					</routePoints>
					<!-- ===ROUTE=== -->
					<routes>
						<Route version="any" id="UNI:Route:109">
							<Name>Morgenbuss Helsfyr - Holtet</Name>
							<LineRef ref="UNI:line:109"/>
							<DirectionType>outbound</DirectionType>
							<pointsInSequence>
								<PointOnRoute version="any" id="UNI:PointOnRoute:109-start">
									<RoutePointRef version="any" ref="UNI:RoutePoint:helsfyr"/>
								</PointOnRoute>
								<PointOnRoute version="any" id="UNI:PointOnRoute:109-end">
									<RoutePointRef version="any" ref="UNI:RoutePoint:holtet"/>
								</PointOnRoute>
							</pointsInSequence>
						</Route>
					</routes>
					<!-- ===LINEs=== -->
					<lines>
						<Line version="any" id="UNI:line:109">
							<Name>109</Name>
							<TransportMode>bus</TransportMode>
							<PublicCode>109</PublicCode>
							<OperatorRef ref="RUT:operator:unibuss"/>
							<!-- Optional: -->
							<routes>
								<RouteRef ref="UNI:Route:109"/>
							</routes>
							<RepresentedByGroupRef ref="RUT:Network:RuterBuss"/>
							<!-- alternativt kunne dette settes enda mer presist 'RepresentedByGroupRef ref="RUT:GroupOfLines:Ruter-Buss-Oslo' om implementert -->
						</Line>
					</lines>
					<!-- ===DESTINATION DISPLAYs=== -->
					<destinationDisplays>
						<DestinationDisplay version="any" id="UNI:DestinationDisplay:holtet">
							<SideText>Holtet</SideText>
							<FrontText>Holtet</FrontText>
						</DestinationDisplay>
					</destinationDisplays>
					<!--- =========STOP POINTs============ -->
					<scheduledStopPoints>
						<ScheduledStopPoint version="any" id="UNI:ScheduledStopPoint:helfyr_t">
							<Name>Helsfyr T</Name>
						</ScheduledStopPoint>
						<ScheduledStopPoint version="any" id="UNI:ScheduledStopPoint:brynseng_t">
							<Name>Brynseng T</Name>
						</ScheduledStopPoint>
						<ScheduledStopPoint version="any" id="UNI:ScheduledStopPoint:hoyenhall_t">
							<Name>HØyenhall</Name>
						</ScheduledStopPoint>
						<ScheduledStopPoint version="any" id="UNI:ScheduledStopPoint:manglerud_t">
							<Name>Manglerud T</Name>
						</ScheduledStopPoint>
						<ScheduledStopPoint version="any" id="UNI:ScheduledStopPoint:ryen_t">
							<Name>Ryen T</Name>
						</ScheduledStopPoint>
						<ScheduledStopPoint version="any" id="UNI:ScheduledStopPoint:holtet">
							<Name>Holtet</Name>
						</ScheduledStopPoint>
					</scheduledStopPoints>
					<serviceLinks>
						<ServiceLink version="any" id="UNI:ServiceLink:helsfyr_to_brynseng">
							<projections>
								<LinkSequenceProjection version="any" id="UNI:LinkSequenceProjection:109-helsfyr_to_brynseng">
									<gml:LineString srsName="WGS84" gml:id="helsfyr_to_brynseng">
										<gml:pos>59.911925 10.807198</gml:pos>
										<gml:pos>59.910395 10.813012</gml:pos>
									</gml:LineString>
								</LinkSequenceProjection>
							</projections>
							<FromPointRef version="any" ref="UNI:ScheduledStopPoint:helfyr_t"/>
							<ToPointRef version="any" ref="UNI:ScheduledStopPoint:brynseng_t"/>
						</ServiceLink>
						<ServiceLink version="any" id="UNI:ServiceLink:brynseng_to_hoyenhall">
							<Distance>1</Distance>
							<projections>
								<LinkSequenceProjection version="any" id="UNI:LinkSequenceProjection:109-brynseng_to_hoyenhall">
									<gml:LineString srsName="WGS84" gml:id="brynseng_to_hoyenhall">
										<gml:pos>59.908251 10.816363</gml:pos>
										<gml:pos>59.907908 10.816819</gml:pos>
									</gml:LineString>
								</LinkSequenceProjection>
							</projections>
							<FromPointRef version="any" ref="UNI:ScheduledStopPoint:brynseng_t"/>
							<ToPointRef version="any" ref="UNI:ScheduledStopPoint:hoyenhall_t"/>
						</ServiceLink>
						<ServiceLink version="any" id="UNI:ServiceLink:hoyenhall_to_manglerud">
							<projections>
								<LinkSequenceProjection version="any" id="UNI:LinkSequenceProjection:109-hoyenhall_to_manglerud">
									<gml:LineString srsName="WGS84" gml:id="hoyenhall_to_manglerud">
										<gml:pos>59.904645 10.820626</gml:pos>
										<gml:pos>59.899678 10.815965</gml:pos>
									</gml:LineString>
								</LinkSequenceProjection>
							</projections>
							<FromPointRef version="any" ref="UNI:ScheduledStopPoint:hoyenhall_t"/>
							<ToPointRef version="any" ref="UNI:ScheduledStopPoint:manglerud_t"/>
						</ServiceLink>
						<ServiceLink version="any" id="UNI:ServiceLink:manglerud_to_ryen">
							<projections>
								<LinkSequenceProjection version="any" id="UNI:LinkSequenceProjection:109-manglerud_to_ryen">
									<gml:LineString srsName="WGS84" gml:id="manglerud_to_ryen">
										<gml:pos>59.896709 10.810350</gml:pos>
										<gml:pos>59.895940 10.807332</gml:pos>
									</gml:LineString>
								</LinkSequenceProjection>
							</projections>
							<FromPointRef version="any" ref="UNI:ScheduledStopPoint:manglerud_t"/>
							<ToPointRef version="any" ref="UNI:ScheduledStopPoint:ryen_t"/>
						</ServiceLink>
						<ServiceLink version="any" id="UNI:ServiceLink:ryen_to_holtet">
							<projections>
								<LinkSequenceProjection version="any" id="UNI:LinkSequenceProjection:109-ryen_to_holtet">
									<gml:LineString srsName="WGS84" gml:id="ryen_to_holtet">
										<gml:pos>59.894780 10.804309</gml:pos>
										<gml:pos>59.892531 10.804000</gml:pos>
										<gml:pos>59.888996 10.805961</gml:pos>
										<gml:pos>59.887608 10.806368</gml:pos>
										<gml:pos>59.886410 10.800586</gml:pos>
										<gml:pos>59.885832 10.792943</gml:pos>
										<gml:pos>59.885392 10.788938</gml:pos>
										<gml:pos>59.885630 10.784435</gml:pos>
										<gml:pos>59.883864 10.783759</gml:pos>
										<gml:pos>59.881872 10.783770</gml:pos>
									</gml:LineString>
								</LinkSequenceProjection>
							</projections>
							<FromPointRef version="any" ref="UNI:ScheduledStopPoint:ryen_t"/>
							<ToPointRef version="any" ref="UNI:ScheduledStopPoint:holtet"/>
						</ServiceLink>
					</serviceLinks>
					<!-- ===STOP ASSIGNMENTs=== -->
					<!-- Must be defined in order to assign Journey/Service Pattern stop point to actual StopPlace -->
					<stopAssignments>
						<PassengerStopAssignment version="any" id="UNI:PassengerStopAssignment:helsfyr_t" order="1">
							<ScheduledStopPointRef version="any" ref="UNI:ScheduledStopPoint:helfyr_t"/>
							<QuayRef ref="NSR:Quay:helsfyr_t-QUAYID"/>
						</PassengerStopAssignment>
						<PassengerStopAssignment version="any" id="UNI:PassengerStopAssignment:brynseng_t" order="2">
							<ScheduledStopPointRef version="any" ref="UNI:ScheduledStopPoint:brynseng_t"/>
							<QuayRef ref="NSR:Quay:brynseng_t-QUAYID"/>
						</PassengerStopAssignment>
						<PassengerStopAssignment version="any" id="UNI:PassengerStopAssignment:hoyenhall_t" order="3">
							<ScheduledStopPointRef version="any" ref="UNI:ScheduledStopPoint:hoyenhall_t"/>
							<QuayRef ref="NSR:Quay:hoyenhall_t-QUAYID"/>
						</PassengerStopAssignment>
						<PassengerStopAssignment version="any" id="UNI:PassengerStopAssignment:manglerud_t" order="4">
							<ScheduledStopPointRef version="any" ref="UNI:ScheduledStopPoint:manglerud_t"/>
							<QuayRef ref="NSR:Quay:manglerud_t-QUAYID"/>
						</PassengerStopAssignment>
						<PassengerStopAssignment version="any" id="UNI:PassengerStopAssignment:ryen_t" order="5">
							<ScheduledStopPointRef version="any" ref="UNI:ScheduledStopPoint:hoyenhall_t"/>
							<QuayRef ref="NSR:Quay:ryen_t-QUAYID"/>
						</PassengerStopAssignment>
						<PassengerStopAssignment version="any" id="UNI:PassengerStopAssignment:holtet" order="6">
							<ScheduledStopPointRef version="any" ref="UNI:ScheduledStopPoint:holtet"/>
							<QuayRef ref="NSR:Quay:holtet-QUAYID"/>
						</PassengerStopAssignment>
					</stopAssignments>
					<!-- ===JOURNEY PATTERNs=== -->
					<journeyPatterns>
						<JourneyPattern version="any" id="UNI:JourneyPattern:109">
							<RouteRef ref="UNI:Route:109"/>
							<DestinationDisplayRef ref="UNI:DestinationDisplay:holtet"/>
							<pointsInSequence>
								<!-- TODO: Legg inn korrekte holdeplasskoder -->
								<StopPointInJourneyPattern version="any" id="UNI:StopPointInJourneyPattern:helfyr_t" order="1">
									<ScheduledStopPointRef version="any" ref="UNI:ScheduledStopPoint:helfyr_t"/>
									<ForAlighting>false</ForAlighting>
								</StopPointInJourneyPattern>
								<StopPointInJourneyPattern version="any" id="UNI:StopPointInJourneyPattern:brynseng_t" order="2">
									<ScheduledStopPointRef version="any" ref="UNI:ScheduledStopPoint:brynseng_t"/>
								</StopPointInJourneyPattern>
								<StopPointInJourneyPattern version="any" id="UNI:StopPointInJourneyPattern:hoyenhall_t" order="3">
									<ScheduledStopPointRef version="any" ref="UNI:ScheduledStopPoint:hoyenhall_t"/>
								</StopPointInJourneyPattern>
								<StopPointInJourneyPattern version="any" id="UNI:StopPointInJourneyPattern:manglerud_t" order="4">
									<ScheduledStopPointRef version="any" ref="UNI:ScheduledStopPoint:manglerud_t"/>
								</StopPointInJourneyPattern>
								<StopPointInJourneyPattern version="any" id="UNI:StopPointInJourneyPattern:ryen_t" order="5">
									<ScheduledStopPointRef version="any" ref="UNI:ScheduledStopPoint:ryen_t"/>
								</StopPointInJourneyPattern>
								<StopPointInJourneyPattern version="any" id="UNI:StopPointInJourneyPattern:holtet" order="6">
									<ScheduledStopPointRef version="any" ref="UNI:ScheduledStopPoint:holtet"/>
									<ForBoarding>false</ForBoarding>
								</StopPointInJourneyPattern>
							</pointsInSequence>
							<linksInSequence>
								<ServiceLinkInJourneyPattern version="any" id="UNI:ServiceLinkInJourneyPattern:helsfyr_to_brynseng" order="1">
									<ServiceLinkRef version="any" ref="UNI:ServiceLink:helsfyr_to_brynseng"/>
								</ServiceLinkInJourneyPattern>
								<ServiceLinkInJourneyPattern version="any" id="UNI:ServiceLinkInJourneyPattern:brynseng_to_hoyenhall" order="2">
									<ServiceLinkRef version="any" ref="UNI:ServiceLink:brynseng_to_hoyenhall"/>
								</ServiceLinkInJourneyPattern>
								<ServiceLinkInJourneyPattern version="any" id="UNI:ServiceLinkInJourneyPattern:hoyenhall_to_manglerud" order="3">
									<ServiceLinkRef version="any" ref="UNI:ServiceLink:hoyenhall_to_manglerud"/>
								</ServiceLinkInJourneyPattern>
								<ServiceLinkInJourneyPattern version="any" id="UNI:ServiceLinkInJourneyPattern:manglerud_to_ryen" order="4">
									<ServiceLinkRef version="any" ref="UNI:ServiceLink:manglerud_to_ryen"/>
								</ServiceLinkInJourneyPattern>
								<ServiceLinkInJourneyPattern version="any" id="UNI:ServiceLinkInJourneyPattern:ryen_to_holtet" order="5">
									<ServiceLinkRef version="any" ref="UNI:ServiceLink:ryen_to_holtet"/>
								</ServiceLinkInJourneyPattern>
							</linksInSequence>
						</JourneyPattern>
					</journeyPatterns>
				</ServiceFrame>
				<!-- TIMETABLE FRAME -->
				<!-- Definert som et sett av avganger med referanse til dager (dagtyper) avgangen kjøres -->
				<TimetableFrame version="any" id="UNI:TimetableFrame:1">
					<validityConditions>
						<AvailabilityCondition version="any" id="UNI:AvailabilityCondition:1">
							<FromDate>2016-04-03T00:00:00</FromDate>
							<IsAvailable>true</IsAvailable>
						</AvailabilityCondition>
					</validityConditions>
					<vehicleJourneys>
						<!-- TODO: Legg inn korrekte koder for #Ruter/Unibuss service -->
						<ServiceJourney version="any" id="UNI:ServiceJourney:109-CODE-0430">
							<DepartureTime>04:30:00</DepartureTime>
							<dayTypes>
								<DayTypeRef ref="UNI:DayType:weekday"/>
							</dayTypes>
							<JourneyPatternRef ref="UNI:JourneyPattern:109"/>
							<!-- Optional: -->
							<LineRef ref="UNI:line:109"/>
							<passingTimes>
								<TimetabledPassingTime>
									<!-- Helsfyr T -->
									<StopPointInJourneyPatternRef version="any" ref="UNI:StopPointInJourneyPattern:helfyr_t"/>
									<DepartureTime>04:30:00</DepartureTime>
								</TimetabledPassingTime>
								<TimetabledPassingTime>
									<!-- Brynseng T -->
									<StopPointInJourneyPatternRef version="any" ref="UNI:StopPointInJourneyPattern:brynseng_t"/>
									<DepartureTime>04:32:00</DepartureTime>
								</TimetabledPassingTime>
								<TimetabledPassingTime>
									<!-- Høyenhall T -->
									<StopPointInJourneyPatternRef version="any" ref="UNI:StopPointInJourneyPattern:hoyenhall_t"/>
									<DepartureTime>04:33:00</DepartureTime>
								</TimetabledPassingTime>
								<TimetabledPassingTime>
									<!-- Manglerud T -->
									<StopPointInJourneyPatternRef version="any" ref="UNI:StopPointInJourneyPattern:manglerud_t"/>
									<DepartureTime>04:34:00</DepartureTime>
								</TimetabledPassingTime>
								<TimetabledPassingTime>
									<!-- Ryen T -->
									<StopPointInJourneyPatternRef version="any" ref="UNI:StopPointInJourneyPattern:ryen_t"/>
									<DepartureTime>04:35:00</DepartureTime>
								</TimetabledPassingTime>
								<TimetabledPassingTime>
									<!-- Holtet -->
									<StopPointInJourneyPatternRef version="any" ref="UNI:StopPointInJourneyPattern:holtet"/>
									<ArrivalTime>04:40:00</ArrivalTime>
								</TimetabledPassingTime>
							</passingTimes>
						</ServiceJourney>
						<ServiceJourney version="any" id="UNI:ServiceJourney:109-CODE-0500">
							<dayTypes>
								<DayTypeRef ref="UNI:DayType:weekday"/>
							</dayTypes>
							<JourneyPatternRef ref="UNI:JourneyPattern:109"/>
							<!-- Optional: -->
							<LineRef ref="UNI:line:109"/>
							<passingTimes>
								<TimetabledPassingTime>
									<StopPointInJourneyPatternRef version="any" ref="UNI:StopPointInJourneyPattern:helfyr_t"/>
									<DepartureTime>05:00:00</DepartureTime>
								</TimetabledPassingTime>
								<TimetabledPassingTime>
									<StopPointInJourneyPatternRef version="any" ref="UNI:StopPointInJourneyPattern:brynseng_t"/>
									<DepartureTime>05:02:00</DepartureTime>
								</TimetabledPassingTime>
								<TimetabledPassingTime>
									<StopPointInJourneyPatternRef version="any" ref="UNI:StopPointInJourneyPattern:hoyenhall_t"/>
									<DepartureTime>05:03:00</DepartureTime>
								</TimetabledPassingTime>
								<TimetabledPassingTime>
									<StopPointInJourneyPatternRef version="any" ref="UNI:StopPointInJourneyPattern:manglerud_t"/>
									<DepartureTime>05:04:00</DepartureTime>
								</TimetabledPassingTime>
								<TimetabledPassingTime>
									<StopPointInJourneyPatternRef version="any" ref="UNI:StopPointInJourneyPattern:ryen_t"/>
									<DepartureTime>05:05:00</DepartureTime>
								</TimetabledPassingTime>
								<TimetabledPassingTime>
									<StopPointInJourneyPatternRef version="any" ref="UNI:StopPointInJourneyPattern:holtet"/>
									<ArrivalTime>05:10:00</ArrivalTime>
								</TimetabledPassingTime>
							</passingTimes>
						</ServiceJourney>
						<ServiceJourney version="any" id="UNI:ServiceJourney:109-CODE-0530">
							<DepartureTime>05:30:00</DepartureTime>
							<dayTypes>
								<DayTypeRef ref="UNI:DayType:weekday"/>
								<DayTypeRef ref="UNI:DayType:saturday"/>
							</dayTypes>
							<JourneyPatternRef ref="UNI:JourneyPattern:109"/>
							<!-- Optional: -->
							<LineRef ref="UNI:line:109"/>
							<passingTimes>
								<TimetabledPassingTime>
									<!-- Helsfyr T -->
									<StopPointInJourneyPatternRef version="any" ref="UNI:StopPointInJourneyPattern:helfyr_t"/>
									<DepartureTime>05:30:00</DepartureTime>
								</TimetabledPassingTime>
								<TimetabledPassingTime>
									<!-- Brynseng T -->
									<StopPointInJourneyPatternRef version="any" ref="UNI:StopPointInJourneyPattern:brynseng_t"/>
									<DepartureTime>05:32:00</DepartureTime>
								</TimetabledPassingTime>
								<TimetabledPassingTime>
									<!-- Høyenhall T -->
									<StopPointInJourneyPatternRef version="any" ref="UNI:StopPointInJourneyPattern:hoyenhall_t"/>
									<DepartureTime>05:33:00</DepartureTime>
								</TimetabledPassingTime>
								<TimetabledPassingTime>
									<!-- Manglerud T -->
									<StopPointInJourneyPatternRef version="any" ref="UNI:StopPointInJourneyPattern:manglerud_t"/>
									<DepartureTime>05:34:00</DepartureTime>
								</TimetabledPassingTime>
								<TimetabledPassingTime>
									<!-- Ryen T -->
									<StopPointInJourneyPatternRef version="any" ref="UNI:StopPointInJourneyPattern:ryen_t"/>
									<DepartureTime>05:35:00</DepartureTime>
								</TimetabledPassingTime>
								<TimetabledPassingTime>
									<!-- Holtet -->
									<StopPointInJourneyPatternRef version="any" ref="UNI:StopPointInJourneyPattern:holtet"/>
									<ArrivalTime>05:40:00</ArrivalTime>
								</TimetabledPassingTime>
							</passingTimes>
						</ServiceJourney>
						<ServiceJourney version="any" id="UNI:ServiceJourney:109-CODE-0600">
							<dayTypes>
								<DayTypeRef ref="UNI:DayType:saturday"/>
								<DayTypeRef ref="UNI:DayType:sunday"/>
							</dayTypes>
							<JourneyPatternRef ref="UNI:JourneyPattern:109"/>
							<!-- Optional: -->
							<LineRef ref="UNI:line:109"/>
							<passingTimes>
								<TimetabledPassingTime>
									<StopPointInJourneyPatternRef version="any" ref="UNI:StopPointInJourneyPattern:helfyr_t"/>
									<DepartureTime>06:00:00</DepartureTime>
								</TimetabledPassingTime>
								<TimetabledPassingTime>
									<StopPointInJourneyPatternRef version="any" ref="UNI:StopPointInJourneyPattern:brynseng_t"/>
									<DepartureTime>06:02:00</DepartureTime>
								</TimetabledPassingTime>
								<TimetabledPassingTime>
									<StopPointInJourneyPatternRef version="any" ref="UNI:StopPointInJourneyPattern:hoyenhall_t"/>
									<DepartureTime>06:03:00</DepartureTime>
								</TimetabledPassingTime>
								<TimetabledPassingTime>
									<StopPointInJourneyPatternRef version="any" ref="UNI:StopPointInJourneyPattern:manglerud_t"/>
									<DepartureTime>06:04:00</DepartureTime>
								</TimetabledPassingTime>
								<TimetabledPassingTime>
									<StopPointInJourneyPatternRef version="any" ref="UNI:StopPointInJourneyPattern:ryen_t"/>
									<DepartureTime>06:06:00</DepartureTime>
								</TimetabledPassingTime>
								<TimetabledPassingTime>
									<StopPointInJourneyPatternRef version="any" ref="UNI:StopPointInJourneyPattern:holtet"/>
									<ArrivalTime>06:10:00</ArrivalTime>
								</TimetabledPassingTime>
							</passingTimes>
						</ServiceJourney>
						<ServiceJourney version="any" id="UNI:ServiceJourney:109-CODE-0630">
							<DepartureTime>06:30:00</DepartureTime>
							<dayTypes>
								<DayTypeRef ref="UNI:DayType:saturday"/>
								<DayTypeRef ref="UNI:DayType:sunday"/>
							</dayTypes>
							<JourneyPatternRef ref="UNI:JourneyPattern:109"/>
							<!-- Optional: -->
							<LineRef ref="UNI:line:109"/>
							<passingTimes>
								<TimetabledPassingTime>
									<!-- Helsfyr T -->
									<StopPointInJourneyPatternRef version="any" ref="UNI:StopPointInJourneyPattern:helfyr_t"/>
									<DepartureTime>06:30:00</DepartureTime>
								</TimetabledPassingTime>
								<TimetabledPassingTime>
									<!-- Brynseng T -->
									<StopPointInJourneyPatternRef version="any" ref="UNI:StopPointInJourneyPattern:brynseng_t"/>
									<DepartureTime>06:32:00</DepartureTime>
								</TimetabledPassingTime>
								<TimetabledPassingTime>
									<!-- Høyenhall T -->
									<StopPointInJourneyPatternRef version="any" ref="UNI:StopPointInJourneyPattern:hoyenhall_t"/>
									<DepartureTime>06:33:00</DepartureTime>
								</TimetabledPassingTime>
								<TimetabledPassingTime>
									<!-- Manglerud T -->
									<StopPointInJourneyPatternRef version="any" ref="UNI:StopPointInJourneyPattern:manglerud_t"/>
									<DepartureTime>06:34:00</DepartureTime>
								</TimetabledPassingTime>
								<TimetabledPassingTime>
									<!-- Ryen T -->
									<StopPointInJourneyPatternRef version="any" ref="UNI:StopPointInJourneyPattern:ryen_t"/>
									<DepartureTime>06:35:00</DepartureTime>
								</TimetabledPassingTime>
								<TimetabledPassingTime>
									<!-- Holtet -->
									<StopPointInJourneyPatternRef version="any" ref="UNI:StopPointInJourneyPattern:holtet"/>
									<ArrivalTime>06:40:00</ArrivalTime>
								</TimetabledPassingTime>
							</passingTimes>
						</ServiceJourney>
						<ServiceJourney version="any" id="UNI:ServiceJourney:109-CODE-0700">
							<dayTypes>
								<DayTypeRef ref="UNI:DayType:sunday"/>
							</dayTypes>
							<JourneyPatternRef ref="UNI:JourneyPattern:109"/>
							<!-- Optional: -->
							<LineRef ref="UNI:line:109"/>
							<passingTimes>
								<TimetabledPassingTime>
									<StopPointInJourneyPatternRef version="any" ref="UNI:StopPointInJourneyPattern:helfyr_t"/>
									<DepartureTime>07:00:00</DepartureTime>
								</TimetabledPassingTime>
								<TimetabledPassingTime>
									<StopPointInJourneyPatternRef version="any" ref="UNI:StopPointInJourneyPattern:brynseng_t"/>
									<DepartureTime>07:02:00</DepartureTime>
								</TimetabledPassingTime>
								<TimetabledPassingTime>
									<StopPointInJourneyPatternRef version="any" ref="UNI:StopPointInJourneyPattern:hoyenhall_t"/>
									<DepartureTime>07:03:00</DepartureTime>
								</TimetabledPassingTime>
								<TimetabledPassingTime>
									<StopPointInJourneyPatternRef version="any" ref="UNI:StopPointInJourneyPattern:manglerud_t"/>
									<DepartureTime>07:04:00</DepartureTime>
								</TimetabledPassingTime>
								<TimetabledPassingTime>
									<StopPointInJourneyPatternRef version="any" ref="UNI:StopPointInJourneyPattern:ryen_t"/>
									<DepartureTime>07:07:00</DepartureTime>
								</TimetabledPassingTime>
								<TimetabledPassingTime>
									<StopPointInJourneyPatternRef version="any" ref="UNI:StopPointInJourneyPattern:holtet"/>
									<ArrivalTime>07:10:00</ArrivalTime>
								</TimetabledPassingTime>
							</passingTimes>
						</ServiceJourney>
						<!-- ########################### -->
						<!-- ALTERNATE DESCRIPTION pt. 1 -->
						<!-- ########################### -->
						<TemplateServiceJourney version="any" id="UNI:TemplateServiceJourney:109-weekdays">
							<dayTypes>
								<DayTypeRef ref="UNI:DayType:weekday"/>
							</dayTypes>
							<JourneyPatternRef ref="UNI:JourneyPattern:109"/>
							<RhythmicalJourneyGroupRef ref="UNI:RhythmicalJourneyGroup:weekdays"/>
							<!-- Optional: -->
							<LineRef ref="UNI:line:109"/>
							<passingTimes>
								<TimetabledPassingTime>
									<StopPointInJourneyPatternRef version="any" ref="UNI:StopPointInJourneyPattern:helfyr_t"/>
									<DepartureTime>00:30:00</DepartureTime>
								</TimetabledPassingTime>
								<TimetabledPassingTime>
									<StopPointInJourneyPatternRef version="any" ref="UNI:StopPointInJourneyPattern:brynseng_t"/>
									<DepartureTime>00:32:00</DepartureTime>
								</TimetabledPassingTime>
								<TimetabledPassingTime>
									<StopPointInJourneyPatternRef version="any" ref="UNI:StopPointInJourneyPattern:hoyenhall_t"/>
									<DepartureTime>00:33:00</DepartureTime>
								</TimetabledPassingTime>
								<TimetabledPassingTime>
									<StopPointInJourneyPatternRef version="any" ref="UNI:StopPointInJourneyPattern:manglerud_t"/>
									<DepartureTime>00:34:00</DepartureTime>
								</TimetabledPassingTime>
								<TimetabledPassingTime>
									<StopPointInJourneyPatternRef version="any" ref="UNI:StopPointInJourneyPattern:ryen_t"/>
									<DepartureTime>00:37:00</DepartureTime>
								</TimetabledPassingTime>
								<TimetabledPassingTime>
									<StopPointInJourneyPatternRef version="any" ref="UNI:StopPointInJourneyPattern:holtet"/>
									<ArrivalTime>00:40:00</ArrivalTime>
								</TimetabledPassingTime>
							</passingTimes>
						</TemplateServiceJourney>
						<!-- ########################### -->
						<!-- Etc. (similarly for other departures) -->
						<!--  * 05:00 (weekdays) -->
						<!--  * 05:30 (incl. Saturday) -->
						<!--  * 06:00 (Sat./Sun.) -->
						<!--  * 06:30 (Sat./Sun.) -->
						<!--  * 07:00 (Sundays) -->
						<!-- ########################### -->
					</vehicleJourneys>
					<!-- ########################### -->
					<!-- ALTERNATE DESCRIPTION pt. 2 -->
					<!-- ########################### -->
					<frequencyGroups>
						<RhythmicalJourneyGroup version="any" id="UNI:RhythmicalJourneyGroup:weekdays">
							<FirstDepartureTime>04:30:00</FirstDepartureTime>
							<LastDepartureTime>05:30:00</LastDepartureTime>
							<timebands>
								<TimebandRef version="any" ref="UNI:Timeband:halfhour"/>
								<TimebandRef version="any" ref="UNI:Timeband:fullhour"/>
							</timebands>
						</RhythmicalJourneyGroup>
						<RhythmicalJourneyGroup version="any" id="UNI:RhythmicalJourneyGroup:saturday">
							<FirstDepartureTime>05:30:00</FirstDepartureTime>
							<LastDepartureTime>06:30:00</LastDepartureTime>
							<timebands>
								<TimebandRef version="any" ref="UNI:Timeband:halfhour"/>
								<TimebandRef version="any" ref="UNI:Timeband:fullhour"/>
							</timebands>
						</RhythmicalJourneyGroup>
						<RhythmicalJourneyGroup version="any" id="UNI:RhythmicalJourneyGroup:sunday">
							<FirstDepartureTime>06:00:00</FirstDepartureTime>
							<LastDepartureTime>07:00:00</LastDepartureTime>
							<timebands>
								<TimebandRef version="any" ref="UNI:Timeband:halfhour"/>
								<TimebandRef version="any" ref="UNI:Timeband:fullhour"/>
							</timebands>
						</RhythmicalJourneyGroup>
					</frequencyGroups>
				</TimetableFrame>
				<!-- ===SERVICE CALENDAR FRAME=== -->
				<ServiceCalendarFrame version="any" id="UNI:ServiceCalendarFrame:01">
					<ServiceCalendar version="any" id="UNI:ServiceCalendar:01">
						<!-- ############################# -->
						<!-- (for alternative description) -->
						<!-- ############################# -->
						<timebands>
							<Timeband version="any" id="UNI:Timeband:fullhour">
								<StartTime>00:00:00</StartTime>
								<EndTime>00:00:00</EndTime>
							</Timeband>
							<Timeband version="any" id="UNI:Timeband:halfhour">
								<StartTime>00:30:00</StartTime>
								<EndTime>00:30:00</EndTime>
							</Timeband>
						</timebands>
					</ServiceCalendar>
					<dayTypes>
						<DayType version="any" id="UNI:DayType:weekday">
							<Name>Ukedager (mandag til fredag)</Name>
							<properties>
								<PropertyOfDay>
									<DaysOfWeek>Monday Tuesday Wednesday Thursday Friday</DaysOfWeek>
								</PropertyOfDay>
							</properties>
						</DayType>
						<DayType version="any" id="UNI:DayType:saturday">
							<Name>LØrdag</Name>
							<properties>
								<PropertyOfDay>
									<DaysOfWeek>Saturday</DaysOfWeek>
								</PropertyOfDay>
							</properties>
						</DayType>
						<DayType version="any" id="UNI:DayType:sunday">
							<Name>SØndag</Name>
							<properties>
								<PropertyOfDay>
									<DaysOfWeek>Sunday</DaysOfWeek>
								</PropertyOfDay>
							</properties>
						</DayType>
					</dayTypes>
				</ServiceCalendarFrame>
			</frames>
		</CompositeFrame>
	</dataObjects>
</PublicationDelivery>
