<?xml version="1.0" encoding="utf-8"?>
<!-- ==== Simple Stop Example ====== 
Eksempelet er basert på offisielle NeTEx-XML eksempler og viser et stoppested med to quays i gaten uten spesielle fasiliteter 
    Objektet består av
       (i)   STOP PLACE		NSR:StopPlace:12345678			Bryn skole (i Ole Deviks vei)
       (ii)  QUAY			NSR:Quay:12345679		Bryn skole southbound (to city center)
       (iii) QUAY			NSR:Quay:12345670		Bryn skole northbound (from city center)

Frames (gruppering)
	En COMPOSITE FRAME brukes for å gruppere (og versjonere) eksempelet
	STOP PLACE og QUAYs er definert i SITE FRAME
	SERVICE FRAME er tatt med kun for å vise hvordan stoppestedet kan refereres
	
(RESOURCE FRAME med FrameDefaults og organization er utelatt for å forenkle eksempelet)
-->
<PublicationDelivery xmlns="http://www.netex.org.uk/netex" xmlns:xsi="http://www.w3.org/2001/XMLSchema-instance" xmlns:gml="http://www.opengis.net/gml/3.2" xmlns:siri="http://www.siri.org.uk/siri" version="1.0" xsi:schemaLocation="http://www.netex.org.uk/netex ../../../../xsd/NeTEx_publication.xsd">
	<PublicationTimestamp>2016-04-29T12:30:00.0Z</PublicationTimestamp>
	<ParticipantRef>NSR</ParticipantRef>
	<dataObjects>
		<CompositeFrame version="any" id="NSR:CompositeFrame:1">
			<validityConditions>
				<AvailabilityCondition version="any" id="NSR:AvailabilityCondition:1">
					<FromDate>2017-03-08T12:12:00.0Z</FromDate>
				</AvailabilityCondition>
			</validityConditions>
			<codespaces>
				<Codespace id="NRS">
					<Xmlns>NSR</Xmlns>
					<XmlnsUrl>http://www.rutebanken.org/ns/nsr</XmlnsUrl>
				</Codespace>
			</codespaces>
			<frames>
				<SiteFrame version="any" id="NSR:SiteFrame:1">
					<!-- ===Stoppesteder=== -->
					<stopPlaces>
						<!-- Merk: Holdeplass-ID vil komme fra Holdeplassregisteret -->
						<StopPlace version="any" id="NSR:StopPlace:12345678">
							<Centroid>
								<Location srsName="WGS84" id="NSR:Location:1">
									<Longitude>10.824609</Longitude>
									<Latitude>59.913915</Latitude>
								</Location>
							</Centroid>
							<AccessibilityAssessment version="any" id="NSR:AccessibilityAssessment:1">
								<MobilityImpairedAccess>true</MobilityImpairedAccess>
								<limitations>
									<AccessibilityLimitation>
										<WheelchairAccess>true</WheelchairAccess>
										<StepFreeAccess>true</StepFreeAccess>
									</AccessibilityLimitation>
								</limitations>
							</AccessibilityAssessment>
							<placeEquipments>
								<GeneralSign id="NSR:GeneralSign:1" version="any">
									<PrivateCode>512</PrivateCode>
									<SignContentType>transportMode</SignContentType>
								</GeneralSign>
							</placeEquipments>
							<TransportMode>bus</TransportMode>
							<StopPlaceType>onstreetBus</StopPlaceType>
							<quays>
								<Quay version="any" id="NSR:Quay:12345679">
									<Centroid>
										<Location>
											<Longitude>59.9139819</Longitude>
											<Latitude>10.8247039</Latitude>
										</Location>
									</Centroid>
									<Lighting>poorlyLit</Lighting>
									<facilities>
										<SiteFacilitySetRef ref="NSR:SiteFacilitySet:timetablePoster"/>
										<SiteFacilitySetRef ref="NSR:SiteFacilitySet:fareInformation"/>
									</facilities>
									<PublicCode>Sør</PublicCode>
									<CompassBearing>200</CompassBearing>
								</Quay>
								<Quay version="any" id="NSR:Quay:12345670">
									<Centroid>
										<Location>
											<Longitude>59.9138612</Longitude>
											<Latitude>10.8244793</Latitude>
										</Location>
									</Centroid>
									<Lighting>wellLit</Lighting>
									<facilities>
										<SiteFacilitySetRef ref="NSR:SiteFacilitySet:timetablePoster"/>
									</facilities>
									<PublicCode>Nord</PublicCode>
									<CompassBearing>020</CompassBearing>
								</Quay>
							</quays>
						</StopPlace>
					</stopPlaces>
					<siteFacilitySets>
						<!-- TODO: Rapportert forslag til utvidelse av NeTEx slik at dette... -->
						<SiteFacilitySet id="NSR:SiteFacilitySet:timetablePoster" version="any">
							<PassengerInformationEquipmentList>timetablePoster</PassengerInformationEquipmentList>
						</SiteFacilitySet>
						<SiteFacilitySet id="NSR:SiteFacilitySet:lineNetworkPlan" version="any">
							<PassengerInformationEquipmentList>lineNetworkPlan</PassengerInformationEquipmentList>
						</SiteFacilitySet>
						<SiteFacilitySet id="NSR:SiteFacilitySet:realTimeDepartures" version="any">
							<PassengerInformationEquipmentList>realTimeDepartures</PassengerInformationEquipmentList>
						</SiteFacilitySet>
						<SiteFacilitySet id="NSR:SiteFacilitySet:fareInformation" version="any">
							<PassengerInformationEquipmentList>fareInformation</PassengerInformationEquipmentList>
						</SiteFacilitySet>
					</siteFacilitySets>
					<!-- ...kan modellers mer eksplisitt/presist som Equipment:
							<placeEquipments>
								<PassengerInformationEquipment id="passengerinformationequipment" version="any">
									alt 1: <PassengerInformationFacilityList>[dataset]</PassengerInformationFacilityList>
									alt 2: <PassengerInformationEquipmentList>[dataset]</PassengerInformationEquipmentList>
								</PassengerInformationEquipment>
							</placeEquipments>
							-->
				</SiteFrame>
			</frames>
		</CompositeFrame>
	</dataObjects>
</PublicationDelivery>
