<?xml version="1.0" encoding="UTF-8"?>
<!--
    This example describes Oslo S station and contains following elements:
    - StopPlace for bus and tram in front of Oslo S
    - StopPlace for bus between Oslo S and Oslo City
    - StopPlace for tram near TGI Fridays
    - StopPlace for TBane
    - StopPlace for train with several platforms, assigned to trains and airport express trains (not all platforms are included in this example)
-->
<PublicationDelivery xmlns="http://www.netex.org.uk/netex" xmlns:siri="http://www.siri.org.uk/siri" xmlns:gml="http://www.opengis.net/gml/3.2" xmlns:core="http://www.govtalk.gov.uk/core" xmlns:xlink="http://www.w3.org/1999/xlink" xmlns:ifopt="http://www.ifopt.org.uk/ifopt" xmlns:xsi="http://www.w3.org/2001/XMLSchema-instance" xsi:schemaLocation="http://www.netex.org.uk/netex ../../../../xsd/NeTEx_publication.xsd">
	<PublicationTimestamp>2016-04-20T14:22:14Z</PublicationTimestamp>
	<ParticipantRef>Rutebanken</ParticipantRef>
	<dataObjects>
		<CompositeFrame id="NHR:CompositeFrame:nhr" created="2015-11-21T11:50:51" dataSourceRef="NHR:DataSource:nhr" version="any">
			<Description>Composite frame that unites ResourceFrame and SiteFrame in order to spesify some shared values like version, creation date and codespaces</Description>
			<codespaces>
				<Codespace id="nhr">
					<Xmlns>NHR</Xmlns>
					<XmlnsUrl>http://www.rutebanken.no/nasjonltholdeplassregister</XmlnsUrl>
				</Codespace>
			</codespaces>
			<FrameDefaults>
				<DefaultLocale>
					<DefaultLanguage>no</DefaultLanguage>
				</DefaultLocale>
			</FrameDefaults>
			<frames>
				<ResourceFrame id="NHR:ResourceFrame:rf" version="any">
					<dataSources>
						<DataSource id="NHR:DataSource:nhr" version="any">
							<Name>Rutebanken / Nasjonalt holdeplassregister</Name>
						</DataSource>
					</dataSources>
					<organisations>
						<Authority id="Authority:0" version="any">
							<CompanyNumber>000000000</CompanyNumber>
							<Name>Rutebanken</Name>
							<LegalName>RUTEBANKEN AS</LegalName>
							<ContactDetails>
								<Email>nhr@rutebanken.no</Email>
								<Phone>004712345678</Phone>
								<Url>http://www.rutebanen.no/nhr</Url>
							</ContactDetails>
							<OrganisationType>authority</OrganisationType>
							<!-- TODO responsibilityRef Ruter har ansvaret for endel holdeplasser her -->
						</Authority>
					</organisations>
				</ResourceFrame>
				<SiteFrame id="NHR:SiteFrame:1" version="any">
					<stopPlaces>
						<!-- Monomodal stop place for bus in front of Oslo S -->
						<StopPlace id="NHR:StopPlace:1" version="any">
							<Name>Jernbanetorget</Name>
							<Description>Foran Oslo S</Description>
							<Centroid>
								<Location>
									<Longitude>59.9117492</Longitude>
									<Latitude>10.749849</Latitude>
								</Location>
							</Centroid>
							<!-- What kind of accessibility limitations are present -->
							<AccessibilityAssessment id="NHR:AccessibilityAssessment:1" version="any">
								<MobilityImpairedAccess>true</MobilityImpairedAccess>
							</AccessibilityAssessment>
							<Covered>outdoors</Covered>
							<Gated>openArea</Gated>
							<!-- What kind of facilities are available -->
							<!-- TODO -->
							<facilities>
								<SiteFacilitySetRef ref="sfs:1"/>
							</facilities>
							<ParentSiteRef ref="NHR:StopPlace:3"/>
							<TransportMode>bus</TransportMode>
							<BusSubmode>localBus</BusSubmode>
							<StopPlaceType>onstreetBus</StopPlaceType>
							<quays>
								<Quay id="NHR:Quay:1" version="any">
									<Description>Strandgata retning nord</Description>
									<Centroid>
										<Location>
											<Longitude>59.9117492</Longitude>
											<Latitude>10.749849</Latitude>
										</Location>
									</Centroid>
									<!-- TODO ta bort? -->
									<CompassBearing>120.0</CompassBearing>
									<QuayType>busStop</QuayType>
								</Quay>
								<Quay id="NHR:Quay:2" version="any">
									<Description>Fred Olsens gate retning sør</Description>
									<Centroid>
										<Location>
											<!-- Koordinater ikke korrekt -->
											<Longitude>59.9117492</Longitude>
											<Latitude>10.749849</Latitude>
										</Location>
									</Centroid>
									<QuayType>busStop</QuayType>
								</Quay>
							</quays>
						</StopPlace>
						<!-- Monomodal stop place for tranway in front of Oslo S -->
						<StopPlace id="NHR:StopPlace:2" version="any">
							<Name>Jernbanetorget</Name>
							<Description>Foran Oslo S</Description>
							<Centroid>
								<Location>
									<!-- Koordinater ikke korrekt -->
									<Longitude>59.9117492</Longitude>
									<Latitude>10.749849</Latitude>
								</Location>
							</Centroid>
							<!-- What kind of accessibility limitations are present -->
							<AccessibilityAssessment id="NHR:AccessibilityAssessment:2" version="any">
								<MobilityImpairedAccess>true</MobilityImpairedAccess>
							</AccessibilityAssessment>
							<Covered>outdoors</Covered>
							<Gated>openArea</Gated>
							<!-- What kind of facilities are available -->
							<!-- TODO -->
							<facilities>
								<SiteFacilitySetRef ref="sfs:1"/>
							</facilities>
							<ParentSiteRef ref="NHR:StopPlace:3"/>
							<TransportMode>tram</TransportMode>
							<TramSubmode>cityTram</TramSubmode>
							<StopPlaceType>onstreetTram</StopPlaceType>
							<quays>
								<Quay id="NHR:Quay:3" version="any">
									<Description>Strandgata retning nord</Description>
									<Centroid>
										<Location>
											<!-- Koordinater ikke korrekt -->
											<Longitude>59.9117492</Longitude>
											<Latitude>10.749849</Latitude>
										</Location>
									</Centroid>
									<!-- TODO ta bort? -->
									<CompassBearing>120.0</CompassBearing>
									<QuayType>tramPlatform</QuayType>
								</Quay>
								<Quay id="NHR:Quay:4" version="any">
									<Description>Fred Olsens gate retning sør</Description>
									<Centroid>
										<Location>
											<!-- Koordinater ikke korrekt -->
											<Longitude>59.9117492</Longitude>
											<Latitude>10.749849</Latitude>
										</Location>
									</Centroid>
									<QuayType>tramPlatform</QuayType>
								</Quay>
							</quays>
						</StopPlace>
						<!-- Multimodal stop place for bus/tram in front of Oslo S -->
						<StopPlace id="NHR:StopPlace:3" version="any">
							<Name>Jernbanetorget</Name>
							<Description>Foran Oslo S</Description>
							<Centroid>
								<Location>
									<!-- Koordinater ikke korrekt -->
									<Longitude>59.9117492</Longitude>
									<Latitude>10.749849</Latitude>
								</Location>
							</Centroid>
							<placeTypes>
								<TypeOfPlaceRef ref="multimodalStopPlace"/>
							</placeTypes>
							<Covered>outdoors</Covered>
							<Gated>openArea</Gated>
							<OrganisationRef ref="org:auth:ruter"/>
							<TransportMode>bus</TransportMode>
							<OtherTransportModes>tram</OtherTransportModes>
							<tariffZones>
								<TariffZoneRef ref="tz:osl:1"/>
							</tariffZones>
							<StopPlaceType>other</StopPlaceType>
						</StopPlace>
						<!-- Monomodal stop place for bus between Oslo S and Oslo City -->
						<StopPlace id="sp:osl:4" version="any">
							<Name lang="no-NO">Jernbanetorget</Name>
							<Description>Biskop Gunnerus gate mellom Oslo S og Oslo City</Description>
							<Centroid>
								<Location>
									<!-- Koordinater ikke korrekt -->
									<Longitude>59.9117492</Longitude>
									<Latitude>10.749849</Latitude>
								</Location>
							</Centroid>
							<placeTypes>
								<TypeOfPlaceRef ref="monomodalStopPlace"/>
							</placeTypes>
							<!-- What kind of accessibility limitations are present -->
							<AccessibilityAssessment id="NHR:AccessibilityAssessment:3" version="any">
								<MobilityImpairedAccess>true</MobilityImpairedAccess>
								<limitations>
									<AccessibilityLimitation>
										<WheelchairAccess>true</WheelchairAccess>
										<StepFreeAccess>true</StepFreeAccess>
										<AudibleSignalsAvailable>true</AudibleSignalsAvailable>
									</AccessibilityLimitation>
								</limitations>
							</AccessibilityAssessment>
							<Covered>outdoors</Covered>
							<Gated>openArea</Gated>
							<!-- What kind of facilities are available -->
							<facilities>
								<SiteFacilitySetRef ref="sfs:1"/>
							</facilities>
							<TransportMode>bus</TransportMode>
							<BusSubmode>localBus</BusSubmode>
							<StopPlaceType>onstreetBus</StopPlaceType>
							<quays>
								<Quay id="NHR:Quay:5" version="any">
									<Description>Biskop Gunnerus gate v/Oslo S retning øst</Description>
									<Centroid>
										<Location>
											<!-- Koordinater ikke korrekt -->
											<Longitude>59.9117492</Longitude>
											<Latitude>10.749849</Latitude>
										</Location>
									</Centroid>
									<!-- TODO ta bort? -->
									<CompassBearing>120.0</CompassBearing>
									<QuayType>busStop</QuayType>
								</Quay>
								<Quay id="NHR:Quay:6" version="any">
									<Description>Biskop Gunnerus v/Oslo City gate retning vest</Description>
									<Centroid>
										<Location>
											<!-- Koordinater ikke korrekt -->
											<Longitude>59.9117492</Longitude>
											<Latitude>10.749849</Latitude>
										</Location>
									</Centroid>
									<QuayType>busStop</QuayType>
								</Quay>
							</quays>
						</StopPlace>
						<!-- Monomodal stop place for tram near TGI Fridays -->
						<StopPlace id="NHR:StopPlace:6" version="any">
							<Name lang="no-NO">Jernbanetorget</Name>
							<Description>Biskop Gunnerus gate ved Europarådets plass</Description>
							<Centroid>
								<Location>
									<!-- Koordinater ikke korrekt -->
									<Longitude>59.9117492</Longitude>
									<Latitude>10.749849</Latitude>
								</Location>
							</Centroid>
							<!-- TODO -->
							<placeTypes>
								<TypeOfPlaceRef ref="monomodalStopPlace"/>
							</placeTypes>
							<!-- What kind of accessibility limitations are present -->
							<AccessibilityAssessment id="NHR:AccessibilityAssessment:4" version="any">
								<MobilityImpairedAccess>true</MobilityImpairedAccess>
								<limitations>
									<AccessibilityLimitation>
										<WheelchairAccess>true</WheelchairAccess>
										<StepFreeAccess>true</StepFreeAccess>
									</AccessibilityLimitation>
								</limitations>
							</AccessibilityAssessment>
							<Covered>outdoors</Covered>
							<Gated>openArea</Gated>
							<!-- What kind of facilities are available -->
							<facilities>
								<SiteFacilitySetRef ref="sfs:1"/>
							</facilities>
							<TransportMode>tram</TransportMode>
							<TramSubmode>localTram</TramSubmode>
							<StopPlaceType>onstreetTram</StopPlaceType>
							<quays>
								<Quay id="NHR:Quay:7" version="any">
									<Description>Biskop Gunnerus gate ved Europarådets plass retning øst</Description>
									<Centroid>
										<Location>
											<!-- Koordinater ikke korrekt -->
											<Longitude>59.9117492</Longitude>
											<Latitude>10.749849</Latitude>
										</Location>
									</Centroid>
									<!-- TODO ta bort? -->
									<CompassBearing>120.0</CompassBearing>
									<QuayType>tramPlatform</QuayType>
								</Quay>
								<Quay id="NHR:Quay:8" version="any">
									<Description>Biskop Gunnerus gate ved Europarådets plass retning vest</Description>
									<Centroid>
										<Location>
											<!-- Koordinater ikke korrekt -->
											<Longitude>59.9117492</Longitude>
											<Latitude>10.749849</Latitude>
										</Location>
									</Centroid>
									<QuayType>tramPlatform</QuayType>
								</Quay>
							</quays>
						</StopPlace>
						<!-- Monomodal stop place for TBane -->
						<StopPlace id="NHR:StopPlace:7" version="any">
							<Name>Jernbanetorget</Name>
							<Description>T-Bane Oslo S</Description>
							<Centroid>
								<Location>
									<!-- Koordinater ikke korrekt -->
									<Longitude>59.9117492</Longitude>
									<Latitude>10.749849</Latitude>
								</Location>
							</Centroid>
							<placeTypes>
								<TypeOfPlaceRef ref="monomodalStopPlace"/>
							</placeTypes>
							<!-- What kind of accessibility limitations are present -->
							<AccessibilityAssessment id="NHR:AccessibilityAssessment:5" version="any">
								<MobilityImpairedAccess>true</MobilityImpairedAccess>
								<limitations>
									<AccessibilityLimitation>
										<WheelchairAccess>true</WheelchairAccess>
										<StepFreeAccess>true</StepFreeAccess>
									</AccessibilityLimitation>
								</limitations>
							</AccessibilityAssessment>
							<Covered>indoors</Covered>
							<Gated>openArea</Gated>
							<!-- What kind of facilities are available -->
							<facilities>
								<SiteFacilitySetRef ref="sfs:1"/>
							</facilities>
							<!-- TODO -->
							<ParentSiteRef ref="sp:osl:3"/>
							<TransportMode>metro</TransportMode>
							<MetroSubmode>metro</MetroSubmode>
							<StopPlaceType>metroStation</StopPlaceType>
							<quays>
								<Quay id="NHR:Quay:9" version="any">
									<Name>1</Name>
									<Description>Retning vest</Description>
									<Centroid>
										<Location>
											<!-- Koordinater ikke korrekt -->
											<Longitude>59.9117492</Longitude>
											<Latitude>10.749849</Latitude>
										</Location>
									</Centroid>
									<QuayType>metroPlatform</QuayType>
								</Quay>
								<Quay id="NHR:Quay:10" version="any">
									<Name>2</Name>
									<Description>Retning øst</Description>
									<Centroid>
										<Location>
											<!-- Koordinater ikke korrekt -->
											<Longitude>59.9117492</Longitude>
											<Latitude>10.749849</Latitude>
										</Location>
									</Centroid>
									<QuayType>metroPlatform</QuayType>
								</Quay>
							</quays>
						</StopPlace>
						<!-- Monomodal stop place for train -->
						<!-- FORTSETT HERFRA OG NED -->
						<StopPlace id="NHR:StopPlace:8" version="any">
							<Name lang="no-NO">Oslo S</Name>
							<Centroid>
								<Location>
									<!-- Koordinater ikke korrekt -->
									<Longitude>59.9117492</Longitude>
									<Latitude>10.749849</Latitude>
								</Location>
							</Centroid>
							<placeTypes>
								<TypeOfPlaceRef ref="monomodalStopPlace"/>
							</placeTypes>
							<!-- What kind of accessibility limitations are present -->
							<AccessibilityAssessment id="NHR:AccessibilityAssessment:6" version="any">
								<MobilityImpairedAccess>true</MobilityImpairedAccess>
								<limitations>
									<AccessibilityLimitation>
										<WheelchairAccess>true</WheelchairAccess>
										<StepFreeAccess>true</StepFreeAccess>
										<AudibleSignalsAvailable>true</AudibleSignalsAvailable>
									</AccessibilityLimitation>
								</limitations>
							</AccessibilityAssessment>
							<Covered>indoors</Covered>
							<Gated>openArea</Gated>
							<!-- What kind of facilities are available -->
							<facilities>
								<SiteFacilitySetRef ref="sfs:1"/>
							</facilities>
							<entrances>
								<!-- Hovedinngang mot Jernbanetorget -->
								<StopPlaceEntrance id="NHR:Entrance:1" version="any">
									<EntranceType>automaticDoor</EntranceType>
									<Width>1.5</Width>
									<Height>2.2</Height>
								</StopPlaceEntrance>
							</entrances>
							<TransportMode>rail</TransportMode>
							<StopPlaceType>railStation</StopPlaceType>
							<!-- Example must be updated from here on, still on old dummy values -->
							<quays>
								<!-- Spor 1 -->
								<Quay id="NHR:Quay:100" version="any">
									<Centroid>
										<Location>
											<!-- Koordinater ikke korrekt -->
											<Longitude>59.9117492</Longitude>
											<Latitude>10.749849</Latitude>
										</Location>
									</Centroid>
									<Covered>covered</Covered>
									<QuayType>railPlatform</QuayType>
									<boardingPositions>
										<BoardingPosition id="NHR:BoardingPosition:1" version="any">
											<Label>A</Label>
											<BoardingPositionType>positionOnRailPlatform</BoardingPositionType>
										</BoardingPosition>
										<BoardingPosition id="NHR:BoardingPosition:2" version="any">
											<Label>B</Label>
											<BoardingPositionType>positionOnRailPlatform</BoardingPositionType>
										</BoardingPosition>
										<BoardingPosition id="NHR:BoardingPosition:3" version="any">
											<Label>C</Label>
											<BoardingPositionType>positionOnRailPlatform</BoardingPositionType>
										</BoardingPosition>
										<BoardingPosition id="NHR:BoardingPosition:4" version="any">
											<Label>D</Label>
											<BoardingPositionType>positionOnRailPlatform</BoardingPositionType>
										</BoardingPosition>
										<BoardingPosition id="NHR:BoardingPosition:5" version="any">
											<Label>E</Label>
											<BoardingPositionType>positionOnRailPlatform</BoardingPositionType>
										</BoardingPosition>
										<BoardingPosition id="NHR:BoardingPosition:6" version="any">
											<Label>F</Label>
											<BoardingPositionType>positionOnRailPlatform</BoardingPositionType>
										</BoardingPosition>
									</boardingPositions>
								</Quay>
								<!-- Alle andre spor anses å være identiske (bortsett fra 1-21?), derfor ikke tatt med her -->
							</quays>
							<accessSpaces>
								<!-- Hovedhallen på Oslo S. Etasjer er ikke modellert opp her, men kan gjøres på sikt. Østbanehallen er også utelatt. -->
								<AccessSpace id="NHR:AccessSpace:1" version="any">
									<gml:Polygon gml:id="OsloS">
										<!-- Omriss av innsiden på Oslo S hovedbanehallen -->
										<gml:interior>
											<gml:LinearRing>
												<gml:pos>10.12 59.383</gml:pos>
												<gml:pos>10.11 59.373</gml:pos>
												<gml:pos>10.10 59.363</gml:pos>
												<gml:pos>10.12 59.343</gml:pos>
											</gml:LinearRing>
										</gml:interior>
									</gml:Polygon>
									<PublicUse>all</PublicUse>
									<Covered>indoors</Covered>
									<Lighting>wellLit</Lighting>
									<AllAreasWheelchairAccessible>true</AllAreasWheelchairAccessible>
									<equipmentPlaces>
										<EquipmentPlace id="NHR:EquipmentPlace:1" version="any">
											<Centroid>
												<Location>
													<!-- Koordinater ikke korrekt -->
													<Longitude>59.9117492</Longitude>
													<Latitude>10.749849</Latitude>
												</Location>
											</Centroid>
											<placeEquipments>
												<TicketingEquipment id="NHR:TicketingEquipment:1" version="any">
													<VehicleModes>rail bus</VehicleModes>
													<NumberOfMachines>4</NumberOfMachines>
													<TicketingFacilityList>ticketOffice mobileTicketing
                                                        ticketMachines</TicketingFacilityList>
													<TicketingServiceFacilityList>reservations purchase</TicketingServiceFacilityList>
												</TicketingEquipment>
											</placeEquipments>
										</EquipmentPlace>
									</equipmentPlaces>
									<entrances>
										<StopPlaceEntranceRef ref="NHR:Entrance:1"/>
									</entrances>
									<AccessSpaceType>concourse</AccessSpaceType>
								</AccessSpace>
							</accessSpaces>
							<navigationPaths>
								<NavigationPathRef ref="np:1"/>
								<NavigationPathRef ref="np:2"/>
								<NavigationPathRef ref=""/>
							</navigationPaths>
						</StopPlace>
					</stopPlaces>
					<navigationPaths>
						<!-- Path between Entrance to Oslo S and platform 1 (spor 1) -->
						<NavigationPath id="np:1" version="any">
							<Distance>12.3</Distance>
							<From>
								<!-- From Entrance to Oslo S train stop (sp:osl:7) -->
								<PlaceRef ref="sp:osl:7:entr:1"/>
							</From>
							<To>
								<!-- Train platform - spor 1 -->
								<PlaceRef ref="q:sp:osl:7:spor1"/>
							</To>
							<TransferDuration>
								<DefaultDuration>PT15M0S</DefaultDuration>
								<FrequentTravellerDuration>PT4M0S</FrequentTravellerDuration>
								<OccasionalTravellerDuration>PT6M0S</OccasionalTravellerDuration>
								<MobilityRestrictedTravellerDuration>PT10M0S</MobilityRestrictedTravellerDuration>
							</TransferDuration>
							<AccessFeatureList>escalator concourse travelator</AccessFeatureList>
							<NavigationType>streetToQuay</NavigationType>
						</NavigationPath>
						<!-- Path between Oslo S train station and Oslo S P-hus car parking -->
						<NavigationPath id="np:2" version="any">
							<Distance>15.3</Distance>
							<From>
								<!-- From Entrance to Oslo S train stop (sp:osl:7) -->
								<PlaceRef ref="sp:osl:7:entr:1"/>
							</From>
							<To>
								<!-- Car parking -->
								<PlaceRef ref="par:osl:1"/>
							</To>
							<TransferDuration>
								<DefaultDuration>PT15M0S</DefaultDuration>
								<FrequentTravellerDuration>PT4M0S</FrequentTravellerDuration>
								<OccasionalTravellerDuration>PT6M0S</OccasionalTravellerDuration>
								<MobilityRestrictedTravellerDuration>PT10M0S</MobilityRestrictedTravellerDuration>
							</TransferDuration>
							<AccessFeatureList>street</AccessFeatureList>
							<NavigationType>streetToHall</NavigationType>
						</NavigationPath>
					</navigationPaths>
					<siteFacilitySets>
						<SiteFacilitySet id="sfs:1" version="any">
							<AccessibilityInfoFacilityList>largePrintTimetables audioForHearingImpaired audioInformation
                                displaysForVisuallyImpaired</AccessibilityInfoFacilityList>
							<PassengerInformationEquipmentList>timetablePoster</PassengerInformationEquipmentList>
							<PassengerInformationFacilityList>passengerInformationDisplay
                                realTimeConnections</PassengerInformationFacilityList>
						</SiteFacilitySet>
					</siteFacilitySets>
				</SiteFrame>
			</frames>
		</CompositeFrame>
	</dataObjects>
</PublicationDelivery>
