<?xml version="1.0" encoding="utf-8"?>
<!-- 
==== Stoppested med utstyr (billetteringsutstyr, toalett og baggasje-/sykkel-oppbevaring) og parkering / sykkelparkering ======
-->
<PublicationDelivery xmlns="http://www.netex.org.uk/netex" xmlns:xsi="http://www.w3.org/2001/XMLSchema-instance" version="1.04:NO-NeTEx-stops:1.0" xsi:schemaLocation="http://www.netex.org.uk/netex ../../../../xsd/NeTEx_publication.xsd">
	<PublicationTimestamp>2017-04-04T14:14:14.0Z</PublicationTimestamp>
	<ParticipantRef>NSR</ParticipantRef>
	<dataObjects>
		<SiteFrame version="any" id="NSR:SiteFrame:1">
			<stopPlaces>
				<!-- ===Stop=== -->
				<!-- Nasjonal ID fra stoppestedsregisteret -->
				<StopPlace version="any" id="NSR:StopPlace:10000000">
					<Name>Sample-stop</Name>
					<Covered>indoors</Covered>
					<placeEquipments>
						<TicketingEquipment id="RUT:TicketingEquipment:1" version="any">
							<VehicleModes>bus tram metro</VehicleModes>
							<NumberOfMachines>2</NumberOfMachines>
						</TicketingEquipment>
						<TicketingEquipment id="ENT:TicketingEquipment:2" version="any">
							<VehicleModes>rail</VehicleModes>
							<NumberOfMachines>1</NumberOfMachines>
						</TicketingEquipment>
						<WaitingRoomEquipment id="NSR:WaitingRoomEquipment:1" version="any">
							<Seats>7</Seats>
							<StepFree>true</StepFree>
							<Heated>false</Heated>
						</WaitingRoomEquipment>
						<SanitaryEquipment id="NSR:SanitaryEquipment:1" version="any">
							<Gender>both</Gender>
							<SanitaryFacilityList>toilet wheelChairAccessToilet</SanitaryFacilityList>
						</SanitaryEquipment>
						<CycleStorageEquipment id="NSR:CycleEquipment:1">
							<NumberOfSpaces>15</NumberOfSpaces>
							<CycleStorageType>racks</CycleStorageType>
						</CycleStorageEquipment>
						<GeneralSign id="NSR:GeneralSign:1" version="any">
							<PrivateCode>512</PrivateCode>
							<SignContentType>transportMode</SignContentType>
						</GeneralSign>
						<PassengerInformationEquipment id="RUT:PassengerInformationEquipment:1" version="any">
							<!-- IKKE I BRUK PDD. (ref. https://rutebanken.atlassian.net/wiki/display/REIS/Known+errors) -->
						</PassengerInformationEquipment>
					</placeEquipments>
					<localServices>
						<LuggageService id="NSR:LuggageService:1" version="any">
							<LuggageTrolleys>true</LuggageTrolleys>
							<FreeToUse>true</FreeToUse>
						</LuggageService>
						<LeftLuggageService id="NSR:LeftLuggageService:1" version="any">
							<LockerFee>true</LockerFee>
						</LeftLuggageService>
					</localServices>
					<TransportMode>bus</TransportMode>
					<StopPlaceType>busStation</StopPlaceType>
					<quays>
						<Quay version="any" id="NSR:Quay:11111111">
							<Centroid>
								<!-- WGS84 -->
								<Location srsName="WGS84">
									<Longitude>11.034508</Longitude>
									<Latitude>59.931081</Latitude>
								</Location>
							</Centroid>
							<!-- Generelt tilgjengelig med rullestol -->
							<AccessibilityAssessment version="any" id="NSR:AccessibilityAssessment:1">
								<MobilityImpairedAccess>true</MobilityImpairedAccess>
								<limitations>
									<!-- Minimumskrav til UU-informasjon -->
									<AccessibilityLimitation>
										<WheelchairAccess>true</WheelchairAccess>
										<StepFreeAccess>true</StepFreeAccess>
									</AccessibilityLimitation>
								</limitations>
							</AccessibilityAssessment>
							<Lighting>wellLit</Lighting>
							<placeEquipments>
								<ShelterEquipment id="NSR:ShelterEquipment:1" version="any">
									<Seats>2</Seats>
									<StepFree>true</StepFree>
									<Enclosed>true</Enclosed>
								</ShelterEquipment>
							</placeEquipments>
							<PublicCode>2</PublicCode>
						</Quay>
					</quays>
				</StopPlace>
			</stopPlaces>
			<parkings>
				<!-- ParkAndRide -->
				<Parking version="any" id="NSR:Parking:1">
					<ParkingType>parkAndRide</ParkingType>
					<ParkingVehicleTypes>car motorcycle</ParkingVehicleTypes>
					<PrincipalCapacity>100</PrincipalCapacity>
					<TotalCapacity>125</TotalCapacity>
					<OvernightParkingPermitted>true</OvernightParkingPermitted>
					<RechargingAvailable>true</RechargingAvailable>
					<ParkingReservation>reservationAllowed</ParkingReservation>
					<parkingProperties>
						<ParkingProperties>
							<ParkingUserTypes>all</ParkingUserTypes>
						</ParkingProperties>
					</parkingProperties>
				</Parking>
				<!-- Sykkelparkering (utendørs) -->
				<Parking version="any" id="NSR:Parking:2">
					<ParkingVehicleTypes>pedalCycle</ParkingVehicleTypes>
					<PrincipalCapacity>20</PrincipalCapacity>
					<TotalCapacity>20</TotalCapacity>
					<OvernightParkingPermitted>true</OvernightParkingPermitted>
					<RechargingAvailable>false</RechargingAvailable>
					<ParkingReservation>noReservations</ParkingReservation>
				</Parking>
				<!-- TODO: Sykkelhotell (registrering for tilgang til lukket sykkelparkeringsområde) -->
			</parkings>
			<!-- TODO: Endelig verifikasjon at vi ikke trenger noen av disse datasettene? -->
			<siteFacilitySets>
				<SiteFacilitySet id="NSR:SiteFacilitySet:2" version="any">
					<!-- se NeTEx part 1 s. 436 (7.7.14.2.3 Common Facility Values – Physical Model) -->
					<PassengerInformationEquipmentList>interactiveKiosk</PassengerInformationEquipmentList>
					<PassengerInformationFacilityList>passengerInformationDisplay nextStopIndicator</PassengerInformationFacilityList>
					<LuggageLockerFacilityList>lockers bikeRack</LuggageLockerFacilityList>
					<LuggageServiceFacilityList>leftLuggage</LuggageServiceFacilityList>
					<ParkingFacilityList>parkAndRidePark carPark cyclePark</ParkingFacilityList>
				</SiteFacilitySet>
			</siteFacilitySets>
		</SiteFrame>
	</dataObjects>
</PublicationDelivery>
