<?xml version="1.0" encoding="UTF-8"?>
<!--
submodel - Example of alternative stop names
-->
<PublicationDelivery xmlns="http://www.netex.org.uk/netex" xmlns:xsi="http://www.w3.org/2001/XMLSchema-instance" version="1.0" xsi:schemaLocation="http://www.netex.org.uk/netex ../../../../xsd/NeTEx_publication.xsd">
	<PublicationTimestamp>2016-07-07T16:07:07Z</PublicationTimestamp>
	<ParticipantRef>RUT</ParticipantRef>
	<Description>Example of alternative stop names</Description>
	<dataObjects>
		<!-- =========================================== -->
		<CompositeFrame version="any" created="2016-07-07T16:07:07Z" id="RUT:CompositeFrame">
			<ValidBetween>
				<FromDate>2013-04-07T00:00:00</FromDate>
			</ValidBetween>
			<codespaces>
				<!-- Codespace for national stop registry -->
				<Codespace id="nhr">
					<Xmlns>NHR</Xmlns>
					<XmlnsUrl>http://www.rutebanken.no/stoppestedregister</XmlnsUrl>
				</Codespace>
			</codespaces>
			<frames>
				<!-- =========================================== -->
				<ResourceFrame version="any" id="RUT:ResourceFrame">
					<organisations>
						<Authority version="any" id="RUT:Company:Ruter">
							<CompanyNumber>00000000</CompanyNumber>
							<Name>Nasjonalt stoppestedregister</Name>
							<LegalName>RUTER AS</LegalName>
							<OrganisationType>authority</OrganisationType>
						</Authority>
					</organisations>
				</ResourceFrame>
				<SiteFrame version="any" id="RUT:SiteFrame">
					<stopPlaces>
						<StopPlace version="any" id="NHR:StopPlace:Nationaltheatret">
							<Name lang="nob">Nationaltheatret</Name>
							<alternativeNames>
								<AlternativeName>
									<NameType>alias</NameType>
									<Name lang="nob">Nasjonalteateret</Name>
								</AlternativeName>
								<AlternativeName>
									<NameType>translation</NameType>
									<Name lang="eng">National theatre</Name>
								</AlternativeName>
							</alternativeNames>
							<!-- Quays not listed for this example -->
						</StopPlace>
					</stopPlaces>
				</SiteFrame>
			</frames>
		</CompositeFrame>
	</dataObjects>
</PublicationDelivery>
