<?xml version="1.0" encoding="UTF-8"?>
<!--
This example contains a autogenerated example of a station with two levels, an access space and some local equipment, both localized and general.
-->
<StopPlace xmlns="http://www.netex.org.uk/netex" xmlns:siri="http://www.siri.org.uk/siri" xmlns:core="http://www.govtalk.gov.uk/core" xmlns:ifopt="http://www.ifopt.org.uk/ifopt" xmlns:gml="http://www.opengis.net/gml/3.2" xmlns:xlink="http://www.w3.org/1999/xlink" xmlns:xsi="http://www.w3.org/2001/XMLSchema-instance" xsi:schemaLocation="http://www.netex.org.uk/netex ../../../../xsd/netex_part_1/part1_ifopt/netex_ifopt_stopPlace_version-v1.1.xsd">
	<Name>example</Name>
	<Description>Station example</Description>
	<Centroid>
		<Location>
			<Longitude>-90.131</Longitude>
			<Latitude>-87.242</Latitude>
			<Altitude>4361.735</Altitude>
			<gml:pos>1213019939.089 -1811400932.607 1786256506.455 -1948603133.691 1249629996.716 -958099707.906 -2012031523.831 -1087004176.288 48818226.932 1165775037.511 2060289250.744</gml:pos>
			<Precision>1106172778.501</Precision>
		</Location>
	</Centroid>
	<AccessibilityAssessment>
		<MobilityImpairedAccess>false</MobilityImpairedAccess>
		<limitations>
			<AccessibilityLimitation>
				<WheelchairAccess>false</WheelchairAccess>
				<StepFreeAccess>unknown</StepFreeAccess>
				<EscalatorFreeAccess>unknown</EscalatorFreeAccess>
				<LiftFreeAccess>unknown</LiftFreeAccess>
				<AudibleSignalsAvailable>false</AudibleSignalsAvailable>
				<VisualSignsAvailable>unknown</VisualSignsAvailable>
			</AccessibilityLimitation>
		</limitations>
		<suitabilities>
			<Suitability>
				<EncumbranceNeed>luggageEncumbered</EncumbranceNeed>
				<Suitable>suitable</Suitable>
			</Suitability>
			<Suitability>
				<MedicalNeed>heartCondition</MedicalNeed>
				<Suitable>notSuitable</Suitable>
			</Suitability>
		</suitabilities>
		<Comment>Random text here</Comment>
	</AccessibilityAssessment>
	<AccessModes>car shuttle taxi</AccessModes>
	<CrossRoad>y</CrossRoad>
	<Landmark>a</Landmark>
	<OperatingOrganisationView>
		<OrganisationRef ref="or:nsb"/>
		<Name>Norges Statsbaner</Name>
		<LegalName>NSB AS</LegalName>
		<ContactDetails>
			<ContactPerson>Ola Nordman</ContactPerson>
			<Email>ola@nordman.no</Email>
			<Phone>815 00 888</Phone>
			<Fax>n/a</Fax>
			<Url>http://www.nsb.no</Url>
			<FurtherDetails>Hovedkontor / Head office: Schweigaards gate 23</FurtherDetails>
		</ContactDetails>
	</OperatingOrganisationView>
	<levels>
		<Level>
			<AccessibilityAssessment>
				<MobilityImpairedAccess>false</MobilityImpairedAccess>
				<limitations>
					<AccessibilityLimitation>
						<WheelchairAccess>false</WheelchairAccess>
						<EscalatorFreeAccess>false</EscalatorFreeAccess>
					</AccessibilityLimitation>
				</limitations>
			</AccessibilityAssessment>
			<AllAreasWheelchairAccessible>false</AllAreasWheelchairAccessible>
		</Level>
		<Level>
			<AccessibilityAssessment>
				<MobilityImpairedAccess>unknown</MobilityImpairedAccess>
				<limitations>
					<AccessibilityLimitation>
						<WheelchairAccess>true</WheelchairAccess>
						<AudibleSignalsAvailable>true</AudibleSignalsAvailable>
						<VisualSignsAvailable>partial</VisualSignsAvailable>
					</AccessibilityLimitation>
				</limitations>
			</AccessibilityAssessment>
		</Level>
	</levels>
	<entrances>
		<StopPlaceEntrance>
			<Label>HKfVklqhN</Label>
			<EntranceType>automaticDoor</EntranceType>
			<IsExternal>true</IsExternal>
			<IsEntry>true</IsEntry>
			<IsExit>true</IsExit>
			<Width>562513008.517</Width>
			<Height>-381927382.844</Height>
			<DroppedKerbOutside>0</DroppedKerbOutside>
			<DropOffPointClose>1</DropOffPointClose>
		</StopPlaceEntrance>
	</entrances>
	<TransportMode>air</TransportMode>
	<AirSubmode>domesticFlight</AirSubmode>
	<OtherTransportModes>rail coach other</OtherTransportModes>
	<tariffZones>
		<TariffZoneRef ref="FdtZ"/>
	</tariffZones>
	<StopPlaceType>airport</StopPlaceType>
	<BorderCrossing>false</BorderCrossing>
	<unlocalisedEquipments>
		<PlaceLighting>
			<Lighting>wellLit</Lighting>
			<AlwaysLit>true</AlwaysLit>
		</PlaceLighting>
		<RoughSurface>
			<SurfaceType>pavingStones</SurfaceType>
			<SuitableForCycles>true</SuitableForCycles>
		</RoughSurface>
	</unlocalisedEquipments>
	<quays>
		<QuayRef ref="N3"/>
		<QuayRef ref="FUA7zR5XFtz"/>
	</quays>
	<accessSpaces>
		<AccessSpace>
			<PublicUse>all</PublicUse>
			<Covered>indoors</Covered>
			<Gated>unknown</Gated>
			<Lighting>wellLit</Lighting>
			<AllAreasWheelchairAccessible>true</AllAreasWheelchairAccessible>
			<LevelRef ref="_4RSP-JIUaPoVU"/>
			<equipmentPlaces>
				<EquipmentPlace>
					<Centroid>
						<Location>
							<Longitude>-113.148</Longitude>
							<Latitude>48.875</Latitude>
							<Altitude>2361.791</Altitude>
							<gml:pos>-447709219.446 1069447086.17 1716554799.634 1601011271.222 555858469.972 1516221329.975 1164762584.304 1246423152.836 -462902924.03 1245379470.608 -2073897195.559</gml:pos>
							<Precision>351685757.438</Precision>
						</Location>
					</Centroid>
					<placeEquipments>
						<CycleStorageEquipment>
							<NumberOfSpaces>10</NumberOfSpaces>
							<CycleStorageType>railings</CycleStorageType>
							<Cage>false</Cage>
							<Covered>true</Covered>
						</CycleStorageEquipment>
					</placeEquipments>
				</EquipmentPlace>
			</equipmentPlaces>
			<placeEquipments>
				<TicketingEquipment>
					<VehicleModes>rail bus</VehicleModes>
					<TicketMachines>true</TicketMachines>
					<NumberOfMachines>4</NumberOfMachines>
					<HeightOfMachineInterface>204835368.789</HeightOfMachineInterface>
					<TicketingFacilityList>ticketOffice mobileTicketing ticketMachines</TicketingFacilityList>
					<TicketingServiceFacilityList>reservations purchase
                    </TicketingServiceFacilityList>
					<TicketOffice>false</TicketOffice>
					<TicketCounter>true</TicketCounter>
					<NumberOfTills>1</NumberOfTills>
					<QueueManagement>none</QueueManagement>
					<PaymentMethods>debitCard cashAndCard contactlessPaymentCard mobilePhone</PaymentMethods>
					<TicketTypesAvailable>standard</TicketTypesAvailable>
					<LowCounterAccess>false</LowCounterAccess>
				</TicketingEquipment>
			</placeEquipments>
			<localServices>
				<MeetingPointService>
					<MeetingPointServiceType>meetingPoint</MeetingPointServiceType>
				</MeetingPointService>
			</localServices>
			<entrances>
				<StopPlaceEntranceRef ref="fRhCE."/>
			</entrances>
			<AccessSpaceType>bookingHall</AccessSpaceType>
		</AccessSpace>
	</accessSpaces>
</StopPlace>
