<?xml version="1.0" encoding="iso-8859-1"?>
<!-- ==== SImple Carrier  Example ====== 
This example provides an example of encodeing tap TCVS Series data, &  TCVP Price data  for route & set based fares      in NeTEx XML
 
 The example has  two main series    555 & 777  


 Standard (TCV Full fare type 01 ) , Group (Fare Type 04)  & Upgrade (Supplement type 06)   Fare Tables are provided 


Th

Shows examples of  Series



 

(C) ERA  Copyright 2013
-->
<PublicationDelivery version="1.0" xsi:schemaLocation="http://www.netex.org.uk/netex ../../../../xsd/NeTEx_publication.xsd" xmlns="http://www.netex.org.uk/netex" xmlns:gml="http://www.opengis.net/gml/3.2" xmlns:siri="http://www.siri.org.uk/siri" xmlns:xsi="http://www.w3.org/2001/XMLSchema-instance">
	<PublicationTimestamp>2001-12-17T09:30:47.0Z</PublicationTimestamp>
	<ParticipantRef>SYS001</ParticipantRef>
	<!--- ======WHAT WAS REQUESTED ========== -->
	<Description>Simple Series example</Description>
	<!--- =============== RESULTS =========== -->
	<dataObjects>
		<CompositeFrame version="1" id="tap:CF001">
			<TypeOfFrameRef ref="uic:B2" version="any"/>
			<!--- ======= CODESPACEs======== -->
			<codespaces>
				<Codespace id="tap:tap:Codespace:tap">
					<Xmlns>zbt</Xmlns>
					<XmlnsUrl>http://www.era.eu/ru</XmlnsUrl>
					<Description>TAP TSI location </Description>
				</Codespace>
			</codespaces>
			<!--- =======FRAME DEFAULTS======== -->
			<FrameDefaults>
				<DefaultCodespaceRef ref="tap:tap:Codespace:tap"/>
				<DefaultCurrency>EUR</DefaultCurrency>
			</FrameDefaults>
			<frames>
				<ServiceFrame id="tap:ServiceFrame:IRTExample" version="any" modification="revise">
					<tariffZones>
						<TariffZone id="tap:TariffZone:zoneA" version="01">
							<members>
								<FareScheduledStopPointRef ref="tap:FareScheduledStopPoint:16043" version="01"/>
								<FareScheduledStopPointRef ref="tap:FareScheduledStopPoint:26002" version="01"/>
							</members>
						</TariffZone>
						<TariffZone id="tap:TariffZone:zoneB" version="01">
							<members>
								<FareScheduledStopPointRef ref="tap:FareScheduledStopPoint:17001" version="01"/>
								<FareScheduledStopPointRef ref="tap:FareScheduledStopPoint:17002" version="01"/>
							</members>
						</TariffZone>
					</tariffZones>
				</ServiceFrame>
				<!--   === IRT  based  example  =====-->
				<FareFrame id="tap:FareFrame:IRTExample" version="any">
					<!--- ====Pricing Parmaters======= -->
					<PricingParameterSet id="tap:PricingParameterSet:tapway" version="any">
						<pricingRules>
							<PricingRule version="any" id="tap:PricingRule:route">
								<Name>Tap Route based pricing</Name>
							</PricingRule>
							<PricingRule version="any" id="tap:PricingRule:distance">
								<Name>Tap Distance based pricing</Name>
							</PricingRule>
							<DiscountingRule version="any" id="tap:DiscountingRule:20%">
								<DiscountAsPercentage>20</DiscountAsPercentage>
							</DiscountingRule>
							<DiscountingRule version="any" id="tap:DiscountingRule:25%">
								<DiscountAsPercentage>25</DiscountAsPercentage>
							</DiscountingRule>
						</pricingRules>
						<roundings>
							<Rounding id="tap:Rounding:split" version="any">
								<RoundingMethod>split</RoundingMethod>
								<RoundingModulus>0.10</RoundingModulus>
							</Rounding>
						</roundings>
					</PricingParameterSet>
					<!--  === SERIES INFO - NOTICES === -->
					<notices>
						<Notice id="tap:Notice:SeriesInfo123" version="01">
							<Text>Infor 123 text </Text>
							<TypeOfNoticeRef ref="tap:seriesInfo"/>
							<variants>
								<DeliveryVariant id="tap:DeliveryVariant:SeriesInfo123@of" version="01">
									<TypeOfDeliveryVariantRef ref="tap:seriesInfoOfficial"/>
									<VariantText lang="de">text line 1  im Deutsch  / text line 2  im Deutsch  / text line 3  im Deutsch  / text line 4  im Deutsch   </VariantText>
								</DeliveryVariant>
								<DeliveryVariant id="tap:DeliveryVariant:SeriesInfo123@fr" version="01">
									<TypeOfDeliveryVariantRef ref="tap:seriesInfoFr"/>
									<VariantText lang="fr">text line 1  en francais / text line 2 en francais / text line 3  en francais  / text line 4  en francais  </VariantText>
								</DeliveryVariant>
								<DeliveryVariant id="tap:DeliveryVariant:SeriesInfo123@de" version="01">
									<TypeOfDeliveryVariantRef ref="tap:seriesInfoDe"/>
									<VariantText lang="de">text line 1  im Deutsch  / text line 2  im Deutsch  / text line 3  im Deutsch  / text line 4  im Deutsch   </VariantText>
								</DeliveryVariant>
								<DeliveryVariant id="tap:DeliveryVariant:SeriesInfo123@en" version="01">
									<TypeOfDeliveryVariantRef ref="tap:seriesInfoEn"/>
									<VariantText lang="en">text line 1  in English / text line 2  in English/ text line 3  in English / text line 4  in English  </VariantText>
								</DeliveryVariant>
							</variants>
						</Notice>
					</notices>
					<fareScheduledStopPoints>
						<FareScheduledStopPoint id="tap:FareScheduledStopPoint:04711" version="01">
							<Name lang="fr">Forbach</Name>
						</FareScheduledStopPoint>
						<FareScheduledStopPoint id="tap:FareScheduledStopPoint:05800" version="01">
							<Name lang="fr">Paris Est</Name>
						</FareScheduledStopPoint>
						<FareScheduledStopPoint id="tap:FareScheduledStopPoint:06300" version="01">
							<Name lang="fr">Paris Austerlitz</Name>
							<ShortName lang="fr">Paris Austerlitz</ShortName>
						</FareScheduledStopPoint>
						<FareScheduledStopPoint id="tap:FareScheduledStopPoint:07814" version="01">
							<Name lang="fr">Bordeaux</Name>
						</FareScheduledStopPoint>
						<FareScheduledStopPoint id="tap:FareScheduledStopPoint:16043" version="01">
							<Name>Erfurt</Name>
							<StopType>railStation</StopType>
							<NameOnRouting lang="de">Erfurt</NameOnRouting>
						</FareScheduledStopPoint>
						<FareScheduledStopPoint id="tap:FareScheduledStopPoint:26002" version="01">
							<Name>Hof</Name>
							<StopType>railStation</StopType>
							<NameOnRouting lang="de">Hof</NameOnRouting>
						</FareScheduledStopPoint>
						<FareScheduledStopPoint id="tap:FareScheduledStopPoint:23002" version="01">
							<Name>Halle</Name>
							<StopType>railStation</StopType>
							<NameOnRouting lang="de">Halle</NameOnRouting>
						</FareScheduledStopPoint>
						<FareScheduledStopPoint id="tap:FareScheduledStopPoint:27359" version="01">
							<Name>Schwerin</Name>
						</FareScheduledStopPoint>
						<FareScheduledStopPoint id="tap:FareScheduledStopPoint:213001" version="01">
							<Name>Nurnberg</Name>
						</FareScheduledStopPoint>
						<FareScheduledStopPoint id="tap:FareScheduledStopPoint:213002" version="01">
							<Name>Berlin</Name>
						</FareScheduledStopPoint>
						<FareScheduledStopPoint id="tap:FareScheduledStopPoint:17001" version="01">
							<Name>Marktredwitz</Name>
						</FareScheduledStopPoint>
						<FareScheduledStopPoint id="tap:FareScheduledStopPoint:17002" version="01">
							<Name>Wuerrzburg</Name>
						</FareScheduledStopPoint>
						<FareScheduledStopPoint id="tap:FareScheduledStopPoint:17043" version="01">
							<Name lang="de">Hannover</Name>
						</FareScheduledStopPoint>
						<FareScheduledStopPoint id="tap:FareScheduledStopPoint:999123" version="01">
							<Name lang="de">Nurnberg</Name>
						</FareScheduledStopPoint>
						<FareScheduledStopPoint id="tap:FareScheduledStopPoint:99234" version="01">
							<Name lang="de">Berlin</Name>
						</FareScheduledStopPoint>
					</fareScheduledStopPoints>
					<!--  === TARIFFS  ===  -->
					<tariffs>
						<Tariff id="tap:Tariff:Tariff01" version="01">
							<Name>Standard route based Fare table 1</Name>
							<OperatorRef ref="tap:Operator:0106" version="any"/>
							<TypeOfTariffRef ref="tap:TypeOfTariff:B.1.1:01" version="any"/>
							<TariffBasis>route</TariffBasis>
							<ReturnFareTwiceSingle>true</ReturnFareTwiceSingle>
							<!-- === Fare Structure elements ====   -->
							<groupsOfDistanceMatrixElements>
								<GroupOfDistanceMatrixElements id="tap:GroupOfDistanceMatrixElements:groupedOD_01" version="01">
									<Name>Group of common routes</Name>
									<members>
										<DistanceMatrixElement id="tap:GroupOfDistanceMatrixElements:groupedOD_01_01" version="01">
											<StartStopPointView>
												<FareScheduledStopPointRef ref="tap:FareScheduledStopPoint:999123"/>
												<Name lang="de">Nurnberg</Name>
												<ShortName lang="de">Nurnberg</ShortName>
											</StartStopPointView>
											<EndStopPointView>
												<FareScheduledStopPointRef ref="tap:FareScheduledStopPoint:99234"/>
												<Name lang="de">Berlin</Name>
												<ShortName lang="de">Berlin</ShortName>
											</EndStopPointView>
										</DistanceMatrixElement>
										<DistanceMatrixElement id="tap:groupedOD_01_02" version="01">
											<Name>Marktredwitz toHannover</Name>
											<StartStopPointView>
												<FareScheduledStopPointRef ref="tap:FareScheduledStopPoint:17001"/>
												<Name lang="de">Marktredwitz</Name>
												<ShortName lang="de">Marktredwitz</ShortName>
											</StartStopPointView>
											<EndStopPointView>
												<FareScheduledStopPointRef ref="tap:FareScheduledStopPoint:17043"/>
												<Name lang="de">Hannover</Name>
												<ShortName lang="de">Hannover</ShortName>
											</EndStopPointView>
										</DistanceMatrixElement>
									</members>
								</GroupOfDistanceMatrixElements>
								<GroupOfDistanceMatrixElements id="tap:GroupOfDistanceMatrixElements:seriesList" version="01">
									<Name>List of the DIstance matrix elements in the  Tariff</Name>
									<members>
										<DistanceMatrixElement id="tap:DistanceMatrixElement:series555" version="01">
											<StartStopPointView>
												<FareScheduledStopPointRef ref="tap:FareScheduledStopPoint:999123" version="01"/>
												<Name lang="de">Nurnberg</Name>
												<ShortName lang="de">Nurnberg</ShortName>
											</StartStopPointView>
											<EndStopPointView>
												<FareScheduledStopPointRef ref="tap:FareScheduledStopPoint:99234" version="01"/>
												<Name lang="de">Berlin</Name>
												<ShortName lang="de">Berlin</ShortName>
											</EndStopPointView>
											<seriesConstraints>
												<SeriesConstraint order="1" id="tap:SeriesConstraint:series555" version="01">
													<noticeAssignments>
														<NoticeAssignment order="1" id="tap:NoticeAssignment:series555" version="01">
															<NoticeRef ref="tap:Notice:SeriesInfo123" version="01"/>
														</NoticeAssignment>
													</noticeAssignments>
													<PricingRuleRef version="any" ref="tap:PricingRule:route"/>
													<Itinerary>(Erfurt/Hof)*Halle*Schwerin</Itinerary>
													<SeriesType>stationToStation</SeriesType>
													<farePointsInPattern>
														<FarePointInPattern id="tap:FarePointInPattern:55501" version="01" order="1">
															<ScheduledStopPointView>
																<FareScheduledStopPointRef ref="tap:FareScheduledStopPoint:16043" version="01"/>
																<Name>Erfurt</Name>
															</ScheduledStopPointView>
															<AbridgementRanking>2</AbridgementRanking>
															<PresentationPosition>optionalLeft</PresentationPosition>
														</FarePointInPattern>
														<FarePointInPattern id="tap:FarePointInPattern:55502" version="01" order="2">
															<ScheduledStopPointView>
																<FareScheduledStopPointRef ref="tap:FareScheduledStopPoint:26002" version="01"/>
																<Name>Hof</Name>
															</ScheduledStopPointView>
															<AbridgementRanking>2</AbridgementRanking>
															<PresentationPosition>optionalRight</PresentationPosition>
														</FarePointInPattern>
														<FarePointInPattern id="tap:FarePointInPattern:55503" version="01" order="3">
															<ScheduledStopPointView>
																<FareScheduledStopPointRef ref="tap:FareScheduledStopPoint:23002" version="01"/>
																<Name>Halle</Name>
															</ScheduledStopPointView>
															<PresentationPosition>required</PresentationPosition>
														</FarePointInPattern>
														<FarePointInPattern id="tap:FarePointInPattern:55504" version="01" order="4">
															<ScheduledStopPointView>
																<FareScheduledStopPointRef ref="tap:FareScheduledStopPoint:27359" version="01"/>
																<Name>Schwerin</Name>
															</ScheduledStopPointView>
															<AbridgementRanking>2</AbridgementRanking>
															<PresentationPosition>required</PresentationPosition>
														</FarePointInPattern>
													</farePointsInPattern>
												</SeriesConstraint>
											</seriesConstraints>
											<tariffs>
												<TariffRef ref="tap:Tariff:Tariff01" version="01"/>
											</tariffs>
											<StandardFareTableRef ref="tap:StandardFareTable:FareTable_555" version="01"/>
										</DistanceMatrixElement>
										<DistanceMatrixElement id="tap:DistanceMatrixElement:series777" version="01">
											<Name>Marktredwitz toHannover</Name>
											<StartStopPointView>
												<FareScheduledStopPointRef ref="tap:FareScheduledStopPoint:17001" version="01"/>
												<Name lang="de">Marktredwitz</Name>
												<ShortName lang="de">Marktredwitz</ShortName>
											</StartStopPointView>
											<EndStopPointView>
												<FareScheduledStopPointRef ref="tap:FareScheduledStopPoint:17043" version="01"/>
												<Name lang="de">Hannover</Name>
												<ShortName lang="de">Hannover</ShortName>
											</EndStopPointView>
											<seriesConstraints>
												<SeriesConstraint order="1" id="tap:SeriesConstraint:series777" version="01">
													<Name>Example or required route</Name>
													<PricingRuleRef version="any" ref="tap:PricingRule:route"/>
													<Itinerary>* Wuerrzburg  </Itinerary>
													<SeriesType>stationToStation</SeriesType>
													<farePointsInPattern>
														<FarePointInPattern id="tap:FarePointInPattern:77701" version="01" order="1">
															<ScheduledStopPointView>
																<FareScheduledStopPointRef ref="tap:FareScheduledStopPoint:17002" version="01"/>
																<ShortName>Wuerrzburg</ShortName>
															</ScheduledStopPointView>
															<PresentationPosition>required</PresentationPosition>
														</FarePointInPattern>
													</farePointsInPattern>
												</SeriesConstraint>
											</seriesConstraints>
											<tariffs>
												<TariffRef ref="tap:Tariff:Tariff01" version="01"/>
											</tariffs>
											<StandardFareTableRef ref="tap:StandardFareTable:FareTable_777" version="01"/>
										</DistanceMatrixElement>
										<DistanceMatrixElement id="tap:DistanceMatrixElement:series1234" version="01">
											<Name>Example with onward connection code</Name>
											<StartStopPointView>
												<FareScheduledStopPointRef ref="tap:FareScheduledStopPoint:04711" version="01"/>
												<Name lang="fr">Forbach</Name>
												<ShortName lang="fr">Forbach</ShortName>
											</StartStopPointView>
											<EndStopPointView>
												<FareScheduledStopPointRef ref="tap:FareScheduledStopPoint:05800" version="01"/>
												<Name lang="fr">Paris Est</Name>
												<ShortName lang="fr">Paris Est</ShortName>
											</EndStopPointView>
											<seriesConstraints>
												<SeriesConstraint order="1" id="tap:SeriesConstraint:series1234" version="01">
													<Name>Example with onward connection code</Name>
													<FromConnectionRef ref="tap:Connection:99" version="01"/>
												</SeriesConstraint>
											</seriesConstraints>
											<StandardFareTableRef ref="tap:StandardFareTable:FareTable_555" version="01"/>
										</DistanceMatrixElement>
										<DistanceMatrixElement id="tap:DistanceMatrixElement:series1235" version="01">
											<Name>Example with From connection code</Name>
											<StartStopPointView>
												<FareScheduledStopPointRef ref="tap:FareScheduledStopPoint:06300" version="01"/>
												<Name lang="fr">Paris Austerlitz</Name>
												<ShortName lang="fr">Paris Austerlitz</ShortName>
											</StartStopPointView>
											<EndStopPointView>
												<FareScheduledStopPointRef ref="tap:FareScheduledStopPoint:07814" version="01"/>
												<Name lang="fr">Bordeaux</Name>
												<ShortName lang="fr">Bordeaux</ShortName>
											</EndStopPointView>
											<seriesConstraints>
												<SeriesConstraint order="1" id="tap:SeriesConstraint:series1235" version="01">
													<Name>Example with From connection code</Name>
													<FromConnectionRef ref="tap:Connection:99" version="01"/>
												</SeriesConstraint>
											</seriesConstraints>
											<StandardFareTableRef ref="tap:StandardFareTable:FareTable_777" version="01"/>
										</DistanceMatrixElement>
										<DistanceMatrixElement id="tap:DistanceMatrixElement:Zonal" version="01">
											<StartTariffZoneView>
												<TariffZoneRef ref="tap:TariffZone:zoneA" version="01"/>
												<Name lang="de">Zone A</Name>
											</StartTariffZoneView>
											<EndTariffZoneView>
												<TariffZoneRef ref="tap:TariffZone:zoneB" version="01"/>
												<Name lang="de">Zone B</Name>
											</EndTariffZoneView>
											<tariffs>
												<TariffRef ref="tap:Tariff:Tariff01" version="01"/>
											</tariffs>
											<StandardFareTableRef ref="tap:StandardFareTable:FareTable_555" version="01"/>
										</DistanceMatrixElement>
									</members>
								</GroupOfDistanceMatrixElements>
							</groupsOfDistanceMatrixElements>
							<!-- ===== SERIES ELEMENTS ======== -->
						</Tariff>
						<Tariff id="tap:Tariff:GroupOffer01" version="01">
							<Name>Fare table 2</Name>
							<alternativeNames>
								<AlternativeName order="1" id="tap:AlternativeName:GroupOffer01@of" version="01">
									<Name lang="en">My  Group Fare table   description in the Offical Language</Name>
								</AlternativeName>
								<AlternativeName order="2" id="tap:AlternativeName:GroupOffer01@fr" version="01">
									<Name lang="fr">My  Group Fare table description in the French</Name>
								</AlternativeName>
								<AlternativeName order="3" id="tap:AlternativeName:GroupOffer01@de" version="01">
									<Name lang="de">My Group Fare table description in German</Name>
								</AlternativeName>
								<AlternativeName order="4" id="tap:AlternativeName:GroupOffer01@en" version="01">
									<Name lang="de">My Group Fare table description in English</Name>
								</AlternativeName>
							</alternativeNames>
							<OperatorRef ref="tap:Operator:0106" version="any"/>
							<TypeOfTariffRef ref="tap:TypeOfTariff:B.1.1:04" version="any"/>
							<TariffBasis>group</TariffBasis>
							<ReturnFareTwiceSingle>true</ReturnFareTwiceSingle>
							<!--  === Distance matrixes inTariff=    -->
							<groupsOfDistanceMatrixElements>
								<GroupOfDistanceMatrixElementsRef ref="tap:GroupOfDistanceMatrixElements:seriesList" version="01"/>
							</groupsOfDistanceMatrixElements>
						</Tariff>
					</tariffs>
					<!--  === VALIDABLE ELEMENTS  ===  -->
					<validableElements>
						<ValidableElement id="tap:ValidableElement:domesticTrainRide" version="01">
							<Name>trainRide</Name>
							<validityParameterAssignments>
								<GenericParameterAssignment order="1" id="tap:GenericParameterAssignment:domesticTrainRide" version="01">
									<Name> Domestic></Name>
									<TypeOfAccessRightAssignmentRef version="any" ref="tap:TypeOfAccessRightAssignment:canAccess"/>
									<limitations>
										<RoutingRef ref="tap:Routing:domestic" version="any"/>
									</limitations>
									<validityParameters>
										<VehicleModes>rail</VehicleModes>
									</validityParameters>
								</GenericParameterAssignment>
							</validityParameterAssignments>
						</ValidableElement>
						<ValidableElement id="tap:ValidableElement:internationalTrainRide" version="01">
							<Name>trainRide</Name>
							<validityParameterAssignments>
								<GenericParameterAssignment order="1" id="tap:GenericParameterAssignment:internationalTrainRide" version="01">
									<Name> International></Name>
									<TypeOfAccessRightAssignmentRef version="any" ref="tap:TypeOfAccessRightAssignment:canAccess"/>
									<limitations>
										<RoutingRef ref="tap:Routing:international" version="any"/>
									</limitations>
									<validityParameters>
										<VehicleModes>rail</VehicleModes>
									</validityParameters>
								</GenericParameterAssignment>
							</validityParameterAssignments>
						</ValidableElement>
						<ValidableElement id="tap:ValidableElement:upgrade@second-first" version="01">
							<Name>trainRide</Name>
							<validityParameterAssignments>
								<GenericParameterAssignment order="1" id="tap:GenericParameterAssignment:upgrade@economy_first@From" version="01">
									<Name> Upgrade from economy first></Name>
									<TypeOfAccessRightAssignmentRef version="any" ref="tap:TypeOfAccessRightAssignment:canPurchase"/>
									<validityParameters>
										<FareClass>economyClass</FareClass>
										<VehicleModes>rail</VehicleModes>
									</validityParameters>
								</GenericParameterAssignment>
								<GenericParameterAssignment order="2" id="tap:GenericParameterAssignment:upgrade@economy_first@To" version="01">
									<Name> Upgrade to first </Name>
									<TypeOfAccessRightAssignmentRef version="any" ref="tap:TypeOfAccessRightAssignment:canPurchase"/>
									<validityParameters>
										<FareClass>firstClass</FareClass>
										<VehicleModes>rail</VehicleModes>
									</validityParameters>
								</GenericParameterAssignment>
							</validityParameterAssignments>
						</ValidableElement>
					</validableElements>
					<!--- ====Fare Usage Parameters======= -->
					<usageParameters>
						<UserProfile version="any" id="tap:UserProfile:adult">
							<Name>Adult Fare - 17 or over</Name>
							<TypeOfConcessionRef version="any" ref="tap:TypeOfConcession:adult"/>
							<MinimumAge>17</MinimumAge>
							<companionProfiles>
								<CompanionProfile version="any" id="tap:CompanionProfile:infant">
									<Name>Infants  under 5 are free max 3</Name>
									<UserProfileRef version="any" ref="tap:UserProfile:infant"/>
									<MinimumNumberOfPersons>0</MinimumNumberOfPersons>
									<MaximumNumberOfPersons>3</MaximumNumberOfPersons>
									<DiscountBasis>free</DiscountBasis>
								</CompanionProfile>
							</companionProfiles>
						</UserProfile>
						<UserProfile version="any" id="tap:UserProfile:child">
							<Name>Child Fare</Name>
							<TypeOfConcessionRef version="any" ref="tap:TypeOfConcession:child"/>
							<MaximumAge>16</MaximumAge>
							<DiscountBasis>discount</DiscountBasis>
						</UserProfile>
						<UserProfile version="any" id="tap:UserProfile:infant">
							<Name>Child Fare</Name>
							<TypeOfConcessionRef version="any" ref="tap:TypeOfConcession:child"/>
							<MaximumAge>5</MaximumAge>
							<DiscountBasis>free</DiscountBasis>
							<companionProfiles>
								<CompanionProfile version="any" id="tap:CompanionProfile:child">
									<Name>Infants must have paying adult with them</Name>
									<UserProfileRef version="any" ref="tap:UserProfile:adult"/>
									<MinimumNumberOfPersons>1</MinimumNumberOfPersons>
									<DiscountBasis>none</DiscountBasis>
								</CompanionProfile>
							</companionProfiles>
						</UserProfile>
						<UserProfile version="any" id="tap:UserProfile:disabled">
							<Name>Registered disabled</Name>
							<TypeOfConcessionRef version="any" ref="tap:TypeOfConcession:adult"/>
							<ProofRequired>membershipCard</ProofRequired>
							<companionProfiles>
								<CompanionProfile version="any" id="tap:CompanionProfile:disabled">
									<Name>Companion at half fare</Name>
									<UserProfileRef version="any" ref="tap:UserProfile:adult"/>
									<MinimumNumberOfPersons>0</MinimumNumberOfPersons>
									<MaximumNumberOfPersons>1</MaximumNumberOfPersons>
									<DiscountBasis>discount</DiscountBasis>
								</CompanionProfile>
							</companionProfiles>
						</UserProfile>
						<RoundTrip version="any" id="tap:RoundTrip:single">
							<Name>Single</Name>
							<TripType>single</TripType>
						</RoundTrip>
						<RoundTrip version="any" id="tap:RoundTrip:return">
							<Name>Return</Name>
							<TripType>return</TripType>
						</RoundTrip>
						<RoundTrip version="any" id="tap:RoundTrip:returnDouble">
							<Name>Single</Name>
							<TripType>return</TripType>
							<DoubleSingleFare>true</DoubleSingleFare>
						</RoundTrip>
						<Reserving version="any" id="tap:Reserving:groupRequired">
							<Name>Single</Name>
							<ReservingRequirements>reservationsPossible</ReservingRequirements>
							<MinimumNumberToReserve>1</MinimumNumberToReserve>
							<MaximumNumberToReserve>20</MaximumNumberToReserve>
							<ReservationChargeType>singleFeeForReturnTrip</ReservationChargeType>
							<FeeBasis>perPerson</FeeBasis>
							<HasFreeConnectingReservations>true</HasFreeConnectingReservations>
							<NumberOfFreeConnectingReservations>3</NumberOfFreeConnectingReservations>
							<BookingArrangements>
								<BookingMethods>other</BookingMethods>
								<BookingUrl>abc.org.uk</BookingUrl>
							</BookingArrangements>
						</Reserving>
						<GroupTicket version="any" id="tap:GroupTicket:group">
							<Name>Group ticket</Name>
							<prices>
								<UsageParameterPrice version="any" id="tap:UsageParameterPrice:groupTicket">
									<DiscountingRuleRef version="any" ref="tap:DiscountingRule:20%"/>
								</UsageParameterPrice>
							</prices>
							<MinimumNumberOfPersons>3</MinimumNumberOfPersons>
							<MaximumNumberOfPersons>10</MaximumNumberOfPersons>
							<MaximumPersonsFree>2</MaximumPersonsFree>
							<JointCheckIn>required</JointCheckIn>
						</GroupTicket>
						<MinimumStay version="any" id="tap:MinimumStay:minimumStay">
							<Name>Need to stay over weekend</Name>
							<RequiresNightsAway>Saturday</RequiresNightsAway>
							<MinimumNumberOfNightsAway>1</MinimumNumberOfNightsAway>
							<MaximumNumberOfNightsAway>7</MaximumNumberOfNightsAway>
						</MinimumStay>
						<Exchanging version="any" id="tap:Exchanging:canExchange">
							<Name>Can Exchange</Name>
							<prices>
								<UsageParameterPrice version="any" id="tap:UsageParameterPrice:exchanging">
									<Amount>5.00</Amount>
								</UsageParameterPrice>
							</prices>
							<Allowed>full</Allowed>
							<UnusedTicketsOnly>true</UnusedTicketsOnly>
							<ResellWhen>beforeFirstUse</ResellWhen>
							<ExchangableFromDuration>P1D</ExchangableFromDuration>
							<ExchangableUntilDuration>P3M</ExchangableUntilDuration>
							<HasFee>true</HasFee>
							<RefundBasis>perPerson</RefundBasis>
							<NumberOfExchangesAllowed>2</NumberOfExchangesAllowed>
						</Exchanging>
						<Refunding version="any" id="tap:Refunding:canRefund">
							<Name>Can Refund</Name>
							<Allowed>full</Allowed>
							<UnusedTicketsOnly>true</UnusedTicketsOnly>
							<ResellWhen>beforeFirstUse</ResellWhen>
							<ExchangableFromDuration>P1D</ExchangableFromDuration>
							<ExchangableUntilDuration>P3M</ExchangableUntilDuration>
							<HasFee>false</HasFee>
							<RefundBasis>perPerson</RefundBasis>
						</Refunding>
						<PurchaseWindow version="any" id="tap:PurchaseWindow:buyWithin">
							<Name>Buy at least one day, up to three months before</Name>
							<MinimumPeriodBeforeDeparture>P1D</MinimumPeriodBeforeDeparture>
							<MaximumPeriodBeforeDeparture>P3M</MaximumPeriodBeforeDeparture>
						</PurchaseWindow>
						<Transferability version="any" id="tap:Transferability:canTransfer">
							<Name>Can give  to someone else</Name>
							<CanTransfer>true</CanTransfer>
						</Transferability>
						<Routing version="any" id="tap:Routing:returnSameWay">
							<Name>Can give  to someone else</Name>
							<IsRestricted>true</IsRestricted>
							<ReturnRouteIdentical>true</ReturnRouteIdentical>
						</Routing>
						<Routing version="any" id="tap:Routing:unrestricted">
							<Name>Can give  to someone else</Name>
							<IsRestricted>false</IsRestricted>
							<ReturnRouteIdentical>false</ReturnRouteIdentical>
						</Routing>
						<Routing version="any" id="tap:Routing:international">
							<Name>Can give  to someone else</Name>
							<CrossBorder>true</CrossBorder>
						</Routing>
						<Routing version="any" id="tap:Routing:domestic">
							<Name>Can give  to someone else</Name>
							<CrossBorder>false</CrossBorder>
						</Routing>
						<Interchanging version="any" id="tap:Interchanging:limited">
							<Name>Can give  to someone else</Name>
							<FromMode>rail</FromMode>
							<ToMode>rail</ToMode>
							<MaximumNumberOfInterchanges>5</MaximumNumberOfInterchanges>
							<MaximumTimeToMakeATransfer>PT30M</MaximumTimeToMakeATransfer>
							<CanBreakJourney>false</CanBreakJourney>
						</Interchanging>
						<UsageValidityPeriod version="any" id="tap:UsageValidityPeriod:monthly">
							<ValidityPeriodType>monthlyPass</ValidityPeriodType>
							<StandardDuration>PT1M</StandardDuration>
						</UsageValidityPeriod>
						<UsageValidityPeriod version="any" id="tap:UsageValidityPeriod:single">
							<ValidityPeriodType>singleTrip</ValidityPeriodType>
							<StandardDuration>PT6M</StandardDuration>
						</UsageValidityPeriod>
						<UsageValidityPeriod version="any" id="tap:UsageValidityPeriod:return">
							<ValidityPeriodType>returnTrip</ValidityPeriodType>
							<UsageTrigger>endOutboundRide</UsageTrigger>
							<StandardDuration>PT6M</StandardDuration>
						</UsageValidityPeriod>
					</usageParameters>
					<!--  === FAR E PRODUCTs  ===  -->
					<fareProducts>
						<PreassignedFareProduct id="tap:PreassignedFareProduct:IrtProduct" version="01">
							<Name>Standard    </Name>
							<ConditionSummary>
								<ProvidesCard>true</ProvidesCard>
								<HasTravelTimeRestrictions>true</HasTravelTimeRestrictions>
								<HasRouteRestrictions>false</HasRouteRestrictions>
								<TrainRestrictions>specifiedTrainOnly</TrainRestrictions>
								<CanBreakJourney>false</CanBreakJourney>
								<IsRefundable>true</IsRefundable>
								<IsExchangable>true</IsExchangable>
								<AllowAdditionalDiscounts>true</AllowAdditionalDiscounts>
								<AllowCompanionDiscounts>true</AllowCompanionDiscounts>
								<HasPurchaseConditions>true</HasPurchaseConditions>
								<RequiresReservation>false</RequiresReservation>
								<HasReservationFee>true</HasReservationFee>
							</ConditionSummary>
							<!--  === Validable elements  ===  -->
							<validableElements>
								<ValidableElementRef ref="tap:ValidableElement:domesticTrainRide" version="01"/>
								<ValidableElementRef ref="tap:ValidableElement:internationalTrainRide" version="01"/>
								<ValidableElementRef ref="tap:ValidableElement:upgrade@second-first" version="01"/>
							</validableElements>
							<accessRightsInProduct>
								<AccessRightInProduct order="1" id="tap:AccessRightInProduct:NrtProduct" version="01">
									<Name>Product covers domestic trips</Name>
									<ValidableElementRef ref="tap:ValidableElement:domesticTrainRide" version="01"/>
								</AccessRightInProduct>
								<AccessRightInProduct order="2" id="tap:AccessRightInProduct:NrtProduct" version="01">
									<Name>Product covers international trips</Name>
									<ValidableElementRef ref="tap:ValidableElement:internationalTrainRide" version="01"/>
								</AccessRightInProduct>
							</accessRightsInProduct>
						</PreassignedFareProduct>
					</fareProducts>
					<!--  === Prices  ===  -->
					<fareTables>
						<StandardFareTable id="tap:StandardFareTable:FareTable_555" version="01">
							<Name>Standard point to point Fares for  Series 555 </Name>
							<PurposeOfGroupingRef ref="tap:PurposeOfGrouping:route" version="any"/>
							<pricesFor>
								<UserProfileRef ref="tap:UserProfile:adult" version="any"/>
								<DistanceMatrixElementRef ref="tap:DistanceMatrixElement:series555" version="01"/>
								<PreassignedFareProductRef ref="tap:PreassignedFareProduct:IrtProduct" version="01"/>
							</pricesFor>
							<FirstClassSingle>123.40</FirstClassSingle>
							<SecondClassSingle>99.40</SecondClassSingle>
							<FirstClassReturn>250.40</FirstClassReturn>
							<SecondClassReturn>145.00</SecondClassReturn>
						</StandardFareTable>
						<StandardFareTable id="tap:StandardFareTable:FareTable_GroupOffer_555" version="01">
							<Name>Group  Standard fare for 555</Name>
							<PurposeOfGroupingRef ref="tap:PurposeOfGrouping:set" version="any"/>
							<pricesFor>
								<GroupTicketRef ref="tap:GroupTicket:group" version="any"/>
								<DistanceMatrixElementRef ref="tap:DistanceMatrixElement:series1235" version="01"/>
								<PreassignedFareProductRef ref="tap:PreassignedFareProduct:IrtProduct" version="01"/>
							</pricesFor>
							<FirstClassSingle>133.40</FirstClassSingle>
							<SecondClassSingle>109.40</SecondClassSingle>
							<FirstClassReturn>260.40</FirstClassReturn>
							<SecondClassReturn>155.00</SecondClassReturn>
						</StandardFareTable>
						<StandardFareTable id="tap:StandardFareTable:FareTable_777" version="01">
							<Name>Standard point to point Fares for  Series 777 </Name>
							<PurposeOfGroupingRef ref="tap:PurposeOfGrouping:route" version="any"/>
							<pricesFor>
								<UserProfileRef ref="tap:UserProfile:adult" version="any"/>
								<DistanceMatrixElementRef ref="tap:DistanceMatrixElement:series777" version="01"/>
								<PreassignedFareProductRef ref="tap:PreassignedFareProduct:IrtProduct" version="01"/>
							</pricesFor>
							<FirstClassSingle>133.40</FirstClassSingle>
							<SecondClassSingle>109.40</SecondClassSingle>
							<FirstClassReturn>260.40</FirstClassReturn>
							<SecondClassReturn>155.00</SecondClassReturn>
						</StandardFareTable>
						<StandardFareTable id="tap:StandardFareTable:FareTable_GroupOffer_777" version="01">
							<Name>Group    fare for 777</Name>
							<PurposeOfGroupingRef ref="tap:PurposeOfGrouping:set" version="any"/>
							<pricesFor>
								<GroupTicketRef ref="tap:GroupTicket:group" version="any"/>
								<DistanceMatrixElementRef ref="tap:DistanceMatrixElement:series777" version="01"/>
								<PreassignedFareProductRef ref="tap:PreassignedFareProduct:IrtProduct" version="01"/>
							</pricesFor>
							<FirstClassSingle>133.40</FirstClassSingle>
							<SecondClassSingle>109.40</SecondClassSingle>
							<FirstClassReturn>260.40</FirstClassReturn>
							<SecondClassReturn>155.00</SecondClassReturn>
						</StandardFareTable>
					</fareTables>
					<!-- ====CHANNELS  -->
					<distributionChannels>
						<DistributionChannel id="tap:DistributionChannel:internetSales" version="01">
							<ShortName>Internet sales</ShortName>
							<alternativeNames>
								<AlternativeName order="1" id="tap:AlternativeName:internetSales_de" version="01">
									<Name lang="de">Internetverkaufen</Name>
								</AlternativeName>
								<AlternativeName order="2" id="tap:AlternativeName:internetSales_fr" version="01">
									<Name lang="de">A vendre par l'internet</Name>
								</AlternativeName>
							</alternativeNames>
							<IsObligatory>false</IsObligatory>
						</DistributionChannel>
					</distributionChannels>
					<!-- ====SALES OFFER PACKAGE ========     -->
					<SalesOfferPackages>
						<SalesOfferPackage id="tap:SalesOfferPackage:IrtProductPackage" version="01">
							<validityConditions>
								<AvailabilityCondition id="tap:AvailabilityCondition:Standard" version="01">
									<dayTypes>
										<DayType id="tap:DayType:Standard" version="01">
											<properties>
												<PropertyOfDay>
													<DaysOfWeek>Everyday</DaysOfWeek>
												</PropertyOfDay>
											</properties>
										</DayType>
									</dayTypes>
								</AvailabilityCondition>
							</validityConditions>
							<Name>Standard Fare</Name>
							<validityParameterAssignments>
								<GenericParameterAssignment order="1" id="tap:GenericParameterAssignment:IrtProductPackage@conditions" version="01">
									<TypeOfAccessRightAssignmentRef version="any" ref="tap:TypeOfAccessRightAssignment:conditionOfUse"/>
									<limitations>
										<ExchangingRef ref="tap:Exchanging:canExchange" version="any"/>
										<InterchangingRef ref="tap:Interchanging:limited" version="any"/>
										<MinimumStayRef ref="tap:MinimumStay:minimumStay" version="any"/>
										<PurchaseWindowRef ref="tap:PurchaseWindow:buyWithin" version="any"/>
										<RefundingRef ref="tap:Refunding:canRefund" version="any"/>
										<TransferabilityRef ref="tap:Transferability:canTransfer" version="any"/>
									</limitations>
								</GenericParameterAssignment>
								<GenericParameterAssignment order="2" id="tap:GenericParameterAssignment:IrtProduct@trainCategories" version="01">
									<IncludesGroupingType>AND</IncludesGroupingType>
									<includes>
										<GenericParameterAssignment order="1" id="tap:AccessRightParameterAssignment:IrtProductPackage@access@ice" version="01">
											<TypeOfAccessRightAssignmentRef version="any" ref="tap:TypeOfAccessRightAssignment:canAccess"/>
											<validityParameters>
												<TypeOfProductCategoryRef ref="tap:TypeOfProductCategory:ice" version="any"/>
											</validityParameters>
										</GenericParameterAssignment>
										<GenericParameterAssignment order="2" id="tap:AccessRightParameterAssignment:IrtProductPackage@access@tgv" version="01">
											<Name>Not allowed on TGV</Name>
											<IsAllowed>false</IsAllowed>
											<TypeOfAccessRightAssignmentRef version="any" ref="tap:TypeOfAccessRightAssignment:canAccess"/>
											<validityParameters>
												<TypeOfProductCategoryRef ref="tap:TypeOfProductCategory:tgv" version="any"/>
											</validityParameters>
										</GenericParameterAssignment>
									</includes>
								</GenericParameterAssignment>
								<GenericParameterAssignment order="3" id="tap:GenericParameterAssignment:IrtProduct@trains" version="01">
									<Name>Not allowed on train 123</Name>
									<ValidityParameterGroupingType>NOT</ValidityParameterGroupingType>
									<validityParameters>
										<TrainNumberRef ref="tap:TrainNumber:123"/>
										<TrainNumberRef ref="tap:TrainNumber:155"/>
									</validityParameters>
								</GenericParameterAssignment>
							</validityParameterAssignments>
							<SalesOfferPackageElements>
								<SalesOfferPackageElement order="1"  id="tap:SalesOfferPackageElement:Standard_01" version="01">
									<PreassignedFareProductRef ref="tap:PreassignedFareProduct:IrtProduct" version="01"/>
								</SalesOfferPackageElement>
							</SalesOfferPackageElements>
							<SalesOfferPackageSubstitutions>
								<SalesOfferPackageSubstitution id="tap:SalesOfferPackageSubstitution:Standard_01_QuotaB" version="01" order="2"> 
									<WithSalesOfferPackageRef ref="tap:SalesOfferPackage:QuotaB" version="01"/>
								</SalesOfferPackageSubstitution>
							</SalesOfferPackageSubstitutions>
						</SalesOfferPackage>
						<SalesOfferPackage id="tap:SalesOfferPackage:GroupTicket" version="01">
							<Name>Group Discount </Name>
							<prices>
								<SalesOfferPackagePrice version="any" id="tap:SalesOfferPackagePrice:GroupTicket_01">
									<DiscountingRuleRef version="any" ref="tap:DiscountingRule:25%"/>
								</SalesOfferPackagePrice>
							</prices>
							<SalesOfferPackageElements>
								<SalesOfferPackageElement order="1"    id="tap:SalesOfferPackageElement:GroupTicket_02" version="01">
									<PreassignedFareProductRef ref="tap:PreassignedFareProduct:IrtProduct" version="01"/>
								</SalesOfferPackageElement>
							</SalesOfferPackageElements>
						</SalesOfferPackage>
						<SalesOfferPackage id="tap:SalesOfferPackage:QuotaB" version="01">
							<Name>Quota B Fare</Name>
						</SalesOfferPackage>
					</SalesOfferPackages>
					<groupsOfSalesOfferPackages>
						<GroupOfSalesOfferPackages id="tap:GroupOfSalesOfferPackages:B2TariffRange01" version="01">
							<distributionAssignments>
								<DistributionAssignment id="tap:DistributionAssignment:sellInFr" version="01" order="1">
									<Name>Can sell in France</Name>
									<DistributionRights>sell</DistributionRights>
									<CountryRef ref="fr"/>
									<AllowedInCountry>true</AllowedInCountry>
									<DistributionChannelRef ref="tap:DistributionChannel:internetSales" version="01"/>
									<DistributionChannelType>online</DistributionChannelType>
									<AllowedInChannel>true</AllowedInChannel>
									<OperatorRef ref="tap:Operator:0106" version="any"/>
								</DistributionAssignment>
							</distributionAssignments>
						</GroupOfSalesOfferPackages>
					</groupsOfSalesOfferPackages>
				</FareFrame>
				<ServiceFrame version="any" id="tap:ServiceFrame:svc01">
					<connections>
						<Connection version="01" id="tap:Connection:99">
					
					</Connection>
					</connections>
				</ServiceFrame>
				<!-- ====RESOURCE FRAME======== -->
				<ResourceFrame version="any" id="tap:ResourceFrame:res01">
					<typesOfValue>
						<TypeOfFrame version="any" id="uic:B2">
							<Name>IRT Fares</Name>
						</TypeOfFrame>
						<ValueSet version="any" id="tap:ValueSet:TypeOfProductCategory" classOfValues="TypeOfProductCategory">
							<Name>Types of Product Category</Name>
							<values>
								<!--- ====TypeOfConcession method========= -->
								<TypeOfProductCategory version="any" id="tap:TypeOfProductCategory:tgv">
									<Name>Adult</Name>
								</TypeOfProductCategory>
								<TypeOfProductCategory version="any" id="tap:TypeOfProductCategory:ice">
									<Name>Child</Name>
								</TypeOfProductCategory>
							</values>
						</ValueSet>
						<ValueSet version="any" id="tap:ValueSet:PurposeOfGrouping" classOfValues="PurposeOfGrouping">
							<Name>Fare Table Types </Name>
							<values>
								<!--- ====PurposeOfGrouping method========= -->
								<PurposeOfGrouping version="any" id="tap:PurposeOfGrouping:distance">
									<Name>H DistanceRoute Fare Price Table</Name>
								</PurposeOfGrouping>
								<PurposeOfGrouping version="any" id="tap:PurposeOfGrouping:route">
									<Name>I Route Fare Price Table</Name>
								</PurposeOfGrouping>
								<PurposeOfGrouping version="any" id="tap:PurposeOfGrouping:set">
									<Name>J Set  Fare Price Table</Name>
								</PurposeOfGrouping>
							</values>
						</ValueSet>
						<ValueSet version="any" id="tap:ValueSet:TypeOfConcession" classOfValues="TypeOfConcession">
							<Name>Types of concession</Name>
							<values>
								<!--- ====TypeOfConcession method========= -->
								<TypeOfConcession version="any" id="tap:TypeOfConcession:adult">
									<Name>Adult</Name>
								</TypeOfConcession>
								<TypeOfConcession version="any" id="tap:TypeOfConcession:child">
									<Name>Child</Name>
								</TypeOfConcession>
							</values>
						</ValueSet>
						<ValueSet version="any" id="tap:ValueSet:B.1.1:0" classOfValues="TypeOfTariff">
							<Name>Types of Tariff</Name>
							<values>
								<!--- ====TypeOTariff Tap method========= -->
								<TypeOfTariff version="any" id="tap:TypeOfTariff:B.1.1:01">
									<Name>TCV Full Fare</Name>
								</TypeOfTariff>
								<TypeOfTariff version="any" id="tap:TypeOfTariff:B.1.1:02">
									<Name>Distance based Fare</Name>
								</TypeOfTariff>
								<TypeOfTariff version="any" id="tap:TypeOfTariff:B.1.1:03">
									<Name>MarketFare</Name>
								</TypeOfTariff>
								<TypeOfTariff version="any" id="tap:TypeOfTariff:B.1.1:04">
									<Name>Group Fare</Name>
								</TypeOfTariff>
								<TypeOfTariff version="any" id="tap:TypeOfTariff:B.1.1:05">
									<Name>Surcharges</Name>
								</TypeOfTariff>
								<TypeOfTariff version="any" id="tap:TypeOfTariff:B.1.1:06">
									<Name>Supplements</Name>
								</TypeOfTariff>
							</values>
						</ValueSet>
						<ValueSet version="any" id="tap:ValueSet:TypeOfAccessRightAssignment" classOfValues="TypeOfAccessRightAssignment">
							<Name>Types of  Access right Assignment</Name>
							<values>
								<TypeOfAccessRightAssignment version="any" id="tap:TypeOfAccessRightAssignment:eligible">
									<Name>Eligible for  a product or discount</Name>
								</TypeOfAccessRightAssignment>
								<TypeOfAccessRightAssignment version="any" id="tap:TypeOfAccessRightAssignment:canAccess">
									<Name>Grants access rights  to use or travel on</Name>
								</TypeOfAccessRightAssignment>
								<TypeOfAccessRightAssignment version="any" id="tap:TypeOfAccessRightAssignment:canAccessIfPurchased">
									<Name>Right defines a property that may be Accesssed if pourchased</Name>
								</TypeOfAccessRightAssignment>
								<TypeOfAccessRightAssignment version="any" id="tap:TypeOfAccessRightAssignment:conditionOfUse">
									<Name>Defines a condition or restriction on use</Name>
								</TypeOfAccessRightAssignment>
								<TypeOfAccessRightAssignment version="any" id="tap:TypeOfAccessRightAssignment:conditionOfSale">
									<Name>Defines a condition or restriction on purchase</Name>
								</TypeOfAccessRightAssignment>
								<TypeOfAccessRightAssignment version="any" id="tap:TypeOfAccessRightAssignment:canPurchase">
									<Name>Gives right to purchase</Name>
								</TypeOfAccessRightAssignment>
								<TypeOfAccessRightAssignment version="any" id="tap:TypeOfAccessRightAssignment:canUseToPayFor">
									<Name>Givesability  to purchase automatically using smartcard</Name>
								</TypeOfAccessRightAssignment>
							</values>
						</ValueSet>
					</typesOfValue>
					<!-- ========Operators ========== -->
					<organisations>
						<!--- =====Data owners ========= -->
						<Operator version="any" id="tap:Operator:0003">
							<PublicCode>UIC</PublicCode>
							<Name>International Union of Railways</Name>
							<ShortName>UIC</ShortName>
							<ValidityPeriod>
								<FromDate>2001-01-01T00:00:00Z</FromDate>
								<ToDate>2020-01-01T00:00:00Z</ToDate>
							</ValidityPeriod>
						</Operator>
						<Operator version="any" id="tap:Operator:0106">
							<PublicCode>DB</PublicCode>
							<Name>Deutsche Bahn</Name>
						</Operator>
						<Operator version="any" id="tap:Operator:0010">
							<PublicCode>VR</PublicCode>
							<Name>Finnish State Railways</Name>
							<ShortName>Finnish State Railways</ShortName>
						</Operator>
					</organisations>
				</ResourceFrame>
			</frames>
		</CompositeFrame>
	</dataObjects>
</PublicationDelivery>
