<?xml version="1.0" encoding="UTF-8"?>
<Vehicle xmlns="http://www.netex.org.uk/netex" xmlns:siri="http://www.siri.org.uk/siri" xmlns:core="http://www.govtalk.gov.uk/core" xmlns:ifopt="http://www.ifopt.org.uk/ifopt" xmlns:xsi="http://www.w3.org/2001/XMLSchema-instance" xsi:schemaLocation="http://www.netex.org.uk/netex ../../../../xsd/netex_framework/netex_reusableComponents/netex_vehicleType_version-v1.1.xsd">
	<Name>SL78</Name>
	<RegistrationNumber>unknown</RegistrationNumber>
	<OperationalNumber>X4533</OperationalNumber>
	<OperatorRef ref="or:ruter">Ruter</OperatorRef>
	<VehicleTypeRef ref="vtr:SL78">SL78</VehicleTypeRef>
	<actualVehicleEquipments>
		<AccessVehicleEquipmentRef ref="aver:tramSL78"/>
		<PassengerEquipmentRef xsi:type="WheelchairVehicleRefStructure" ref="per:wheelchair"/>
	</actualVehicleEquipments>
</Vehicle>
