<?xml version="1.0" encoding="UTF-8"?>
<VehicleType xmlns="http://www.netex.org.uk/netex" xmlns:siri="http://www.siri.org.uk/siri" xmlns:ifopt="http://www.ifopt.org.uk/ifopt" xmlns:core="http://www.govtalk.gov.uk/core" xmlns:xsi="http://www.w3.org/2001/XMLSchema-instance" xsi:schemaLocation="http://www.netex.org.uk/netex ../../../../xsd/netex_framework/netex_reusableComponents/netex_vehicleType_version-v1.1.xsd">
	<Name>example</Name>
	<Description>V</Description>
	<SelfPropelled>true</SelfPropelled>
	<TypeOfFuel>diesel</TypeOfFuel>
	<EuroClass>Euro 6</EuroClass>
	<capacities>
		<PassengerCapacity>
			<FareClass>firstClass</FareClass>
			<TotalCapacity>100</TotalCapacity>
			<SeatingCapacity>80</SeatingCapacity>
			<StandingCapacity>20</StandingCapacity>
			<SpecialPlaceCapacity>4</SpecialPlaceCapacity>
			<PushchairCapacity>2</PushchairCapacity>
			<WheelchairPlaceCapacity>2</WheelchairPlaceCapacity>
		</PassengerCapacity>
		<PassengerCapacity>
			<FareClass>standardClass</FareClass>
			<TotalCapacity>300</TotalCapacity>
			<SeatingCapacity>250</SeatingCapacity>
			<StandingCapacity>50</StandingCapacity>
			<SpecialPlaceCapacity>20</SpecialPlaceCapacity>
			<PushchairCapacity>10</PushchairCapacity>
			<WheelchairPlaceCapacity>10</WheelchairPlaceCapacity>
		</PassengerCapacity>
	</capacities>
	<LowFloor>true</LowFloor>
	<HasLiftOrRamp>true</HasLiftOrRamp>
	<HasHoist>false</HasHoist>
	<Length>753543193.128</Length>
</VehicleType>
