<?xml version="1.0" encoding="UTF-8"?>
<CompoundTrain xmlns="http://www.netex.org.uk/netex" xmlns:siri="http://www.siri.org.uk/siri" xmlns:core="http://www.govtalk.gov.uk/core" xmlns:ifopt="http://www.ifopt.org.uk/ifopt" xmlns:xsi="http://www.w3.org/2001/XMLSchema-instance" xsi:schemaLocation="http://www.netex.org.uk/netex ../../../../xsd/netex_framework/netex_reusableComponents/netex_trainElement_version-v1.1.xsd">
	<components>
		<TrainInCompoundTrain>
			<TrainRef ref="tr:trainname"/>
			<Label>Passenger car</Label>
		</TrainInCompoundTrain>
		<TrainInCompoundTrain>
			<TrainRef ref="tr:trainname"/>
			<Label>Restaurant car</Label>
		</TrainInCompoundTrain>
	</components>
</CompoundTrain>
