<?xml version="1.0" encoding="UTF-8"?>
<!--Sample XML file generated by XMLSpy v2011 rel. 2 sp1 (http://www.altova.com)-->
<NationalPublicTransportGazetteer xmlns="http://www.naptan.org.uk/" xmlns:xsi="http://www.w3.org/2001/XMLSchema-instance" SchemaVersion="2.4" CreationDateTime="2001-12-17T09:30:47Z" ChangesSince="2001-12-17T09:30:47Z" DataRightRef="NMTOKEN" DataSource="String" LocationSystem="Grid" RevisionNumber="1" ModificationDateTime="2001-12-17T09:30:47Z" FileName="FielNameS" Modification="revise " xsi:schemaLocation="http://www.naptan.org.uk/ http://www.dft.gov.uk/naptan/schema/2.4b/NPTG.xsd">
	<Regions>
		<Region Modification="new" Status="inactive" DataRightRef="DR01" CreationDateTime="2001-12-17T09:30:47Z" ModificationDateTime="2001-12-17T09:30:47Z" BaselineVersion="1" RevisionNumber="1">
			<RegionCode>NMTOKEN</RegionCode>
			<Name>Region A </Name>
			<Country>England</Country>
			<AdministrativeAreas modification="revise">
				<AdministrativeArea Modification="new" Status="active" DataRightRef="DR01" CreationDateTime="2001-12-17T09:30:47Z" ModificationDateTime="2001-12-17T09:30:47Z" BaselineVersion="1" RevisionNumber="1">
					<AdministrativeAreaCode>101</AdministrativeAreaCode>
					<AtcoAreaCode>001</AtcoAreaCode>
					<Name> Admin area 1Name</Name>
					<ShortName> Admin area short Name</ShortName>
					<NptgDistricts>
						<NptgDistrict Modification="new" Status="pending" DataRightRef="DR01" CreationDateTime="2001-12-17T09:30:47Z" ModificationDateTime="2001-12-17T09:30:47Z" BaselineVersion="1" RevisionNumber="1">
							<NptgDistrictCode>111</NptgDistrictCode>
							<Name>District 111 </Name>
						</NptgDistrict>
					</NptgDistricts>
					<MaximumLengthForShortNames>24</MaximumLengthForShortNames>
					<National>false</National>
					<NaptanPrefixes>
						<AlphaPrefix>1</AlphaPrefix>
					</NaptanPrefixes>
					<CleardownRange>
						<CleardownStart>2</CleardownStart>
						<CleardownEnd>2</CleardownEnd>
					</CleardownRange>
					<ContactEmail>'@'</ContactEmail>
					<ContactTelephone>
						<TelNationalNumber>02071234567</TelNationalNumber>
						<TelExtensionNumber>0</TelExtensionNumber>
						<TelCountryCode>44</TelCountryCode>
					</ContactTelephone>
				</AdministrativeArea>
			</AdministrativeAreas>
		</Region>
	</Regions>
	<NptgLocalities modification="new">
		<NptgLocality Status="active" Modification="delete" DataRightRef="DR01" CreationDateTime="2001-12-17T09:30:47Z" BaselineVersion="1" ModificationDateTime="2001-12-17T09:30:47Z" id="E0000001" RevisionNumber="1">
			<NptgLocalityCode>E0000001</NptgLocalityCode>
			<Descriptor Modification="delete" Status="active" DataRightRef="DR01" CreationDateTime="2001-12-17T09:30:47Z" ModificationDateTime="2001-12-17T09:30:47Z" BaselineVersion="1" id="E0000001-1" RevisionNumber="1">
				<LocalityName>Locality One</LocalityName>
				<ShortName>Locality 1</ShortName>
				<Qualify>
					<QualifierName>Loc 2 </QualifierName>
					<NptgLocalityRef>E0000022</NptgLocalityRef>
				</Qualify>
			</Descriptor>
			<AlternativeDescriptors>
				<Descriptor Status="pending" DataRightRef="NMTOKEN" CreationDateTime="2001-12-17T09:30:47Z" BaselineVersion="1" ModificationDateTime="2001-12-17T09:30:47Z" id="E0000001-01" RevisionNumber="1">
					<LocalityName>Locality 1 ALias </LocalityName>
					<ShortName>Loc 1 Alias  </ShortName>
					<Qualify>
						<QualifierName>Loc 2  </QualifierName>
						<NptgLocalityRef>E0000022</NptgLocalityRef>
					</Qualify>
				</Descriptor>
			</AlternativeDescriptors>
			<ParentNptgLocalityRef Status="pending" CreationDateTime="2001-12-17T09:30:47Z" ModificationDateTime="2001-12-17T09:30:47Z" BaselineVersion="1" RevisionNumber="1">E0000022</ParentNptgLocalityRef>
			<AdministrativeAreaRef>101</AdministrativeAreaRef>
			<NptgDistrictRef>111</NptgDistrictRef>
			<AdjacentLocalities>
				<NptgLocalityRef Status="active" CreationDateTime="2001-12-17T09:30:47Z" ModificationDateTime="2001-12-17T09:30:47Z" BaselineVersion="1" RevisionNumber="1">E0000003</NptgLocalityRef>
			</AdjacentLocalities>
			<SourceLocalityType>Co</SourceLocalityType>
			<LocalityClassification>city</LocalityClassification>
			<Location id="NMTOKEN" Precision="10m">
				<GridType>UKOS</GridType>
				<Easting>999999</Easting>
				<Northing>1999999</Northing>
			</Location>
		</NptgLocality>
		<NptgLocality Status="active" Modification="delete" DataRightRef="DR01" CreationDateTime="2001-12-17T09:30:47Z" BaselineVersion="1" ModificationDateTime="2001-12-17T09:30:47Z" id="E0000001" RevisionNumber="1">
			<NptgLocalityCode>E0000003</NptgLocalityCode>
			<Descriptor Modification="delete" Status="active" DataRightRef="DR01" CreationDateTime="2001-12-17T09:30:47Z" ModificationDateTime="2001-12-17T09:30:47Z" BaselineVersion="1" id="E0000001-1" RevisionNumber="1">
				<LocalityName>Locality One</LocalityName>
				<ShortName>Locality 1</ShortName>
				<Qualify>
					<QualifierName>Loc 2 </QualifierName>
					<NptgLocalityRef>E0000022</NptgLocalityRef>
				</Qualify>
			</Descriptor>
			<ParentNptgLocalityRef Status="pending" CreationDateTime="2001-12-17T09:30:47Z" ModificationDateTime="2001-12-17T09:30:47Z" BaselineVersion="1" RevisionNumber="1">E0000022</ParentNptgLocalityRef>
			<AdministrativeAreaRef>101</AdministrativeAreaRef>
			<NptgDistrictRef>111</NptgDistrictRef>
			<AdjacentLocalities>
				<NptgLocalityRef Status="active" CreationDateTime="2001-12-17T09:30:47Z" ModificationDateTime="2001-12-17T09:30:47Z" BaselineVersion="1" RevisionNumber="1">E0000001</NptgLocalityRef>
			</AdjacentLocalities>
			<SourceLocalityType> Pa</SourceLocalityType>
			<LocalityClassification> village</LocalityClassification>
			<Location id="NMTOKEN" Precision="10m">
				<GridType>UKOS</GridType>
				<Easting>999999</Easting>
				<Northing>1999999</Northing>
			</Location>
		</NptgLocality>
		<NptgLocality Status="active" Modification="delete" DataRightRef="DR01" CreationDateTime="2001-12-17T09:30:47Z" BaselineVersion="1" ModificationDateTime="2001-12-17T09:30:47Z" id="E0000022" RevisionNumber="1">
			<NptgLocalityCode>E0000022</NptgLocalityCode>
			<Descriptor Modification="new" Status="active" DataRightRef="DR01" CreationDateTime="2001-12-17T09:30:47Z" ModificationDateTime="2001-12-17T09:30:47Z" BaselineVersion="1" id="NMTOKEN" RevisionNumber="1">
				<LocalityName>Locality Two</LocalityName>
				<ShortName>Loc 2  </ShortName>
			</Descriptor>
			<AdministrativeAreaRef>101</AdministrativeAreaRef>
			<NptgDistrictRef>111</NptgDistrictRef>
			<SourceLocalityType> Lo</SourceLocalityType>
			<LocalityClassification> town</LocalityClassification>
			<Location id="NMTOKEN" Precision="10m">
				<GridType>UKOS</GridType>
				<Easting>999999</Easting>
				<Northing>1999999</Northing>
			</Location>
			<Extensions/>
		</NptgLocality>
	</NptgLocalities>
	<PlusbusZones>
		<PlusbusZone Status="active" DataRightRef="DR01" CreationDateTime="2001-12-17T09:30:47Z" ModificationDateTime="2001-12-17T09:30:47Z" BaselineVersion="1" id="z0001" RevisionNumber="1">
			<PlusbusZoneCode>z0001</PlusbusZoneCode>
			<Name>Tariff zone A </Name>
			<Country>UK</Country>
			<Mapping>
				<Location id="L1" Precision="1km">
					<GridType>UKOS</GridType>
					<Easting>999999</Easting>
					<Northing>1999999</Northing>
				</Location>
				<Location id="L2" Precision="1m">
					<GridType>UKOS</GridType>
					<Easting>999999</Easting>
					<Northing>1999999</Northing>
				</Location>
				<Location id="L3" Precision="1m">
					<GridType>UKOS</GridType>
					<Easting>999999</Easting>
					<Northing>1999999</Northing>
				</Location>
			</Mapping>
		</PlusbusZone>
	</PlusbusZones>
</NationalPublicTransportGazetteer>
